run,seed,t,policy,selected,true_acc,true_lat_ms,true_rel,true_utility,sigma_q_selected,sigma_a_selected,sigma_q_A,sigma_q_B,sigma_a_A,sigma_a_B,failover_event
19,936767243,0,baseline,prov_a,0.93,30.0,0.96,0.8945,0.18,0.12,0.18,0.02,0.12,0.02,0
19,936767243,0,qos_aware,prov_a,0.93,30.0,0.96,0.8945,0.18,0.12,0.18,0.02,0.12,0.02,0
19,936767243,0,uncertainty_aware,prov_b,0.74,8.0,0.86,0.818,0.02,0.02,0.18,0.02,0.12,0.02,1
19,936767243,1,baseline,prov_a,0.93,30.0,0.96,0.8945,0.18,0.12,0.18,0.02,0.12,0.02,0
19,936767243,1,qos_aware,prov_a,0.93,30.0,0.96,0.8945,0.18,0.12,0.18,0.02,0.12,0.02,0
19,936767243,1,uncertainty_aware,prov_b,0.74,8.0,0.86,0.818,0.02,0.02,0.18,0.02,0.12,0.02,0
19,936767243,2,baseline,prov_a,0.93,30.0,0.96,0.8945,0.18,0.12,0.18,0.02,0.12,0.02,0
19,936767243,2,qos_aware,prov_a,0.93,30.0,0.96,0.8945,0.18,0.12,0.18,0.02,0.12,0.02,0
19,936767243,2,uncertainty_aware,prov_b,0.74,8.0,0.86,0.818,0.02,0.02,0.18,0.02,0.12,0.02,0
19,936767243,3,baseline,prov_a,0.93,30.0,0.96,0.8945,0.18,0.12,0.18,0.02,0.12,0.02,0
19,936767243,3,qos_aware,prov_b,0.74,8.0,0.86,0.818,0.02,0.02,0.18,0.02,0.12,0.02,1
19,936767243,3,uncertainty_aware,prov_b,0.74,8.0,0.86,0.818,0.02,0.02,0.18,0.02,0.12,0.02,0
19,936767243,4,baseline,prov_a,0.93,30.0,0.96,0.8945,0.18,0.12,0.18,0.02,0.12,0.02,0
19,936767243,4,qos_aware,prov_a,0.93,30.0,0.96,0.8945,0.18,0.12,0.18,0.02,0.12,0.02,1
19,936767243,4,uncertainty_aware,prov_b,0.74,8.0,0.86,0.818,0.02,0.02,0.18,0.02,0.12,0.02,0
19,936767243,5,baseline,prov_a,0.93,30.0,0.96,0.8945,0.18,0.12,0.18,0.02,0.12,0.02,0
19,936767243,5,qos_aware,prov_a,0.93,30.0,0.96,0.8945,0.18,0.12,0.18,0.02,0.12,0.02,0
19,936767243,5,uncertainty_aware,prov_b,0.74,8.0,0.86,0.818,0.02,0.02,0.18,0.02,0.12,0.02,0
19,936767243,6,baseline,prov_a,0.93,30.0,0.96,0.8945,0.18,0.12,0.18,0.02,0.12,0.02,0
19,936767243,6,qos_aware,prov_a,0.93,30.0,0.96,0.8945,0.18,0.12,0.18,0.02,0.12,0.02,0
19,936767243,6,uncertainty_aware,prov_b,0.74,8.0,0.86,0.818,0.02,0.02,0.18,0.02,0.12,0.02,0
19,936767243,7,baseline,prov_a,0.93,30.0,0.96,0.8945,0.18,0.12,0.18,0.02,0.12,0.02,0
19,936767243,7,qos_aware,prov_a,0.93,30.0,0.96,0.8945,0.18,0.12,0.18,0.02,0.12,0.02,0
19,936767243,7,uncertainty_aware,prov_b,0.74,8.0,0.86,0.818,0.02,0.02,0.18,0.02,0.12,0.02,0
19,936767243,8,baseline,prov_a,0.93,30.0,0.96,0.8945,0.18,0.12,0.18,0.02,0.12,0.02,0
19,936767243,8,qos_aware,prov_a,0.93,30.0,0.96,0.8945,0.18,0.12,0.18,0.02,0.12,0.02,0
19,936767243,8,uncertainty_aware,prov_b,0.74,8.0,0.86,0.818,0.02,0.02,0.18,0.02,0.12,0.02,0
19,936767243,9,baseline,prov_a,0.93,30.0,0.96,0.8945,0.18,0.12,0.18,0.02,0.12,0.02,0
19,936767243,9,qos_aware,prov_a,0.93,30.0,0.96,0.8945,0.18,0.12,0.18,0.02,0.12,0.02,0
19,936767243,9,uncertainty_aware,prov_b,0.74,8.0,0.86,0.818,0.02,0.02,0.18,0.02,0.12,0.02,0
19,936767243,10,baseline,prov_a,0.93,30.0,0.96,0.8945,0.18,0.12,0.18,0.02,0.12,0.02,0
19,936767243,10,qos_aware,prov_a,0.93,30.0,0.96,0.8945,0.18,0.12,0.18,0.02,0.12,0.02,0
19,936767243,10,uncertainty_aware,prov_b,0.74,8.0,0.86,0.818,0.02,0.02,0.18,0.02,0.12,0.02,0
19,936767243,11,baseline,prov_a,0.93,30.0,0.96,0.8945,0.18,0.12,0.18,0.02,0.12,0.02,0
19,936767243,11,qos_aware,prov_a,0.93,30.0,0.96,0.8945,0.18,0.12,0.18,0.02,0.12,0.02,0
19,936767243,11,uncertainty_aware,prov_b,0.74,8.0,0.86,0.818,0.02,0.02,0.18,0.02,0.12,0.02,0
19,936767243,12,baseline,prov_a,0.93,30.0,0.96,0.8945,0.18,0.12,0.18,0.02,0.12,0.02,0
19,936767243,12,qos_aware,prov_a,0.93,30.0,0.96,0.8945,0.18,0.12,0.18,0.02,0.12,0.02,0
19,936767243,12,uncertainty_aware,prov_b,0.74,8.0,0.86,0.818,0.02,0.02,0.18,0.02,0.12,0.02,0
19,936767243,13,baseline,prov_a,0.93,30.0,0.96,0.8945,0.18,0.12,0.18,0.02,0.12,0.02,0
19,936767243,13,qos_aware,prov_a,0.93,30.0,0.96,0.8945,0.18,0.12,0.18,0.02,0.12,0.02,0
19,936767243,13,uncertainty_aware,prov_b,0.74,8.0,0.86,0.818,0.02,0.02,0.18,0.02,0.12,0.02,0
19,936767243,14,baseline,prov_a,0.93,30.0,0.96,0.8945,0.18,0.12,0.18,0.02,0.12,0.02,0
19,936767243,14,qos_aware,prov_a,0.93,30.0,0.96,0.8945,0.18,0.12,0.18,0.02,0.12,0.02,0
19,936767243,14,uncertainty_aware,prov_b,0.74,8.0,0.86,0.818,0.02,0.02,0.18,0.02,0.12,0.02,0
19,936767243,15,baseline,prov_a,0.93,30.0,0.96,0.8945,0.18,0.12,0.18,0.02,0.12,0.02,0
19,936767243,15,qos_aware,prov_a,0.93,30.0,0.96,0.8945,0.18,0.12,0.18,0.02,0.12,0.02,0
19,936767243,15,uncertainty_aware,prov_b,0.74,8.0,0.86,0.818,0.02,0.02,0.18,0.02,0.12,0.02,0
19,936767243,16,baseline,prov_a,0.93,30.0,0.96,0.8945,0.18,0.12,0.18,0.02,0.12,0.02,0
19,936767243,16,qos_aware,prov_b,0.74,8.0,0.86,0.818,0.02,0.02,0.18,0.02,0.12,0.02,1
19,936767243,16,uncertainty_aware,prov_b,0.74,8.0,0.86,0.818,0.02,0.02,0.18,0.02,0.12,0.02,0
19,936767243,17,baseline,prov_a,0.93,30.0,0.96,0.8945,0.18,0.12,0.18,0.020335,0.12,0.020223,0
19,936767243,17,qos_aware,prov_a,0.93,30.0,0.96,0.8945,0.18,0.12,0.18,0.020335,0.12,0.020223,1
19,936767243,17,uncertainty_aware,prov_b,0.735687,8.069,0.85655,0.814714,0.020335,0.020223,0.18,0.020335,0.12,0.020223,0
19,936767243,18,baseline,prov_a,0.93,30.0,0.96,0.8945,0.18,0.12,0.18,0.025911,0.12,0.023941,0
19,936767243,18,qos_aware,prov_a,0.93,30.0,0.96,0.8945,0.18,0.12,0.18,0.025911,0.12,0.023941,0
19,936767243,18,uncertainty_aware,prov_b,0.663931,9.2171,0.799145,0.760035,0.025911,0.023941,0.18,0.025911,0.12,0.023941,0
19,936767243,19,baseline,prov_a,0.93,30.0,0.96,0.8945,0.18,0.12,0.18,0.031487,0.12,0.027658,0
19,936767243,19,qos_aware,prov_a,0.93,30.0,0.96,0.8945,0.18,0.12,0.18,0.031487,0.12,0.027658,0
19,936767243,19,uncertainty_aware,prov_b,0.592175,10.3652,0.74174,0.705357,0.031487,0.027658,0.18,0.031487,0.12,0.027658,0
19,936767243,20,baseline,prov_a,0.93,30.0,0.96,0.8945,0.18,0.12,0.18,0.037062,0.12,0.031375,0
19,936767243,20,qos_aware,prov_a,0.93,30.0,0.96,0.8945,0.18,0.12,0.18,0.037062,0.12,0.031375,0
19,936767243,20,uncertainty_aware,prov_b,0.520419,11.5133,0.684335,0.650679,0.037062,0.031375,0.18,0.037062,0.12,0.031375,0
19,936767243,21,baseline,prov_a,0.93,30.0,0.96,0.8945,0.18,0.12,0.18,0.042638,0.12,0.035092,0
19,936767243,21,qos_aware,prov_a,0.93,30.0,0.96,0.8945,0.18,0.12,0.18,0.042638,0.12,0.035092,0
19,936767243,21,uncertainty_aware,prov_a,0.93,30.0,0.96,0.8945,0.18,0.12,0.18,0.042638,0.12,0.035092,1
19,936767243,22,baseline,prov_a,0.93,30.0,0.96,0.8945,0.18,0.12,0.18,0.048214,0.12,0.038809,0
19,936767243,22,qos_aware,prov_a,0.93,30.0,0.96,0.8945,0.18,0.12,0.18,0.048214,0.12,0.038809,0
19,936767243,22,uncertainty_aware,prov_a,0.93,30.0,0.96,0.8945,0.18,0.12,0.18,0.048214,0.12,0.038809,0
19,936767243,23,baseline,prov_a,0.93,30.0,0.96,0.8945,0.18,0.12,0.18,0.05379,0.12,0.042527,0
19,936767243,23,qos_aware,prov_a,0.93,30.0,0.96,0.8945,0.18,0.12,0.18,0.05379,0.12,0.042527,0
19,936767243,23,uncertainty_aware,prov_a,0.93,30.0,0.96,0.8945,0.18,0.12,0.18,0.05379,0.12,0.042527,0
19,936767243,24,baseline,prov_a,0.93,30.0,0.96,0.8945,0.18,0.12,0.18,0.059366,0.12,0.046244,0
19,936767243,24,qos_aware,prov_a,0.93,30.0,0.96,0.8945,0.18,0.12,0.18,0.059366,0.12,0.046244,0
19,936767243,24,uncertainty_aware,prov_a,0.93,30.0,0.96,0.8945,0.18,0.12,0.18,0.059366,0.12,0.046244,0
19,936767243,25,baseline,prov_a,0.93,30.0,0.96,0.8945,0.18,0.12,0.18,0.064941,0.12,0.049961,0
19,936767243,25,qos_aware,prov_a,0.93,30.0,0.96,0.8945,0.18,0.12,0.18,0.064941,0.12,0.049961,0
19,936767243,25,uncertainty_aware,prov_a,0.93,30.0,0.96,0.8945,0.18,0.12,0.18,0.064941,0.12,0.049961,0
19,936767243,26,baseline,prov_a,0.93,30.0,0.96,0.8945,0.18,0.12,0.18,0.070517,0.12,0.053678,0
19,936767243,26,qos_aware,prov_a,0.93,30.0,0.96,0.8945,0.18,0.12,0.18,0.070517,0.12,0.053678,0
19,936767243,26,uncertainty_aware,prov_a,0.93,30.0,0.96,0.8945,0.18,0.12,0.18,0.070517,0.12,0.053678,0
19,936767243,27,baseline,prov_a,0.93,30.0,0.96,0.8945,0.18,0.12,0.18,0.076093,0.12,0.057395,0
19,936767243,27,qos_aware,prov_a,0.93,30.0,0.96,0.8945,0.18,0.12,0.18,0.076093,0.12,0.057395,0
19,936767243,27,uncertainty_aware,prov_a,0.93,30.0,0.96,0.8945,0.18,0.12,0.18,0.076093,0.12,0.057395,0
19,936767243,28,baseline,prov_a,0.93,30.0,0.96,0.8945,0.18,0.12,0.18,0.08,0.12,0.06,0
19,936767243,28,qos_aware,prov_a,0.93,30.0,0.96,0.8945,0.18,0.12,0.18,0.08,0.12,0.06,0
19,936767243,28,uncertainty_aware,prov_a,0.93,30.0,0.96,0.8945,0.18,0.12,0.18,0.08,0.12,0.06,0
19,936767243,29,baseline,prov_a,0.93,30.0,0.96,0.8945,0.18,0.12,0.18,0.08,0.12,0.06,0
19,936767243,29,qos_aware,prov_a,0.93,30.0,0.96,0.8945,0.18,0.12,0.18,0.08,0.12,0.06,0
19,936767243,29,uncertainty_aware,prov_a,0.93,30.0,0.96,0.8945,0.18,0.12,0.18,0.08,0.12,0.06,0
19,936767243,30,baseline,prov_a,0.93,30.0,0.96,0.8945,0.18,0.12,0.18,0.08,0.12,0.06,0
19,936767243,30,qos_aware,prov_a,0.93,30.0,0.96,0.8945,0.18,0.12,0.18,0.08,0.12,0.06,0
19,936767243,30,uncertainty_aware,prov_a,0.93,30.0,0.96,0.8945,0.18,0.12,0.18,0.08,0.12,0.06,0
19,936767243,31,baseline,prov_a,0.93,30.0,0.96,0.8945,0.18,0.12,0.18,0.08,0.12,0.06,0
19,936767243,31,qos_aware,prov_a,0.93,30.0,0.96,0.8945,0.18,0.12,0.18,0.08,0.12,0.06,0
19,936767243,31,uncertainty_aware,prov_a,0.93,30.0,0.96,0.8945,0.18,0.12,0.18,0.08,0.12,0.06,0
19,936767243,32,baseline,prov_a,0.93,30.0,0.96,0.8945,0.18,0.12,0.18,0.08,0.12,0.06,0
19,936767243,32,qos_aware,prov_a,0.93,30.0,0.96,0.8945,0.18,0.12,0.18,0.08,0.12,0.06,0
19,936767243,32,uncertainty_aware,prov_a,0.93,30.0,0.96,0.8945,0.18,0.12,0.18,0.08,0.12,0.06,0
19,936767243,33,baseline,prov_a,0.93,30.0,0.96,0.8945,0.18,0.12,0.18,0.08,0.12,0.06,0
19,936767243,33,qos_aware,prov_a,0.93,30.0,0.96,0.8945,0.18,0.12,0.18,0.08,0.12,0.06,0
19,936767243,33,uncertainty_aware,prov_a,0.93,30.0,0.96,0.8945,0.18,0.12,0.18,0.08,0.12,0.06,0
19,936767243,34,baseline,prov_a,0.93,30.0,0.96,0.8945,0.18,0.12,0.18,0.08,0.12,0.06,0
19,936767243,34,qos_aware,prov_a,0.93,30.0,0.96,0.8945,0.18,0.12,0.18,0.08,0.12,0.06,0
19,936767243,34,uncertainty_aware,prov_a,0.93,30.0,0.96,0.8945,0.18,0.12,0.18,0.08,0.12,0.06,0
19,936767243,35,baseline,prov_a,0.93,30.0,0.96,0.8945,0.18,0.12,0.18,0.08,0.12,0.06,0
19,936767243,35,qos_aware,prov_a,0.93,30.0,0.96,0.8945,0.18,0.12,0.18,0.08,0.12,0.06,0
19,936767243,35,uncertainty_aware,prov_a,0.93,30.0,0.96,0.8945,0.18,0.12,0.18,0.08,0.12,0.06,0
19,936767243,36,baseline,prov_a,0.93,30.0,0.96,0.8945,0.18,0.12,0.18,0.08,0.12,0.06,0
19,936767243,36,qos_aware,prov_a,0.93,30.0,0.96,0.8945,0.18,0.12,0.18,0.08,0.12,0.06,0
19,936767243,36,uncertainty_aware,prov_a,0.93,30.0,0.96,0.8945,0.18,0.12,0.18,0.08,0.12,0.06,0
19,936767243,37,baseline,prov_a,0.93,30.0,0.96,0.8945,0.18,0.12,0.18,0.08,0.12,0.06,0
19,936767243,37,qos_aware,prov_a,0.93,30.0,0.96,0.8945,0.18,0.12,0.18,0.08,0.12,0.06,0
19,936767243,37,uncertainty_aware,prov_a,0.93,30.0,0.96,0.8945,0.18,0.12,0.18,0.08,0.12,0.06,0
19,936767243,38,baseline,prov_a,0.93,30.0,0.96,0.8945,0.18,0.12,0.18,0.078059,0.12,0.058706,0
19,936767243,38,qos_aware,prov_a,0.93,30.0,0.96,0.8945,0.18,0.12,0.18,0.078059,0.12,0.058706,0
19,936767243,38,uncertainty_aware,prov_a,0.93,30.0,0.96,0.8945,0.18,0.12,0.18,0.078059,0.12,0.058706,0
19,936767243,39,baseline,prov_a,0.93,30.0,0.96,0.8945,0.18,0.12,0.18,0.072059,0.12,0.054706,0
19,936767243,39,qos_aware,prov_a,0.93,30.0,0.96,0.8945,0.18,0.12,0.18,0.072059,0.12,0.054706,0
19,936767243,39,uncertainty_aware,prov_a,0.93,30.0,0.96,0.8945,0.18,0.12,0.18,0.072059,0.12,0.054706,0
19,936767243,40,baseline,prov_a,0.93,30.0,0.96,0.8945,0.18,0.12,0.18,0.066059,0.12,0.050706,0
19,936767243,40,qos_aware,prov_a,0.93,30.0,0.96,0.8945,0.18,0.12,0.18,0.066059,0.12,0.050706,0
19,936767243,40,uncertainty_aware,prov_a,0.93,30.0,0.96,0.8945,0.18,0.12,0.18,0.066059,0.12,0.050706,0
19,936767243,41,baseline,prov_a,0.93,30.0,0.96,0.8945,0.18,0.12,0.18,0.060059,0.12,0.046706,0
19,936767243,41,qos_aware,prov_a,0.93,30.0,0.96,0.8945,0.18,0.12,0.18,0.060059,0.12,0.046706,0
19,936767243,41,uncertainty_aware,prov_a,0.93,30.0,0.96,0.8945,0.18,0.12,0.18,0.060059,0.12,0.046706,0
19,936767243,42,baseline,prov_a,0.93,30.0,0.96,0.8945,0.18,0.12,0.18,0.054059,0.12,0.042706,0
19,936767243,42,qos_aware,prov_a,0.93,30.0,0.96,0.8945,0.18,0.12,0.18,0.054059,0.12,0.042706,0
19,936767243,42,uncertainty_aware,prov_a,0.93,30.0,0.96,0.8945,0.18,0.12,0.18,0.054059,0.12,0.042706,0
19,936767243,43,baseline,prov_a,0.93,30.0,0.96,0.8945,0.18,0.12,0.18,0.048059,0.12,0.038706,0
19,936767243,43,qos_aware,prov_a,0.93,30.0,0.96,0.8945,0.18,0.12,0.18,0.048059,0.12,0.038706,0
19,936767243,43,uncertainty_aware,prov_a,0.93,30.0,0.96,0.8945,0.18,0.12,0.18,0.048059,0.12,0.038706,0
19,936767243,44,baseline,prov_a,0.93,30.0,0.96,0.8945,0.18,0.12,0.18,0.042059,0.12,0.034706,0
19,936767243,44,qos_aware,prov_a,0.93,30.0,0.96,0.8945,0.18,0.12,0.18,0.042059,0.12,0.034706,0
19,936767243,44,uncertainty_aware,prov_a,0.93,30.0,0.96,0.8945,0.18,0.12,0.18,0.042059,0.12,0.034706,0
19,936767243,45,baseline,prov_a,0.93,30.0,0.96,0.8945,0.18,0.12,0.18,0.036059,0.12,0.030706,0
19,936767243,45,qos_aware,prov_a,0.93,30.0,0.96,0.8945,0.18,0.12,0.18,0.036059,0.12,0.030706,0
19,936767243,45,uncertainty_aware,prov_a,0.93,30.0,0.96,0.8945,0.18,0.12,0.18,0.036059,0.12,0.030706,0
19,936767243,46,baseline,prov_a,0.93,30.0,0.96,0.8945,0.18,0.12,0.18,0.030059,0.12,0.026706,0
19,936767243,46,qos_aware,prov_a,0.93,30.0,0.96,0.8945,0.18,0.12,0.18,0.030059,0.12,0.026706,0
19,936767243,46,uncertainty_aware,prov_a,0.93,30.0,0.96,0.8945,0.18,0.12,0.18,0.030059,0.12,0.026706,0
19,936767243,47,baseline,prov_a,0.93,30.0,0.96,0.8945,0.18,0.12,0.18,0.024059,0.12,0.022706,0
19,936767243,47,qos_aware,prov_a,0.93,30.0,0.96,0.8945,0.18,0.12,0.18,0.024059,0.12,0.022706,0
19,936767243,47,uncertainty_aware,prov_b,0.689945,9.6234,0.801828,0.771868,0.024059,0.022706,0.18,0.024059,0.12,0.022706,1
19,936767243,48,baseline,prov_a,0.93,30.0,0.96,0.8945,0.18,0.12,0.18,0.02,0.12,0.02,0
19,936767243,48,qos_aware,prov_a,0.93,30.0,0.96,0.8945,0.18,0.12,0.18,0.02,0.12,0.02,0
19,936767243,48,uncertainty_aware,prov_b,0.74,8.0,0.86,0.818,0.02,0.02,0.18,0.02,0.12,0.02,0
19,936767243,49,baseline,prov_a,0.93,30.0,0.96,0.8945,0.18,0.12,0.18,0.02,0.12,0.02,0
19,936767243,49,qos_aware,prov_a,0.93,30.0,0.96,0.8945,0.18,0.12,0.18,0.02,0.12,0.02,0
19,936767243,49,uncertainty_aware,prov_b,0.74,8.0,0.86,0.818,0.02,0.02,0.18,0.02,0.12,0.02,0
19,936767243,50,baseline,prov_a,0.93,30.0,0.96,0.8945,0.18,0.12,0.18,0.02,0.12,0.02,0
19,936767243,50,qos_aware,prov_a,0.93,30.0,0.96,0.8945,0.18,0.12,0.18,0.02,0.12,0.02,0
19,936767243,50,uncertainty_aware,prov_b,0.74,8.0,0.86,0.818,0.02,0.02,0.18,0.02,0.12,0.02,0
19,936767243,51,baseline,prov_a,0.93,30.0,0.96,0.8945,0.18,0.12,0.18,0.02,0.12,0.02,0
19,936767243,51,qos_aware,prov_a,0.93,30.0,0.96,0.8945,0.18,0.12,0.18,0.02,0.12,0.02,0
19,936767243,51,uncertainty_aware,prov_b,0.74,8.0,0.86,0.818,0.02,0.02,0.18,0.02,0.12,0.02,0
19,936767243,52,baseline,prov_a,0.93,30.0,0.96,0.8945,0.18,0.12,0.18,0.02,0.12,0.02,0
19,936767243,52,qos_aware,prov_a,0.93,30.0,0.96,0.8945,0.18,0.12,0.18,0.02,0.12,0.02,0
19,936767243,52,uncertainty_aware,prov_b,0.74,8.0,0.86,0.818,0.02,0.02,0.18,0.02,0.12,0.02,0
19,936767243,53,baseline,prov_a,0.93,30.0,0.96,0.8945,0.18,0.12,0.18,0.02,0.12,0.02,0
19,936767243,53,qos_aware,prov_a,0.93,30.0,0.96,0.8945,0.18,0.12,0.18,0.02,0.12,0.02,0
19,936767243,53,uncertainty_aware,prov_b,0.74,8.0,0.86,0.818,0.02,0.02,0.18,0.02,0.12,0.02,0
19,936767243,54,baseline,prov_a,0.93,30.0,0.96,0.8945,0.18,0.12,0.18,0.02,0.12,0.02,0
19,936767243,54,qos_aware,prov_a,0.93,30.0,0.96,0.8945,0.18,0.12,0.18,0.02,0.12,0.02,0
19,936767243,54,uncertainty_aware,prov_b,0.74,8.0,0.86,0.818,0.02,0.02,0.18,0.02,0.12,0.02,0
19,936767243,55,baseline,prov_a,0.93,30.0,0.96,0.8945,0.18,0.12,0.18,0.02,0.12,0.02,0
19,936767243,55,qos_aware,prov_a,0.93,30.0,0.96,0.8945,0.18,0.12,0.18,0.02,0.12,0.02,0
19,936767243,55,uncertainty_aware,prov_b,0.74,8.0,0.86,0.818,0.02,0.02,0.18,0.02,0.12,0.02,0
19,936767243,56,baseline,prov_a,0.93,30.0,0.96,0.8945,0.18,0.12,0.18,0.02,0.12,0.02,0
19,936767243,56,qos_aware,prov_a,0.93,30.0,0.96,0.8945,0.18,0.12,0.18,0.02,0.12,0.02,0
19,936767243,56,uncertainty_aware,prov_b,0.74,8.0,0.86,0.818,0.02,0.02,0.18,0.02,0.12,0.02,0
19,936767243,57,baseline,prov_a,0.93,30.0,0.96,0.8945,0.18,0.12,0.18,0.02,0.12,0.02,0
19,936767243,57,qos_aware,prov_a,0.93,30.0,0.96,0.8945,0.18,0.12,0.18,0.02,0.12,0.02,0
19,936767243,57,uncertainty_aware,prov_b,0.74,8.0,0.86,0.818,0.02,0.02,0.18,0.02,0.12,0.02,0
19,936767243,58,baseline,prov_a,0.93,30.0,0.96,0.8945,0.18,0.12,0.18,0.02,0.12,0.02,0
19,936767243,58,qos_aware,prov_a,0.93,30.0,0.96,0.8945,0.18,0.12,0.18,0.02,0.12,0.02,0
19,936767243,58,uncertainty_aware,prov_b,0.74,8.0,0.86,0.818,0.02,0.02,0.18,0.02,0.12,0.02,0
19,936767243,59,baseline,prov_a,0.93,30.0,0.96,0.8945,0.18,0.12,0.18,0.02,0.12,0.02,0
19,936767243,59,qos_aware,prov_a,0.93,30.0,0.96,0.8945,0.18,0.12,0.18,0.02,0.12,0.02,0
19,936767243,59,uncertainty_aware,prov_b,0.74,8.0,0.86,0.818,0.02,0.02,0.18,0.02,0.12,0.02,0
19,936767243,60,baseline,prov_a,0.93,30.0,0.96,0.8945,0.18,0.12,0.18,0.02,0.12,0.02,0
19,936767243,60,qos_aware,prov_a,0.93,30.0,0.96,0.8945,0.18,0.12,0.18,0.02,0.12,0.02,0
19,936767243,60,uncertainty_aware,prov_b,0.74,8.0,0.86,0.818,0.02,0.02,0.18,0.02,0.12,0.02,0
19,936767243,61,baseline,prov_a,0.93,30.0,0.96,0.8945,0.18,0.12,0.18,0.02,0.12,0.02,0
19,936767243,61,qos_aware,prov_a,0.93,30.0,0.96,0.8945,0.18,0.12,0.18,0.02,0.12,0.02,0
19,936767243,61,uncertainty_aware,prov_b,0.74,8.0,0.86,0.818,0.02,0.02,0.18,0.02,0.12,0.02,0
19,936767243,62,baseline,prov_a,0.93,30.0,0.96,0.8945,0.18,0.12,0.18,0.02,0.12,0.02,0
19,936767243,62,qos_aware,prov_b,0.74,8.0,0.86,0.818,0.02,0.02,0.18,0.02,0.12,0.02,1
19,936767243,62,uncertainty_aware,prov_b,0.74,8.0,0.86,0.818,0.02,0.02,0.18,0.02,0.12,0.02,0
19,936767243,63,baseline,prov_a,0.89971,31.8174,0.935768,0.868754,0.197077,0.12759,0.197077,0.02,0.12759,0.02,0
19,936767243,63,qos_aware,prov_b,0.74,8.0,0.86,0.818,0.02,0.02,0.197077,0.02,0.12759,0.02,0
19,936767243,63,uncertainty_aware,prov_b,0.74,8.0,0.86,0.818,0.02,0.02,0.197077,0.02,0.12759,0.02,0
19,936767243,64,baseline,prov_a,0.808504,37.2898,0.862803,0.791228,0.248497,0.150443,0.248497,0.02,0.150443,0.02,0
19,936767243,64,qos_aware,prov_b,0.74,8.0,0.86,0.818,0.02,0.02,0.248497,0.02,0.150443,0.02,0
19,936767243,64,uncertainty_aware,prov_b,0.74,8.0,0.86,0.818,0.02,0.02,0.248497,0.02,0.150443,0.02,0
19,936767243,65,baseline,prov_a,0.717297,42.7622,0.789838,0.713702,0.299918,0.173297,0.299918,0.02,0.173297,0.02,0
19,936767243,65,qos_aware,prov_b,0.74,8.0,0.86,0.818,0.02,0.02,0.299918,0.02,0.173297,0.02,0
19,936767243,65,uncertainty_aware,prov_b,0.74,8.0,0.86,0.818,0.02,0.02,0.299918,0.02,0.173297,0.02,0
19,936767243,66,baseline,prov_a,0.62609,48.2346,0.716872,0.636177,0.351339,0.196151,0.351339,0.02,0.196151,0.02,0
19,936767243,66,qos_aware,prov_b,0.74,8.0,0.86,0.818,0.02,0.02,0.351339,0.02,0.196151,0.02,0
19,936767243,66,uncertainty_aware,prov_b,0.74,8.0,0.86,0.818,0.02,0.02,0.351339,0.02,0.196151,0.02,0
19,936767243,67,baseline,prov_a,0.534883,53.707,0.643907,0.558651,0.40276,0.219004,0.40276,0.02,0.219004,0.02,0
19,936767243,67,qos_aware,prov_b,0.74,8.0,0.86,0.818,0.02,0.02,0.40276,0.02,0.219004,0.02,0
19,936767243,67,uncertainty_aware,prov_b,0.74,8.0,0.86,0.818,0.02,0.02,0.40276,0.02,0.219004,0.02,0
19,936767243,68,baseline,prov_a,0.443677,59.1794,0.570941,0.481125,0.45418,0.241858,0.45418,0.02,0.241858,0.02,0
19,936767243,68,qos_aware,prov_b,0.74,8.0,0.86,0.818,0.02,0.02,0.45418,0.02,0.241858,0.02,0
19,936767243,68,uncertainty_aware,prov_b,0.74,8.0,0.86,0.818,0.02,0.02,0.45418,0.02,0.241858,0.02,0
19,936767243,69,baseline,prov_a,0.35247,64.6518,0.497976,0.403599,0.505601,0.264712,0.505601,0.02,0.264712,0.02,0
19,936767243,69,qos_aware,prov_b,0.74,8.0,0.86,0.818,0.02,0.02,0.505601,0.02,0.264712,0.02,0
19,936767243,69,uncertainty_aware,prov_b,0.74,8.0,0.86,0.818,0.02,0.02,0.505601,0.02,0.264712,0.02,0
19,936767243,70,baseline,prov_a,0.261263,70.1242,0.42501,0.326074,0.557022,0.287565,0.557022,0.02,0.287565,0.02,0
19,936767243,70,qos_aware,prov_b,0.74,8.0,0.86,0.818,0.02,0.02,0.557022,0.02,0.287565,0.02,0
19,936767243,70,uncertainty_aware,prov_b,0.74,8.0,0.86,0.818,0.02,0.02,0.557022,0.02,0.287565,0.02,0
19,936767243,71,baseline,prov_a,0.170056,75.5966,0.352045,0.248548,0.608443,0.310419,0.608443,0.02,0.310419,0.02,0
19,936767243,71,qos_aware,prov_b,0.74,8.0,0.86,0.818,0.02,0.02,0.608443,0.02,0.310419,0.02,0
19,936767243,71,uncertainty_aware,prov_b,0.74,8.0,0.86,0.818,0.02,0.02,0.608443,0.02,0.310419,0.02,0
19,936767243,72,baseline,prov_a,0.07885,81.069,0.27908,0.171022,0.659863,0.333273,0.659863,0.02,0.333273,0.02,0
19,936767243,72,qos_aware,prov_b,0.74,8.0,0.86,0.818,0.02,0.02,0.659863,0.02,0.333273,0.02,0
19,936767243,72,uncertainty_aware,prov_b,0.74,8.0,0.86,0.818,0.02,0.02,0.659863,0.02,0.333273,0.02,0
19,936767243,73,baseline,prov_a,0.0,86.5414,0.206114,0.099057,0.711284,0.356126,0.711284,0.02,0.356126,0.02,0
19,936767243,73,qos_aware,prov_b,0.74,8.0,0.86,0.818,0.02,0.02,0.711284,0.02,0.356126,0.02,0
19,936767243,73,uncertainty_aware,prov_b,0.74,8.0,0.86,0.818,0.02,0.02,0.711284,0.02,0.356126,0.02,0
19,936767243,74,baseline,prov_b,0.74,8.0,0.86,0.818,0.02,0.02,0.72,0.02,0.36,0.02,1
19,936767243,74,qos_aware,prov_b,0.74,8.0,0.86,0.818,0.02,0.02,0.72,0.02,0.36,0.02,0
19,936767243,74,uncertainty_aware,prov_b,0.74,8.0,0.86,0.818,0.02,0.02,0.72,0.02,0.36,0.02,0
19,936767243,75,baseline,prov_b,0.74,8.0,0.86,0.818,0.02,0.02,0.72,0.02,0.36,0.02,0
19,936767243,75,qos_aware,prov_b,0.74,8.0,0.86,0.818,0.02,0.02,0.72,0.02,0.36,0.02,0
19,936767243,75,uncertainty_aware,prov_b,0.74,8.0,0.86,0.818,0.02,0.02,0.72,0.02,0.36,0.02,0
19,936767243,76,baseline,prov_b,0.74,8.0,0.86,0.818,0.02,0.02,0.72,0.02,0.36,0.02,0
19,936767243,76,qos_aware,prov_b,0.74,8.0,0.86,0.818,0.02,0.02,0.72,0.02,0.36,0.02,0
19,936767243,76,uncertainty_aware,prov_b,0.74,8.0,0.86,0.818,0.02,0.02,0.72,0.02,0.36,0.02,0
19,936767243,77,baseline,prov_b,0.74,8.0,0.86,0.818,0.02,0.02,0.72,0.02,0.36,0.02,0
19,936767243,77,qos_aware,prov_b,0.74,8.0,0.86,0.818,0.02,0.02,0.72,0.02,0.36,0.02,0
19,936767243,77,uncertainty_aware,prov_b,0.74,8.0,0.86,0.818,0.02,0.02,0.72,0.02,0.36,0.02,0
19,936767243,78,baseline,prov_b,0.74,8.0,0.86,0.818,0.02,0.02,0.72,0.02,0.36,0.02,0
19,936767243,78,qos_aware,prov_b,0.74,8.0,0.86,0.818,0.02,0.02,0.72,0.02,0.36,0.02,0
19,936767243,78,uncertainty_aware,prov_b,0.74,8.0,0.86,0.818,0.02,0.02,0.72,0.02,0.36,0.02,0
19,936767243,79,baseline,prov_b,0.74,8.0,0.86,0.818,0.02,0.02,0.72,0.02,0.36,0.02,0
19,936767243,79,qos_aware,prov_b,0.74,8.0,0.86,0.818,0.02,0.02,0.72,0.02,0.36,0.02,0
19,936767243,79,uncertainty_aware,prov_b,0.74,8.0,0.86,0.818,0.02,0.02,0.72,0.02,0.36,0.02,0
19,936767243,80,baseline,prov_b,0.74,8.0,0.86,0.818,0.02,0.02,0.72,0.02,0.36,0.02,0
19,936767243,80,qos_aware,prov_b,0.74,8.0,0.86,0.818,0.02,0.02,0.72,0.02,0.36,0.02,0
19,936767243,80,uncertainty_aware,prov_b,0.74,8.0,0.86,0.818,0.02,0.02,0.72,0.02,0.36,0.02,0
19,936767243,81,baseline,prov_b,0.74,8.0,0.86,0.818,0.02,0.02,0.691633,0.02,0.347393,0.02,0
19,936767243,81,qos_aware,prov_b,0.74,8.0,0.86,0.818,0.02,0.02,0.691633,0.02,0.347393,0.02,0
19,936767243,81,uncertainty_aware,prov_b,0.74,8.0,0.86,0.818,0.02,0.02,0.691633,0.02,0.347393,0.02,0
19,936767243,82,baseline,prov_b,0.74,8.0,0.86,0.818,0.02,0.02,0.637633,0.02,0.323393,0.02,0
19,936767243,82,qos_aware,prov_b,0.74,8.0,0.86,0.818,0.02,0.02,0.637633,0.02,0.323393,0.02,0
19,936767243,82,uncertainty_aware,prov_b,0.74,8.0,0.86,0.818,0.02,0.02,0.637633,0.02,0.323393,0.02,0
19,936767243,83,baseline,prov_b,0.74,8.0,0.86,0.818,0.02,0.02,0.583633,0.02,0.299393,0.02,0
19,936767243,83,qos_aware,prov_b,0.74,8.0,0.86,0.818,0.02,0.02,0.583633,0.02,0.299393,0.02,0
19,936767243,83,uncertainty_aware,prov_b,0.74,8.0,0.86,0.818,0.02,0.02,0.583633,0.02,0.299393,0.02,0
19,936767243,84,baseline,prov_b,0.74,8.0,0.86,0.818,0.02,0.02,0.529633,0.02,0.275393,0.02,0
19,936767243,84,qos_aware,prov_b,0.74,8.0,0.86,0.818,0.02,0.02,0.529633,0.02,0.275393,0.02,0
19,936767243,84,uncertainty_aware,prov_b,0.74,8.0,0.86,0.818,0.02,0.02,0.529633,0.02,0.275393,0.02,0
19,936767243,85,baseline,prov_b,0.74,8.0,0.86,0.818,0.02,0.02,0.475633,0.02,0.251393,0.02,0
19,936767243,85,qos_aware,prov_b,0.74,8.0,0.86,0.818,0.02,0.02,0.475633,0.02,0.251393,0.02,0
19,936767243,85,uncertainty_aware,prov_b,0.74,8.0,0.86,0.818,0.02,0.02,0.475633,0.02,0.251393,0.02,0
19,936767243,86,baseline,prov_b,0.74,8.0,0.86,0.818,0.02,0.02,0.421633,0.02,0.227393,0.02,0
19,936767243,86,qos_aware,prov_b,0.74,8.0,0.86,0.818,0.02,0.02,0.421633,0.02,0.227393,0.02,0
19,936767243,86,uncertainty_aware,prov_b,0.74,8.0,0.86,0.818,0.02,0.02,0.421633,0.02,0.227393,0.02,0
19,936767243,87,baseline,prov_b,0.74,8.0,0.86,0.818,0.02,0.02,0.367633,0.02,0.203393,0.02,0
19,936767243,87,qos_aware,prov_b,0.74,8.0,0.86,0.818,0.02,0.02,0.367633,0.02,0.203393,0.02,0
19,936767243,87,uncertainty_aware,prov_b,0.74,8.0,0.86,0.818,0.02,0.02,0.367633,0.02,0.203393,0.02,0
19,936767243,88,baseline,prov_b,0.74,8.0,0.86,0.818,0.02,0.02,0.313633,0.02,0.179393,0.02,0
19,936767243,88,qos_aware,prov_b,0.74,8.0,0.86,0.818,0.02,0.02,0.313633,0.02,0.179393,0.02,0
19,936767243,88,uncertainty_aware,prov_b,0.74,8.0,0.86,0.818,0.02,0.02,0.313633,0.02,0.179393,0.02,0
19,936767243,89,baseline,prov_b,0.74,8.0,0.86,0.818,0.02,0.02,0.259633,0.02,0.155393,0.02,0
19,936767243,89,qos_aware,prov_b,0.74,8.0,0.86,0.818,0.02,0.02,0.259633,0.02,0.155393,0.02,0
19,936767243,89,uncertainty_aware,prov_b,0.74,8.0,0.86,0.818,0.02,0.02,0.259633,0.02,0.155393,0.02,0
19,936767243,90,baseline,prov_b,0.74,8.0,0.86,0.818,0.02,0.02,0.205633,0.02,0.131393,0.02,0
19,936767243,90,qos_aware,prov_b,0.74,8.0,0.86,0.818,0.02,0.02,0.205633,0.02,0.131393,0.02,0
19,936767243,90,uncertainty_aware,prov_b,0.74,8.0,0.86,0.818,0.02,0.02,0.205633,0.02,0.131393,0.02,0
19,936767243,91,baseline,prov_b,0.74,8.0,0.86,0.818,0.02,0.02,0.18,0.02,0.12,0.02,0
19,936767243,91,qos_aware,prov_a,0.93,30.0,0.96,0.8945,0.18,0.12,0.18,0.02,0.12,0.02,1
19,936767243,91,uncertainty_aware,prov_b,0.74,8.0,0.86,0.818,0.02,0.02,0.18,0.02,0.12,0.02,0
19,936767243,92,baseline,prov_b,0.74,8.0,0.86,0.818,0.02,0.02,0.18,0.02,0.12,0.02,0
19,936767243,92,qos_aware,prov_a,0.93,30.0,0.96,0.8945,0.18,0.12,0.18,0.02,0.12,0.02,0
19,936767243,92,uncertainty_aware,prov_b,0.74,8.0,0.86,0.818,0.02,0.02,0.18,0.02,0.12,0.02,0
19,936767243,93,baseline,prov_b,0.74,8.0,0.86,0.818,0.02,0.02,0.18,0.02,0.12,0.02,0
19,936767243,93,qos_aware,prov_a,0.93,30.0,0.96,0.8945,0.18,0.12,0.18,0.02,0.12,0.02,0
19,936767243,93,uncertainty_aware,prov_b,0.74,8.0,0.86,0.818,0.02,0.02,0.18,0.02,0.12,0.02,0
19,936767243,94,baseline,prov_b,0.74,8.0,0.86,0.818,0.02,0.02,0.18,0.02,0.12,0.02,0
19,936767243,94,qos_aware,prov_a,0.93,30.0,0.96,0.8945,0.18,0.12,0.18,0.02,0.12,0.02,0
19,936767243,94,uncertainty_aware,prov_b,0.74,8.0,0.86,0.818,0.02,0.02,0.18,0.02,0.12,0.02,0
19,936767243,95,baseline,prov_b,0.74,8.0,0.86,0.818,0.02,0.02,0.18,0.02,0.12,0.02,0
19,936767243,95,qos_aware,prov_a,0.93,30.0,0.96,0.8945,0.18,0.12,0.18,0.02,0.12,0.02,0
19,936767243,95,uncertainty_aware,prov_b,0.74,8.0,0.86,0.818,0.02,0.02,0.18,0.02,0.12,0.02,0
19,936767243,96,baseline,prov_b,0.74,8.0,0.86,0.818,0.02,0.02,0.18,0.02,0.12,0.02,0
19,936767243,96,qos_aware,prov_a,0.93,30.0,0.96,0.8945,0.18,0.12,0.18,0.02,0.12,0.02,0
19,936767243,96,uncertainty_aware,prov_b,0.74,8.0,0.86,0.818,0.02,0.02,0.18,0.02,0.12,0.02,0
19,936767243,97,baseline,prov_b,0.74,8.0,0.86,0.818,0.02,0.02,0.18,0.02,0.12,0.02,0
19,936767243,97,qos_aware,prov_a,0.93,30.0,0.96,0.8945,0.18,0.12,0.18,0.02,0.12,0.02,0
19,936767243,97,uncertainty_aware,prov_b,0.74,8.0,0.86,0.818,0.02,0.02,0.18,0.02,0.12,0.02,0
19,936767243,98,baseline,prov_b,0.74,8.0,0.86,0.818,0.02,0.02,0.18,0.02,0.12,0.02,0
19,936767243,98,qos_aware,prov_a,0.93,30.0,0.96,0.8945,0.18,0.12,0.18,0.02,0.12,0.02,0
19,936767243,98,uncertainty_aware,prov_b,0.74,8.0,0.86,0.818,0.02,0.02,0.18,0.02,0.12,0.02,0
19,936767243,99,baseline,prov_b,0.74,8.0,0.86,0.818,0.02,0.02,0.18,0.02,0.12,0.02,0
19,936767243,99,qos_aware,prov_b,0.74,8.0,0.86,0.818,0.02,0.02,0.18,0.02,0.12,0.02,1
19,936767243,99,uncertainty_aware,prov_b,0.74,8.0,0.86,0.818,0.02,0.02,0.18,0.02,0.12,0.02,0
19,936767243,100,baseline,prov_b,0.74,8.0,0.86,0.818,0.02,0.02,0.18,0.02,0.12,0.02,0
19,936767243,100,qos_aware,prov_a,0.93,30.0,0.96,0.8945,0.18,0.12,0.18,0.02,0.12,0.02,1
19,936767243,100,uncertainty_aware,prov_b,0.74,8.0,0.86,0.818,0.02,0.02,0.18,0.02,0.12,0.02,0
19,936767243,101,baseline,prov_b,0.74,8.0,0.86,0.818,0.02,0.02,0.18,0.02,0.12,0.02,0
19,936767243,101,qos_aware,prov_a,0.93,30.0,0.96,0.8945,0.18,0.12,0.18,0.02,0.12,0.02,0
19,936767243,101,uncertainty_aware,prov_b,0.74,8.0,0.86,0.818,0.02,0.02,0.18,0.02,0.12,0.02,0
19,936767243,102,baseline,prov_b,0.74,8.0,0.86,0.818,0.02,0.02,0.18,0.02,0.12,0.02,0
19,936767243,102,qos_aware,prov_a,0.93,30.0,0.96,0.8945,0.18,0.12,0.18,0.02,0.12,0.02,0
19,936767243,102,uncertainty_aware,prov_b,0.74,8.0,0.86,0.818,0.02,0.02,0.18,0.02,0.12,0.02,0
19,936767243,103,baseline,prov_b,0.74,8.0,0.86,0.818,0.02,0.02,0.18,0.02,0.12,0.02,0
19,936767243,103,qos_aware,prov_b,0.74,8.0,0.86,0.818,0.02,0.02,0.18,0.02,0.12,0.02,1
19,936767243,103,uncertainty_aware,prov_b,0.74,8.0,0.86,0.818,0.02,0.02,0.18,0.02,0.12,0.02,0
19,936767243,104,baseline,prov_b,0.74,8.0,0.86,0.818,0.02,0.02,0.18,0.02,0.12,0.02,0
19,936767243,104,qos_aware,prov_b,0.74,8.0,0.86,0.818,0.02,0.02,0.18,0.02,0.12,0.02,0
19,936767243,104,uncertainty_aware,prov_b,0.74,8.0,0.86,0.818,0.02,0.02,0.18,0.02,0.12,0.02,0
19,936767243,105,baseline,prov_b,0.74,8.0,0.86,0.818,0.02,0.02,0.18,0.02,0.12,0.02,0
19,936767243,105,qos_aware,prov_b,0.74,8.0,0.86,0.818,0.02,0.02,0.18,0.02,0.12,0.02,0
19,936767243,105,uncertainty_aware,prov_b,0.74,8.0,0.86,0.818,0.02,0.02,0.18,0.02,0.12,0.02,0
19,936767243,106,baseline,prov_b,0.74,8.0,0.86,0.818,0.02,0.02,0.18,0.02,0.12,0.02,0
19,936767243,106,qos_aware,prov_a,0.93,30.0,0.96,0.8945,0.18,0.12,0.18,0.02,0.12,0.02,1
19,936767243,106,uncertainty_aware,prov_b,0.74,8.0,0.86,0.818,0.02,0.02,0.18,0.02,0.12,0.02,0
19,936767243,107,baseline,prov_b,0.68809,8.8306,0.818472,0.778444,0.024195,0.022797,0.18,0.024195,0.12,0.022797,0
19,936767243,107,qos_aware,prov_a,0.93,30.0,0.96,0.8945,0.18,0.12,0.18,0.024195,0.12,0.022797,0
19,936767243,107,uncertainty_aware,prov_b,0.68809,8.8306,0.818472,0.778444,0.024195,0.022797,0.18,0.024195,0.12,0.022797,0
19,936767243,108,baseline,prov_b,0.6225,9.88,0.766,0.728465,0.029495,0.02633,0.18,0.029495,0.12,0.02633,0
19,936767243,108,qos_aware,prov_a,0.93,30.0,0.96,0.8945,0.18,0.12,0.18,0.029495,0.12,0.02633,0
19,936767243,108,uncertainty_aware,prov_b,0.6225,9.88,0.766,0.728465,0.029495,0.02633,0.18,0.029495,0.12,0.02633,0
19,936767243,109,baseline,prov_b,0.556911,10.9294,0.713528,0.678486,0.034796,0.029864,0.18,0.034796,0.12,0.029864,0
19,936767243,109,qos_aware,prov_a,0.93,30.0,0.96,0.8945,0.18,0.12,0.18,0.034796,0.12,0.029864,0
19,936767243,109,uncertainty_aware,prov_a,0.93,30.0,0.96,0.8945,0.18,0.12,0.18,0.034796,0.12,0.029864,1
19,936767243,110,baseline,prov_b,0.491321,11.9789,0.661057,0.628507,0.040096,0.033397,0.18,0.040096,0.12,0.033397,0
19,936767243,110,qos_aware,prov_a,0.93,30.0,0.96,0.8945,0.18,0.12,0.18,0.040096,0.12,0.033397,0
19,936767243,110,uncertainty_aware,prov_a,0.93,30.0,0.96,0.8945,0.18,0.12,0.18,0.040096,0.12,0.033397,0
19,936767243,111,baseline,prov_b,0.425732,13.0283,0.608585,0.578528,0.045397,0.036931,0.18,0.045397,0.12,0.036931,0
19,936767243,111,qos_aware,prov_a,0.93,30.0,0.96,0.8945,0.18,0.12,0.18,0.045397,0.12,0.036931,0
19,936767243,111,uncertainty_aware,prov_a,0.93,30.0,0.96,0.8945,0.18,0.12,0.18,0.045397,0.12,0.036931,0
19,936767243,112,baseline,prov_b,0.360142,14.0777,0.556114,0.528548,0.050697,0.040465,0.18,0.050697,0.12,0.040465,0
19,936767243,112,qos_aware,prov_a,0.93,30.0,0.96,0.8945,0.18,0.12,0.18,0.050697,0.12,0.040465,0
19,936767243,112,uncertainty_aware,prov_a,0.93,30.0,0.96,0.8945,0.18,0.12,0.18,0.050697,0.12,0.040465,0
19,936767243,113,baseline,prov_b,0.294553,15.1272,0.503642,0.478569,0.055997,0.043998,0.18,0.055997,0.12,0.043998,0
19,936767243,113,qos_aware,prov_a,0.93,30.0,0.96,0.8945,0.18,0.12,0.18,0.055997,0.12,0.043998,0
19,936767243,113,uncertainty_aware,prov_a,0.93,30.0,0.96,0.8945,0.18,0.12,0.18,0.055997,0.12,0.043998,0
19,936767243,114,baseline,prov_b,0.228963,16.1766,0.451171,0.42859,0.061298,0.047532,0.18,0.061298,0.12,0.047532,0
19,936767243,114,qos_aware,prov_a,0.93,30.0,0.96,0.8945,0.18,0.12,0.18,0.061298,0.12,0.047532,0
19,936767243,114,uncertainty_aware,prov_a,0.93,30.0,0.96,0.8945,0.18,0.12,0.18,0.061298,0.12,0.047532,0
19,936767243,115,baseline,prov_b,0.163374,17.226,0.398699,0.378611,0.066598,0.051065,0.18,0.066598,0.12,0.051065,0
19,936767243,115,qos_aware,prov_a,0.93,30.0,0.96,0.8945,0.18,0.12,0.18,0.066598,0.12,0.051065,0
19,936767243,115,uncertainty_aware,prov_a,0.93,30.0,0.96,0.8945,0.18,0.12,0.18,0.066598,0.12,0.051065,0
19,936767243,116,baseline,prov_b,0.097784,18.2755,0.346227,0.328632,0.071899,0.054599,0.18,0.071899,0.12,0.054599,0
19,936767243,116,qos_aware,prov_a,0.93,30.0,0.96,0.8945,0.18,0.12,0.18,0.071899,0.12,0.054599,0
19,936767243,116,uncertainty_aware,prov_a,0.93,30.0,0.96,0.8945,0.18,0.12,0.18,0.071899,0.12,0.054599,0
19,936767243,117,baseline,prov_b,0.032195,19.3249,0.293756,0.278653,0.077199,0.058133,0.18,0.077199,0.12,0.058133,0
19,936767243,117,qos_aware,prov_a,0.93,30.0,0.96,0.8945,0.18,0.12,0.18,0.077199,0.12,0.058133,0
19,936767243,117,uncertainty_aware,prov_a,0.93,30.0,0.96,0.8945,0.18,0.12,0.18,0.077199,0.12,0.058133,0
19,936767243,118,baseline,prov_a,0.93,30.0,0.96,0.8945,0.18,0.12,0.18,0.08,0.12,0.06,1
19,936767243,118,qos_aware,prov_a,0.93,30.0,0.96,0.8945,0.18,0.12,0.18,0.08,0.12,0.06,0
19,936767243,118,uncertainty_aware,prov_a,0.93,30.0,0.96,0.8945,0.18,0.12,0.18,0.08,0.12,0.06,0
19,936767243,119,baseline,prov_a,0.93,30.0,0.96,0.8945,0.18,0.12,0.18,0.08,0.12,0.06,0
19,936767243,119,qos_aware,prov_a,0.93,30.0,0.96,0.8945,0.18,0.12,0.18,0.08,0.12,0.06,0
19,936767243,119,uncertainty_aware,prov_a,0.93,30.0,0.96,0.8945,0.18,0.12,0.18,0.08,0.12,0.06,0
19,936767243,120,baseline,prov_a,0.93,30.0,0.96,0.8945,0.18,0.12,0.18,0.08,0.12,0.06,0
19,936767243,120,qos_aware,prov_a,0.93,30.0,0.96,0.8945,0.18,0.12,0.18,0.08,0.12,0.06,0
19,936767243,120,uncertainty_aware,prov_a,0.93,30.0,0.96,0.8945,0.18,0.12,0.18,0.08,0.12,0.06,0
19,936767243,121,baseline,prov_a,0.93,30.0,0.96,0.8945,0.18,0.12,0.18,0.08,0.12,0.06,0
19,936767243,121,qos_aware,prov_a,0.93,30.0,0.96,0.8945,0.18,0.12,0.18,0.08,0.12,0.06,0
19,936767243,121,uncertainty_aware,prov_a,0.93,30.0,0.96,0.8945,0.18,0.12,0.18,0.08,0.12,0.06,0
19,936767243,122,baseline,prov_a,0.93,30.0,0.96,0.8945,0.18,0.12,0.18,0.08,0.12,0.06,0
19,936767243,122,qos_aware,prov_a,0.93,30.0,0.96,0.8945,0.18,0.12,0.18,0.08,0.12,0.06,0
19,936767243,122,uncertainty_aware,prov_a,0.93,30.0,0.96,0.8945,0.18,0.12,0.18,0.08,0.12,0.06,0
19,936767243,123,baseline,prov_a,0.93,30.0,0.96,0.8945,0.18,0.12,0.18,0.08,0.12,0.06,0
19,936767243,123,qos_aware,prov_a,0.93,30.0,0.96,0.8945,0.18,0.12,0.18,0.08,0.12,0.06,0
19,936767243,123,uncertainty_aware,prov_a,0.93,30.0,0.96,0.8945,0.18,0.12,0.18,0.08,0.12,0.06,0
19,936767243,124,baseline,prov_a,0.93,30.0,0.96,0.8945,0.18,0.12,0.18,0.08,0.12,0.06,0
19,936767243,124,qos_aware,prov_a,0.93,30.0,0.96,0.8945,0.18,0.12,0.18,0.08,0.12,0.06,0
19,936767243,124,uncertainty_aware,prov_a,0.93,30.0,0.96,0.8945,0.18,0.12,0.18,0.08,0.12,0.06,0
19,936767243,125,baseline,prov_a,0.93,30.0,0.96,0.8945,0.18,0.12,0.18,0.08,0.12,0.06,0
19,936767243,125,qos_aware,prov_a,0.93,30.0,0.96,0.8945,0.18,0.12,0.18,0.08,0.12,0.06,0
19,936767243,125,uncertainty_aware,prov_a,0.93,30.0,0.96,0.8945,0.18,0.12,0.18,0.08,0.12,0.06,0
19,936767243,126,baseline,prov_a,0.93,30.0,0.96,0.8945,0.18,0.12,0.18,0.08,0.12,0.06,0
19,936767243,126,qos_aware,prov_a,0.93,30.0,0.96,0.8945,0.18,0.12,0.18,0.08,0.12,0.06,0
19,936767243,126,uncertainty_aware,prov_a,0.93,30.0,0.96,0.8945,0.18,0.12,0.18,0.08,0.12,0.06,0
19,936767243,127,baseline,prov_a,0.93,30.0,0.96,0.8945,0.18,0.12,0.18,0.08,0.12,0.06,0
19,936767243,127,qos_aware,prov_a,0.93,30.0,0.96,0.8945,0.18,0.12,0.18,0.08,0.12,0.06,0
19,936767243,127,uncertainty_aware,prov_a,0.93,30.0,0.96,0.8945,0.18,0.12,0.18,0.08,0.12,0.06,0
19,936767243,128,baseline,prov_a,0.93,30.0,0.96,0.8945,0.18,0.12,0.18,0.08,0.12,0.06,0
19,936767243,128,qos_aware,prov_a,0.93,30.0,0.96,0.8945,0.18,0.12,0.18,0.08,0.12,0.06,0
19,936767243,128,uncertainty_aware,prov_a,0.93,30.0,0.96,0.8945,0.18,0.12,0.18,0.08,0.12,0.06,0
19,936767243,129,baseline,prov_a,0.93,30.0,0.96,0.8945,0.18,0.12,0.18,0.079719,0.12,0.059812,0
19,936767243,129,qos_aware,prov_a,0.93,30.0,0.96,0.8945,0.18,0.12,0.18,0.079719,0.12,0.059812,0
19,936767243,129,uncertainty_aware,prov_a,0.93,30.0,0.96,0.8945,0.18,0.12,0.18,0.079719,0.12,0.059812,0
19,936767243,130,baseline,prov_a,0.93,30.0,0.96,0.8945,0.18,0.12,0.18,0.073719,0.12,0.055812,0
19,936767243,130,qos_aware,prov_a,0.93,30.0,0.96,0.8945,0.18,0.12,0.18,0.073719,0.12,0.055812,0
19,936767243,130,uncertainty_aware,prov_a,0.93,30.0,0.96,0.8945,0.18,0.12,0.18,0.073719,0.12,0.055812,0
19,936767243,131,baseline,prov_a,0.93,30.0,0.96,0.8945,0.18,0.12,0.18,0.067719,0.12,0.051812,0
19,936767243,131,qos_aware,prov_a,0.93,30.0,0.96,0.8945,0.18,0.12,0.18,0.067719,0.12,0.051812,0
19,936767243,131,uncertainty_aware,prov_a,0.93,30.0,0.96,0.8945,0.18,0.12,0.18,0.067719,0.12,0.051812,0
19,936767243,132,baseline,prov_a,0.93,30.0,0.96,0.8945,0.18,0.12,0.18,0.061719,0.12,0.047812,0
19,936767243,132,qos_aware,prov_a,0.93,30.0,0.96,0.8945,0.18,0.12,0.18,0.061719,0.12,0.047812,0
19,936767243,132,uncertainty_aware,prov_a,0.93,30.0,0.96,0.8945,0.18,0.12,0.18,0.061719,0.12,0.047812,0
19,936767243,133,baseline,prov_a,0.93,30.0,0.96,0.8945,0.18,0.12,0.18,0.055719,0.12,0.043812,0
19,936767243,133,qos_aware,prov_a,0.93,30.0,0.96,0.8945,0.18,0.12,0.18,0.055719,0.12,0.043812,0
19,936767243,133,uncertainty_aware,prov_a,0.93,30.0,0.96,0.8945,0.18,0.12,0.18,0.055719,0.12,0.043812,0
19,936767243,134,baseline,prov_a,0.93,30.0,0.96,0.8945,0.18,0.12,0.18,0.049719,0.12,0.039812,0
19,936767243,134,qos_aware,prov_a,0.93,30.0,0.96,0.8945,0.18,0.12,0.18,0.049719,0.12,0.039812,0
19,936767243,134,uncertainty_aware,prov_a,0.93,30.0,0.96,0.8945,0.18,0.12,0.18,0.049719,0.12,0.039812,0
19,936767243,135,baseline,prov_a,0.93,30.0,0.96,0.8945,0.18,0.12,0.18,0.043719,0.12,0.035812,0
19,936767243,135,qos_aware,prov_a,0.93,30.0,0.96,0.8945,0.18,0.12,0.18,0.043719,0.12,0.035812,0
19,936767243,135,uncertainty_aware,prov_a,0.93,30.0,0.96,0.8945,0.18,0.12,0.18,0.043719,0.12,0.035812,0
19,936767243,136,baseline,prov_a,0.93,30.0,0.96,0.8945,0.18,0.12,0.18,0.037719,0.12,0.031812,0
19,936767243,136,qos_aware,prov_a,0.93,30.0,0.96,0.8945,0.18,0.12,0.18,0.037719,0.12,0.031812,0
19,936767243,136,uncertainty_aware,prov_a,0.93,30.0,0.96,0.8945,0.18,0.12,0.18,0.037719,0.12,0.031812,0
19,936767243,137,baseline,prov_a,0.93,30.0,0.96,0.8945,0.18,0.12,0.18,0.031719,0.12,0.027812,0
19,936767243,137,qos_aware,prov_a,0.93,30.0,0.96,0.8945,0.18,0.12,0.18,0.031719,0.12,0.027812,0
19,936767243,137,uncertainty_aware,prov_a,0.93,30.0,0.96,0.8945,0.18,0.12,0.18,0.031719,0.12,0.027812,0
19,936767243,138,baseline,prov_a,0.93,30.0,0.96,0.8945,0.18,0.12,0.18,0.025719,0.12,0.023812,0
19,936767243,138,qos_aware,prov_a,0.93,30.0,0.96,0.8945,0.18,0.12,0.18,0.025719,0.12,0.023812,0
19,936767243,138,uncertainty_aware,prov_a,0.93,30.0,0.96,0.8945,0.18,0.12,0.18,0.025719,0.12,0.023812,0
19,936767243,139,baseline,prov_a,0.93,30.0,0.96,0.8945,0.18,0.12,0.18,0.02,0.12,0.02,0
19,936767243,139,qos_aware,prov_a,0.93,30.0,0.96,0.8945,0.18,0.12,0.18,0.02,0.12,0.02,0
19,936767243,139,uncertainty_aware,prov_b,0.74,8.0,0.86,0.818,0.02,0.02,0.18,0.02,0.12,0.02,1
19,936767243,140,baseline,prov_a,0.93,30.0,0.96,0.8945,0.18,0.12,0.18,0.02,0.12,0.02,0
19,936767243,140,qos_aware,prov_a,0.93,30.0,0.96,0.8945,0.18,0.12,0.18,0.02,0.12,0.02,0
19,936767243,140,uncertainty_aware,prov_b,0.74,8.0,0.86,0.818,0.02,0.02,0.18,0.02,0.12,0.02,0
19,936767243,141,baseline,prov_a,0.93,30.0,0.96,0.8945,0.18,0.12,0.18,0.02,0.12,0.02,0
19,936767243,141,qos_aware,prov_a,0.93,30.0,0.96,0.8945,0.18,0.12,0.18,0.02,0.12,0.02,0
19,936767243,141,uncertainty_aware,prov_b,0.74,8.0,0.86,0.818,0.02,0.02,0.18,0.02,0.12,0.02,0
19,936767243,142,baseline,prov_a,0.93,30.0,0.96,0.8945,0.18,0.12,0.18,0.02,0.12,0.02,0
19,936767243,142,qos_aware,prov_a,0.93,30.0,0.96,0.8945,0.18,0.12,0.18,0.02,0.12,0.02,0
19,936767243,142,uncertainty_aware,prov_b,0.74,8.0,0.86,0.818,0.02,0.02,0.18,0.02,0.12,0.02,0
19,936767243,143,baseline,prov_a,0.93,30.0,0.96,0.8945,0.18,0.12,0.18,0.02,0.12,0.02,0
19,936767243,143,qos_aware,prov_a,0.93,30.0,0.96,0.8945,0.18,0.12,0.18,0.02,0.12,0.02,0
19,936767243,143,uncertainty_aware,prov_b,0.74,8.0,0.86,0.818,0.02,0.02,0.18,0.02,0.12,0.02,0
19,936767243,144,baseline,prov_a,0.93,30.0,0.96,0.8945,0.18,0.12,0.18,0.02,0.12,0.02,0
19,936767243,144,qos_aware,prov_a,0.93,30.0,0.96,0.8945,0.18,0.12,0.18,0.02,0.12,0.02,0
19,936767243,144,uncertainty_aware,prov_b,0.74,8.0,0.86,0.818,0.02,0.02,0.18,0.02,0.12,0.02,0
19,936767243,145,baseline,prov_a,0.93,30.0,0.96,0.8945,0.18,0.12,0.18,0.02,0.12,0.02,0
19,936767243,145,qos_aware,prov_a,0.93,30.0,0.96,0.8945,0.18,0.12,0.18,0.02,0.12,0.02,0
19,936767243,145,uncertainty_aware,prov_b,0.74,8.0,0.86,0.818,0.02,0.02,0.18,0.02,0.12,0.02,0
19,936767243,146,baseline,prov_a,0.93,30.0,0.96,0.8945,0.18,0.12,0.18,0.02,0.12,0.02,0
19,936767243,146,qos_aware,prov_a,0.93,30.0,0.96,0.8945,0.18,0.12,0.18,0.02,0.12,0.02,0
19,936767243,146,uncertainty_aware,prov_b,0.74,8.0,0.86,0.818,0.02,0.02,0.18,0.02,0.12,0.02,0
19,936767243,147,baseline,prov_a,0.93,30.0,0.96,0.8945,0.18,0.12,0.18,0.02,0.12,0.02,0
19,936767243,147,qos_aware,prov_a,0.93,30.0,0.96,0.8945,0.18,0.12,0.18,0.02,0.12,0.02,0
19,936767243,147,uncertainty_aware,prov_b,0.74,8.0,0.86,0.818,0.02,0.02,0.18,0.02,0.12,0.02,0
19,936767243,148,baseline,prov_a,0.93,30.0,0.96,0.8945,0.18,0.12,0.18,0.02,0.12,0.02,0
19,936767243,148,qos_aware,prov_a,0.93,30.0,0.96,0.8945,0.18,0.12,0.18,0.02,0.12,0.02,0
19,936767243,148,uncertainty_aware,prov_b,0.74,8.0,0.86,0.818,0.02,0.02,0.18,0.02,0.12,0.02,0
19,936767243,149,baseline,prov_a,0.93,30.0,0.96,0.8945,0.18,0.12,0.18,0.02,0.12,0.02,0
19,936767243,149,qos_aware,prov_a,0.93,30.0,0.96,0.8945,0.18,0.12,0.18,0.02,0.12,0.02,0
19,936767243,149,uncertainty_aware,prov_b,0.74,8.0,0.86,0.818,0.02,0.02,0.18,0.02,0.12,0.02,0
19,936767243,150,baseline,prov_a,0.93,30.0,0.96,0.8945,0.18,0.12,0.18,0.02,0.12,0.02,0
19,936767243,150,qos_aware,prov_a,0.93,30.0,0.96,0.8945,0.18,0.12,0.18,0.02,0.12,0.02,0
19,936767243,150,uncertainty_aware,prov_b,0.74,8.0,0.86,0.818,0.02,0.02,0.18,0.02,0.12,0.02,0
