event_id,cdt_id,capability,prev_provider,next_provider,failure_time_ms,detection_time_ms,switch_time_ms,fail_to_switch_ms,decision_delay_ms,orchestration_mode,network_delay_ms,accuracy_before,latency_before_ms,reliability_before,accuracy_after,latency_after_ms,reliability_after
fo-1774811358053874030,cdt2,gas-measurement,idt2a,idt2b,1774811358052,1774811358053,1774811358053,1.00,0.00,local,0.0,0.95,10.0000,0.75,0.85,15.0000,0.95
fo-1774811358363545981,cdt2,gas-measurement,idt2a,idt2b,1774811358361,1774811358363,1774811358363,1.00,0.00,local,0.0,0.95,10.0000,0.6,0.85,15.0000,0.95
fo-1774811358672476208,cdt2,gas-measurement,idt2a,idt2b,1774811358670,1774811358672,1774811358672,1.00,0.00,local,0.0,0.95,10.0000,0.5,0.85,15.0000,0.95
fo-1774811358982186095,cdt2,gas-measurement,idt2a,idt2b,1774811358980,1774811358982,1774811358982,1.00,0.00,local,0.0,0.95,10.0000,0.428571,0.85,15.0000,0.95
fo-1774811359293297725,cdt2,gas-measurement,idt2a,idt2b,1774811359291,1774811359293,1774811359293,1.00,0.00,local,0.0,0.95,10.0000,0.375,0.85,15.0000,0.95
fo-1774811359604971899,cdt2,gas-measurement,idt2a,idt2b,1774811359602,1774811359604,1774811359604,2.00,0.00,local,0.0,0.95,10.0000,0.333333,0.85,15.0000,0.95
fo-1774811359915569837,cdt2,gas-measurement,idt2a,idt2b,1774811359913,1774811359915,1774811359915,1.00,0.00,local,0.0,0.95,10.0000,0.3,0.85,15.0000,0.95
fo-1774811360225793183,cdt2,gas-measurement,idt2a,idt2b,1774811360224,1774811360225,1774811360225,1.00,0.00,local,0.0,0.95,10.0000,0.2,0.85,15.0000,0.95
fo-1774811360536744555,cdt2,gas-measurement,idt2a,idt2b,1774811360534,1774811360536,1774811360536,1.00,0.00,local,0.0,0.95,10.0000,0.1,0.85,15.0000,0.95
fo-1774811360848202058,cdt2,gas-measurement,idt2a,idt2b,1774811360846,1774811360848,1774811360848,1.00,0.00,local,0.0,0.95,10.0000,0,0.85,15.0000,0.95
fo-1774811361159081394,cdt2,gas-measurement,idt2a,idt2b,1774811361157,1774811361159,1774811361159,1.00,0.00,local,0.0,0.95,10.0000,0,0.85,15.0000,0.95
fo-1774811361470261952,cdt2,gas-measurement,idt2a,idt2b,1774811361468,1774811361470,1774811361470,2.00,0.00,local,0.0,0.95,10.0000,0,0.85,15.0000,0.95
fo-1774811361781409372,cdt2,gas-measurement,idt2a,idt2b,1774811361779,1774811361781,1774811361781,1.00,0.00,local,0.0,0.95,10.0000,0,0.85,15.0000,0.95
fo-1774811362091204148,cdt2,gas-measurement,idt2a,idt2b,1774811362088,1774811362091,1774811362091,2.00,0.00,local,0.0,0.95,10.0000,0,0.85,15.0000,0.95
fo-1774811362400264804,cdt2,gas-measurement,idt2a,idt2b,1774811362398,1774811362400,1774811362400,1.00,0.00,local,0.0,0.95,10.0000,0,0.85,15.0000,0.95
fo-1774811362710432197,cdt2,gas-measurement,idt2a,idt2b,1774811362708,1774811362710,1774811362710,1.00,0.00,local,0.0,0.95,10.0000,0,0.85,15.0000,0.95
fo-1774811363020708938,cdt2,gas-measurement,idt2a,idt2b,1774811363018,1774811363020,1774811363020,2.00,0.00,local,0.0,0.95,10.0000,0,0.85,15.0000,0.95
fo-1774811363333215032,cdt2,gas-measurement,idt2a,idt2b,1774811363331,1774811363333,1774811363333,1.00,0.00,local,0.0,0.95,10.0000,0,0.85,15.0000,0.95
fo-1774811363644885694,cdt2,gas-measurement,idt2a,idt2b,1774811363642,1774811363644,1774811363644,1.00,0.00,local,0.0,0.95,10.0000,0,0.85,15.0000,0.95
fo-1774811363955441489,cdt2,gas-measurement,idt2a,idt2b,1774811363953,1774811363955,1774811363955,1.00,0.00,local,0.0,0.95,10.0000,0,0.85,15.0000,0.95
fo-1774811364281522998,cdt2,gas-measurement,idt2a,idt2b,1774811364274,1774811364281,1774811364281,6.00,0.00,local,0.0,0.95,10.0000,0.1,0.85,15.0000,0.95
fo-1774811364608383707,cdt2,gas-measurement,idt2a,idt2b,1774811364601,1774811364608,1774811364608,7.00,0.00,local,0.0,0.95,10.0000,0.1,0.85,15.0000,0.95
fo-1774811364935760839,cdt2,gas-measurement,idt2a,idt2b,1774811364928,1774811364935,1774811364935,7.00,0.00,local,0.0,0.95,10.0000,0.1,0.85,15.0000,0.95
fo-1774811365261740726,cdt2,gas-measurement,idt2a,idt2b,1774811365254,1774811365261,1774811365261,7.00,0.00,local,0.0,0.95,10.0000,0.1,0.85,15.0000,0.95
fo-1774811365587981177,cdt2,gas-measurement,idt2a,idt2b,1774811365580,1774811365587,1774811365587,7.00,0.00,local,0.0,0.95,10.0000,0.1,0.85,15.0000,0.95
fo-1774811365915692503,cdt2,gas-measurement,idt2a,idt2b,1774811365908,1774811365915,1774811365915,7.00,0.00,local,0.0,0.95,10.0000,0.1,0.85,15.0000,0.95
fo-1774811366242971401,cdt2,gas-measurement,idt2a,idt2b,1774811366235,1774811366242,1774811366242,7.00,0.00,local,0.0,0.95,10.0000,0.1,0.85,15.0000,0.95
fo-1774811366169878790,cdt2,gas-measurement,idt2a,idt2b,1774811366162,1774811366169,1774811366169,7.00,0.00,local,0.0,0.95,10.0000,0.1,0.85,15.0000,0.95
fo-1774811366496630219,cdt2,gas-measurement,idt2a,idt2b,1774811366489,1774811366496,1774811366496,7.00,0.00,local,0.0,0.95,10.0000,0.1,0.85,15.0000,0.95
fo-1774811366826875158,cdt2,gas-measurement,idt2a,idt2b,1774811366816,1774811366826,1774811366826,10.00,0.00,local,0.0,0.95,10.0000,0,0.85,15.0000,0.95
fo-1774811367152578957,cdt2,gas-measurement,idt2a,idt2b,1774811367145,1774811367152,1774811367152,6.00,0.00,local,0.0,0.95,10.0000,0,0.85,15.0000,0.95
fo-1774811367480288305,cdt2,gas-measurement,idt2a,idt2b,1774811367473,1774811367480,1774811367480,7.00,0.00,local,0.0,0.95,10.0000,0,0.85,15.0000,0.95
fo-1774811367806218255,cdt2,gas-measurement,idt2a,idt2b,1774811367799,1774811367806,1774811367806,6.00,0.00,local,0.0,0.95,10.0000,0,0.85,15.0000,0.95
fo-1774811368132671716,cdt2,gas-measurement,idt2a,idt2b,1774811368125,1774811368132,1774811368132,7.00,0.00,local,0.0,0.95,10.0000,0,0.85,15.0000,0.95
fo-1774811368459927554,cdt2,gas-measurement,idt2a,idt2b,1774811368452,1774811368459,1774811368459,7.00,0.00,local,0.0,0.95,10.0000,0,0.85,15.0000,0.95
fo-1774811368785836908,cdt2,gas-measurement,idt2a,idt2b,1774811368778,1774811368785,1774811368785,7.00,0.00,local,0.0,0.95,10.0000,0,0.85,15.0000,0.95
fo-1774811369111257780,cdt2,gas-measurement,idt2a,idt2b,1774811369104,1774811369111,1774811369111,7.00,0.00,local,0.0,0.95,10.0000,0,0.85,15.0000,0.95
fo-1774811369439001398,cdt2,gas-measurement,idt2a,idt2b,1774811369431,1774811369439,1774811369439,7.00,0.00,local,0.0,0.95,10.0000,0,0.85,15.0000,0.95
fo-1774811369767447365,cdt2,gas-measurement,idt2a,idt2b,1774811369760,1774811369767,1774811369767,7.00,0.00,local,0.0,0.95,10.0000,0,0.85,15.0000,0.95
fo-1774811370094677222,cdt2,gas-measurement,idt2a,idt2b,1774811370087,1774811370094,1774811370094,7.00,0.00,local,0.0,0.95,10.0000,0,0.85,15.0000,0.95
fo-1774811370436816594,cdt2,gas-measurement,idt2a,idt2b,1774811370424,1774811370436,1774811370436,12.00,0.00,local,0.0,0.95,10.0000,0,0.85,15.0000,0.95
fo-1774811370778584922,cdt2,gas-measurement,idt2a,idt2b,1774811370766,1774811370778,1774811370778,12.00,0.00,local,0.0,0.95,10.0000,0,0.85,15.0000,0.95
fo-1774811371120372556,cdt2,gas-measurement,idt2a,idt2b,1774811371107,1774811371120,1774811371120,12.00,0.00,local,0.0,0.95,10.0000,0,0.85,15.0000,0.95
fo-1774811371462135296,cdt2,gas-measurement,idt2a,idt2b,1774811371449,1774811371462,1774811371462,12.00,0.00,local,0.0,0.95,10.0000,0,0.85,15.0000,0.95
fo-1774811371804268500,cdt2,gas-measurement,idt2a,idt2b,1774811371791,1774811371804,1774811371804,12.00,0.00,local,0.0,0.95,10.0000,0,0.85,15.0000,0.95
fo-1774811372146384608,cdt2,gas-measurement,idt2a,idt2b,1774811372133,1774811372146,1774811372146,12.00,0.00,local,0.0,0.95,10.0000,0,0.85,15.0000,0.95
fo-1774811372487696001,cdt2,gas-measurement,idt2a,idt2b,1774811372475,1774811372487,1774811372487,12.00,0.00,local,0.0,0.95,10.0000,0,0.85,15.0000,0.95
fo-1774811372822450958,cdt2,gas-measurement,idt2a,idt2b,1774811372816,1774811372822,1774811372822,5.00,0.00,local,0.0,0.95,6.0000,0,0.85,15.0000,0.95
fo-1774811373174718576,cdt2,gas-measurement,idt2a,idt2b,1774811373162,1774811373174,1774811373174,11.00,0.00,local,0.0,0.95,10.0000,0,0.85,15.0000,0.95
fo-1774811373517137495,cdt2,gas-measurement,idt2a,idt2b,1774811373504,1774811373517,1774811373517,12.00,0.00,local,0.0,0.95,10.0000,0,0.85,15.0000,0.95
fo-1774811373859276559,cdt2,gas-measurement,idt2a,idt2b,1774811373847,1774811373859,1774811373859,12.00,0.00,local,0.0,0.95,10.0000,0,0.85,15.0000,0.95
fo-1774811374199941805,cdt2,gas-measurement,idt2a,idt2b,1774811374188,1774811374199,1774811374199,11.00,0.00,local,0.0,0.95,10.0000,0,0.85,15.0000,0.95
fo-1774811374542849778,cdt2,gas-measurement,idt2a,idt2b,1774811374530,1774811374542,1774811374542,12.00,0.00,local,0.0,0.95,10.0000,0,0.85,15.0000,0.95
fo-1774811374887100975,cdt2,gas-measurement,idt2a,idt2b,1774811374874,1774811374887,1774811374887,12.00,0.00,local,0.0,0.95,10.0000,0,0.85,15.0000,0.95
fo-1774811375230294598,cdt2,gas-measurement,idt2a,idt2b,1774811375217,1774811375230,1774811375230,12.00,0.00,local,0.0,0.95,10.0000,0,0.85,15.0000,0.95
fo-1774811375573006127,cdt2,gas-measurement,idt2a,idt2b,1774811375560,1774811375573,1774811375573,12.00,0.00,local,0.0,0.95,10.0000,0,0.85,15.0000,0.95
fo-1774811375916009190,cdt2,gas-measurement,idt2a,idt2b,1774811375903,1774811375916,1774811375916,12.00,0.00,local,0.0,0.95,10.0000,0.1,0.85,15.0000,0.95
fo-1774811376258096070,cdt2,gas-measurement,idt2a,idt2b,1774811376245,1774811376258,1774811376258,12.00,0.00,local,0.0,0.95,10.0000,0.1,0.85,15.0000,0.95
fo-1774811376600545586,cdt2,gas-measurement,idt2a,idt2b,1774811376587,1774811376600,1774811376600,12.00,0.00,local,0.0,0.95,10.0000,0.1,0.85,15.0000,0.95
fo-1774811376941208487,cdt2,gas-measurement,idt2a,idt2b,1774811376929,1774811376941,1774811376941,11.00,0.00,local,0.0,0.95,10.0000,0.1,0.85,15.0000,0.95
fo-1774811377297709988,cdt2,gas-measurement,idt2a,idt2b,1774811377280,1774811377297,1774811377297,17.00,0.00,local,0.0,0.95,10.0000,0.1,0.85,15.0000,0.95
fo-1774811377655613518,cdt2,gas-measurement,idt2a,idt2b,1774811377638,1774811377655,1774811377655,17.00,0.00,local,0.0,0.95,10.0000,0.1,0.85,15.0000,0.95
fo-1774811378011295259,cdt2,gas-measurement,idt2a,idt2b,1774811377994,1774811378011,1774811378011,17.00,0.00,local,0.0,0.95,10.0000,0.1,0.85,15.0000,0.95
fo-1774811378368332294,cdt2,gas-measurement,idt2a,idt2b,1774811378351,1774811378368,1774811378368,16.00,0.00,local,0.0,0.95,10.0000,0.1,0.85,15.0000,0.95
fo-1774811378725751577,cdt2,gas-measurement,idt2a,idt2b,1774811378707,1774811378725,1774811378725,18.00,0.00,local,0.0,0.95,10.0000,0.1,0.85,15.0000,0.95
fo-1774811379082966527,cdt2,gas-measurement,idt2a,idt2b,1774811379065,1774811379082,1774811379082,17.00,0.00,local,0.0,0.95,10.0000,0,0.85,15.0000,0.95
fo-1774811379440454012,cdt2,gas-measurement,idt2a,idt2b,1774811379423,1774811379440,1774811379440,17.00,0.00,local,0.0,0.95,10.0000,0,0.85,15.0000,0.95
fo-1774811379797915554,cdt2,gas-measurement,idt2a,idt2b,1774811379780,1774811379797,1774811379797,17.00,0.00,local,0.0,0.95,10.0000,0,0.85,15.0000,0.95
fo-1774811380154833678,cdt2,gas-measurement,idt2a,idt2b,1774811380137,1774811380154,1774811380154,17.00,0.00,local,0.0,0.95,10.0000,0,0.85,15.0000,0.95
fo-1774811380512950443,cdt2,gas-measurement,idt2a,idt2b,1774811380495,1774811380512,1774811380512,17.00,0.00,local,0.0,0.95,10.0000,0,0.85,15.0000,0.95
fo-1774811380871324361,cdt2,gas-measurement,idt2a,idt2b,1774811380853,1774811380871,1774811380871,17.00,0.00,local,0.0,0.95,10.0000,0,0.85,15.0000,0.95
fo-1774811381230384133,cdt2,gas-measurement,idt2a,idt2b,1774811381212,1774811381230,1774811381230,17.00,0.00,local,0.0,0.95,10.0000,0,0.85,15.0000,0.95
fo-1774811381587379485,cdt2,gas-measurement,idt2a,idt2b,1774811381569,1774811381587,1774811381587,17.00,0.00,local,0.0,0.95,10.0000,0,0.85,15.0000,0.95
fo-1774811381944634947,cdt2,gas-measurement,idt2a,idt2b,1774811381927,1774811381944,1774811381944,17.00,0.00,local,0.0,0.95,10.0000,0.1,0.85,15.0000,0.95
fo-1774811382301551586,cdt2,gas-measurement,idt2a,idt2b,1774811382284,1774811382301,1774811382301,17.00,0.00,local,0.0,0.95,10.0000,0.1,0.85,15.0000,0.95
fo-1774811382658409792,cdt2,gas-measurement,idt2a,idt2b,1774811382640,1774811382658,1774811382658,17.00,0.00,local,0.0,0.95,10.0000,0.1,0.85,15.0000,0.95
fo-1774811383014295559,cdt2,gas-measurement,idt2a,idt2b,1774811382996,1774811383014,1774811383014,17.00,0.00,local,0.0,0.95,10.0000,0.1,0.85,15.0000,0.95
fo-1774811383371086098,cdt2,gas-measurement,idt2a,idt2b,1774811383354,1774811383371,1774811383371,16.00,0.00,local,0.0,0.95,10.0000,0.1,0.85,15.0000,0.95
fo-1774811383729203143,cdt2,gas-measurement,idt2a,idt2b,1774811383711,1774811383729,1774811383729,17.00,0.00,local,0.0,0.95,10.0000,0.1,0.85,15.0000,0.95
fo-1774811384086528992,cdt2,gas-measurement,idt2a,idt2b,1774811384068,1774811384086,1774811384086,17.00,0.00,local,0.0,0.95,10.0000,0.1,0.85,15.0000,0.95
fo-1774811384459478709,cdt2,gas-measurement,idt2a,idt2b,1774811384437,1774811384459,1774811384459,22.00,0.00,local,0.0,0.95,10.0000,0.1,0.85,15.0000,0.95
fo-1774811384816787223,cdt2,gas-measurement,idt2a,idt2b,1774811384810,1774811384816,1774811384816,6.00,0.00,local,0.0,0.95,10.0000,0.1,0.85,15.0000,0.95
fo-1774811385201978596,cdt2,gas-measurement,idt2a,idt2b,1774811385179,1774811385201,1774811385201,22.00,0.00,local,0.0,0.95,10.0000,0,0.85,15.0000,0.95
fo-1774811385575596400,cdt2,gas-measurement,idt2a,idt2b,1774811385553,1774811385575,1774811385575,22.00,0.00,local,0.0,0.95,10.0000,0,0.85,15.0000,0.95
fo-1774811385947620981,cdt2,gas-measurement,idt2a,idt2b,1774811385925,1774811385947,1774811385947,22.00,0.00,local,0.0,0.95,10.0000,0,0.85,15.0000,0.95
fo-1774811386319106210,cdt2,gas-measurement,idt2a,idt2b,1774811386296,1774811386319,1774811386319,22.00,0.00,local,0.0,0.95,10.0000,0,0.85,15.0000,0.95
fo-1774811386693105945,cdt2,gas-measurement,idt2a,idt2b,1774811386670,1774811386693,1774811386693,22.00,0.00,local,0.0,0.95,10.0000,0,0.85,15.0000,0.95
fo-1774811387065260735,cdt2,gas-measurement,idt2a,idt2b,1774811387042,1774811387065,1774811387065,22.00,0.00,local,0.0,0.95,10.0000,0,0.85,15.0000,0.95
fo-1774811387438287947,cdt2,gas-measurement,idt2a,idt2b,1774811387415,1774811387438,1774811387438,22.00,0.00,local,0.0,0.95,10.0000,0,0.85,15.0000,0.95
fo-1774811387811240330,cdt2,gas-measurement,idt2a,idt2b,1774811387788,1774811387811,1774811387811,22.00,0.00,local,0.0,0.95,10.0000,0,0.85,15.0000,0.95
fo-1774811388183291020,cdt2,gas-measurement,idt2a,idt2b,1774811388161,1774811388183,1774811388183,22.00,0.00,local,0.0,0.95,10.0000,0,0.85,15.0000,0.95
fo-1774811388555517721,cdt2,gas-measurement,idt2a,idt2b,1774811388532,1774811388555,1774811388555,22.00,0.00,local,0.0,0.95,10.0000,0,0.85,15.0000,0.95
fo-1774811388927157583,cdt2,gas-measurement,idt2a,idt2b,1774811388904,1774811388927,1774811388927,22.00,0.00,local,0.0,0.95,10.0000,0,0.85,15.0000,0.95
fo-1774811389300198989,cdt2,gas-measurement,idt2a,idt2b,1774811389277,1774811389300,1774811389300,22.00,0.00,local,0.0,0.95,10.0000,0,0.85,15.0000,0.95
fo-1774811389673463590,cdt2,gas-measurement,idt2a,idt2b,1774811389651,1774811389673,1774811389673,22.00,0.00,local,0.0,0.95,10.0000,0,0.85,15.0000,0.95
fo-1774811390045443806,cdt2,gas-measurement,idt2a,idt2b,1774811390023,1774811390045,1774811390045,22.00,0.00,local,0.0,0.95,10.0000,0,0.85,15.0000,0.95
fo-1774811390418378951,cdt2,gas-measurement,idt2a,idt2b,1774811390395,1774811390418,1774811390418,22.00,0.00,local,0.0,0.95,10.0000,0,0.85,15.0000,0.95
fo-1774811390790892750,cdt2,gas-measurement,idt2a,idt2b,1774811390768,1774811390790,1774811390790,22.00,0.00,local,0.0,0.95,10.0000,0,0.85,15.0000,0.95
fo-1774811391162236130,cdt2,gas-measurement,idt2a,idt2b,1774811391140,1774811391162,1774811391162,22.00,0.00,local,0.0,0.95,10.0000,0,0.85,15.0000,0.95
fo-1774811391534241855,cdt2,gas-measurement,idt2a,idt2b,1774811391512,1774811391534,1774811391534,22.00,0.00,local,0.0,0.95,10.0000,0,0.85,15.0000,0.95
fo-1774811391922344541,cdt2,gas-measurement,idt2a,idt2b,1774811391894,1774811391922,1774811391922,27.00,0.00,local,0.0,0.95,10.0000,0,0.85,15.0000,0.95
fo-1774811392311459810,cdt2,gas-measurement,idt2a,idt2b,1774811392283,1774811392311,1774811392311,27.00,0.00,local,0.0,0.95,10.0000,0,0.85,15.0000,0.95
fo-1774811392700750454,cdt2,gas-measurement,idt2a,idt2b,1774811392673,1774811392700,1774811392700,27.00,0.00,local,0.0,0.95,10.0000,0,0.85,15.0000,0.95
fo-1774811393087634253,cdt2,gas-measurement,idt2a,idt2b,1774811393060,1774811393087,1774811393087,27.00,0.00,local,0.0,0.95,10.0000,0,0.85,15.0000,0.95
fo-1774811393475951825,cdt2,gas-measurement,idt2a,idt2b,1774811393447,1774811393475,1774811393475,28.00,0.00,local,0.0,0.95,10.0000,0,0.85,15.0000,0.95
fo-1774811393862193413,cdt2,gas-measurement,idt2a,idt2b,1774811393816,1774811393862,1774811393862,45.00,0.00,local,0.0,0.95,1.0000,0,0.85,15.0000,0.95
fo-1774811394249377102,cdt2,gas-measurement,idt2a,idt2b,1774811394222,1774811394249,1774811394249,27.00,0.00,local,0.0,0.95,10.0000,0,0.85,15.0000,0.95
fo-1774811394636963001,cdt2,gas-measurement,idt2a,idt2b,1774811394609,1774811394636,1774811394636,27.00,0.00,local,0.0,0.95,10.0000,0,0.85,1.0000,0.95
fo-1774811395024651536,cdt2,gas-measurement,idt2a,idt2b,1774811394996,1774811395024,1774811395024,27.00,0.00,local,0.0,0.95,10.0000,0,0.85,15.0000,0.95
fo-1774811395412114868,cdt2,gas-measurement,idt2a,idt2b,1774811395384,1774811395412,1774811395412,27.00,0.00,local,0.0,0.95,10.0000,0,0.85,15.0000,0.95
fo-1774811395799667916,cdt2,gas-measurement,idt2a,idt2b,1774811395772,1774811395799,1774811395799,27.00,0.00,local,0.0,0.95,10.0000,0,0.85,15.0000,0.95
fo-1774811396186734446,cdt2,gas-measurement,idt2a,idt2b,1774811396159,1774811396186,1774811396186,27.00,0.00,local,0.0,0.95,10.0000,0,0.85,15.0000,0.95
fo-1774811396574549877,cdt2,gas-measurement,idt2a,idt2b,1774811396546,1774811396574,1774811396574,27.00,0.00,local,0.0,0.95,10.0000,0,0.85,15.0000,0.95
fo-1774811396961995970,cdt2,gas-measurement,idt2a,idt2b,1774811396934,1774811396961,1774811396961,27.00,0.00,local,0.0,0.95,10.0000,0.1,0.85,15.0000,0.95
fo-1774811397348489045,cdt2,gas-measurement,idt2a,idt2b,1774811397320,1774811397348,1774811397348,27.00,0.00,local,0.0,0.95,10.0000,0.1,0.85,15.0000,0.95
fo-1774811397737088171,cdt2,gas-measurement,idt2a,idt2b,1774811397709,1774811397737,1774811397737,27.00,0.00,local,0.0,0.95,10.0000,0.1,0.85,15.0000,0.95
fo-1774811398123980160,cdt2,gas-measurement,idt2a,idt2b,1774811398096,1774811398123,1774811398123,27.00,0.00,local,0.0,0.95,10.0000,0.1,0.85,15.0000,0.95
fo-1774811398513395507,cdt2,gas-measurement,idt2a,idt2b,1774811398485,1774811398513,1774811398513,28.00,0.00,local,0.0,0.95,10.0000,0.1,0.85,15.0000,0.95
fo-1774811398902087765,cdt2,gas-measurement,idt2a,idt2b,1774811398874,1774811398902,1774811398902,27.00,0.00,local,0.0,0.95,10.0000,0.1,0.85,15.0000,0.95
fo-1774811399287643632,cdt2,gas-measurement,idt2a,idt2b,1774811399260,1774811399287,1774811399287,27.00,0.00,local,0.0,0.95,10.0000,0.1,0.85,15.0000,0.95
fo-1774811399688699154,cdt2,gas-measurement,idt2a,idt2b,1774811399656,1774811399688,1774811399688,32.00,0.00,local,0.0,0.95,10.0000,0.1,0.85,15.0000,0.95
fo-1774811400089414826,cdt2,gas-measurement,idt2a,idt2b,1774811400057,1774811400089,1774811400089,32.00,0.00,local,0.0,0.95,10.0000,0.1,0.85,15.0000,0.95
fo-1774811400489661991,cdt2,gas-measurement,idt2a,idt2b,1774811400457,1774811400489,1774811400489,32.00,0.00,local,0.0,0.95,10.0000,0,0.85,15.0000,0.95
fo-1774811400890636883,cdt2,gas-measurement,idt2a,idt2b,1774811400858,1774811400890,1774811400890,32.00,0.00,local,0.0,0.95,10.0000,0,0.85,15.0000,0.95
fo-1774811401290839538,cdt2,gas-measurement,idt2a,idt2b,1774811401258,1774811401290,1774811401290,32.00,0.00,local,0.0,0.95,10.0000,0,0.85,15.0000,0.95
fo-1774811401691766721,cdt2,gas-measurement,idt2a,idt2b,1774811401659,1774811401691,1774811401691,32.00,0.00,local,0.0,0.95,10.0000,0,0.85,15.0000,0.95
fo-1774811402092261998,cdt2,gas-measurement,idt2a,idt2b,1774811402059,1774811402092,1774811402092,32.00,0.00,local,0.0,0.95,10.0000,0,0.85,15.0000,0.95
fo-1774811402493355923,cdt2,gas-measurement,idt2a,idt2b,1774811402461,1774811402493,1774811402493,32.00,0.00,local,0.0,0.95,10.0000,0,0.85,15.0000,0.95
fo-1774811402893916757,cdt2,gas-measurement,idt2a,idt2b,1774811402861,1774811402893,1774811402893,32.00,0.00,local,0.0,0.95,10.0000,0.1,0.85,15.0000,0.95
fo-1774811403295471788,cdt2,gas-measurement,idt2a,idt2b,1774811403263,1774811403295,1774811403295,32.00,0.00,local,0.0,0.95,10.0000,0.1,0.85,15.0000,0.95
fo-1774811403696831961,cdt2,gas-measurement,idt2a,idt2b,1774811403664,1774811403696,1774811403696,32.00,0.00,local,0.0,0.95,10.0000,0.1,0.85,15.0000,0.95
fo-1774811404098359083,cdt2,gas-measurement,idt2a,idt2b,1774811404065,1774811404098,1774811404098,32.00,0.00,local,0.0,0.95,10.0000,0.1,0.85,15.0000,0.95
fo-1774811404500546313,cdt2,gas-measurement,idt2a,idt2b,1774811404468,1774811404500,1774811404500,32.00,0.00,local,0.0,0.95,10.0000,0.1,0.85,15.0000,0.95
fo-1774811404901382933,cdt2,gas-measurement,idt2a,idt2b,1774811404868,1774811404901,1774811404901,32.00,0.00,local,0.0,0.95,10.0000,0.1,0.85,15.0000,0.95
fo-1774811405302747525,cdt2,gas-measurement,idt2a,idt2b,1774811405270,1774811405302,1774811405302,32.00,0.00,local,0.0,0.95,10.0000,0.1,0.85,15.0000,0.95
fo-1774811405703362019,cdt2,gas-measurement,idt2a,idt2b,1774811405671,1774811405703,1774811405703,32.00,0.00,local,0.0,0.95,10.0000,0.1,0.85,15.0000,0.95
fo-1774811406103524803,cdt2,gas-measurement,idt2a,idt2b,1774811406071,1774811406103,1774811406103,32.00,0.00,local,0.0,0.95,10.0000,0.1,0.85,15.0000,0.95
fo-1774811406504664158,cdt2,gas-measurement,idt2a,idt2b,1774811406472,1774811406504,1774811406504,32.00,0.00,local,0.0,0.95,10.0000,0,0.85,15.0000,0.95
fo-1774811406906273803,cdt2,gas-measurement,idt2a,idt2b,1774811406874,1774811406906,1774811406906,32.00,0.00,local,0.0,0.95,10.0000,0,0.85,15.0000,0.95
fo-1774811407307085918,cdt2,gas-measurement,idt2a,idt2b,1774811407274,1774811407307,1774811407307,32.00,0.00,local,0.0,0.95,10.0000,0,0.85,15.0000,0.95
fo-1774811407723118483,cdt2,gas-measurement,idt2a,idt2b,1774811407685,1774811407723,1774811407723,37.00,0.00,local,0.0,0.95,10.0000,0,0.85,15.0000,0.95
fo-1774811408139601475,cdt2,gas-measurement,idt2a,idt2b,1774811408102,1774811408139,1774811408139,37.00,0.00,local,0.0,0.95,10.0000,0,0.85,15.0000,0.95
fo-1774811408555066370,cdt2,gas-measurement,idt2a,idt2b,1774811408517,1774811408555,1774811408555,37.00,0.00,local,0.0,0.95,10.0000,0,0.85,15.0000,0.95
fo-1774811408971487719,cdt2,gas-measurement,idt2a,idt2b,1774811408933,1774811408971,1774811408971,37.00,0.00,local,0.0,0.95,10.0000,0.1,0.85,15.0000,0.95
fo-1774811409388189698,cdt2,gas-measurement,idt2a,idt2b,1774811409350,1774811409388,1774811409388,37.00,0.00,local,0.0,0.95,10.0000,0.1,0.85,15.0000,0.95
fo-1774811409805051055,cdt2,gas-measurement,idt2a,idt2b,1774811409767,1774811409805,1774811409805,37.00,0.00,local,0.0,0.95,10.0000,0.1,0.85,15.0000,0.95
fo-1774811410221319404,cdt2,gas-measurement,idt2a,idt2b,1774811410183,1774811410221,1774811410221,37.00,0.00,local,0.0,0.95,10.0000,0.1,0.85,15.0000,0.95
fo-1774811410638784600,cdt2,gas-measurement,idt2a,idt2b,1774811410601,1774811410638,1774811410638,37.00,0.00,local,0.0,0.95,10.0000,0.1,0.85,15.0000,0.95
fo-1774811411055490979,cdt2,gas-measurement,idt2a,idt2b,1774811411017,1774811411055,1774811411055,37.00,0.00,local,0.0,0.95,10.0000,0.1,0.85,15.0000,0.95
fo-1774811411472668252,cdt2,gas-measurement,idt2a,idt2b,1774811411435,1774811411472,1774811411472,37.00,0.00,local,0.0,0.95,10.0000,0.1,0.85,15.0000,0.95
fo-1774811411888938040,cdt2,gas-measurement,idt2a,idt2b,1774811411817,1774811411888,1774811411888,71.00,0.00,local,0.0,0.95,10.0000,0.1,0.85,15.0000,0.95
fo-1774811412305072296,cdt2,gas-measurement,idt2a,idt2b,1774811412267,1774811412305,1774811412305,37.00,0.00,local,0.0,0.95,10.0000,0,0.85,15.0000,0.95
fo-1774811412721310492,cdt2,gas-measurement,idt2a,idt2b,1774811412683,1774811412721,1774811412721,37.00,0.00,local,0.0,0.95,10.0000,0,0.85,15.0000,0.95
fo-1774811413138325699,cdt2,gas-measurement,idt2a,idt2b,1774811413100,1774811413138,1774811413138,37.00,0.00,local,0.0,0.95,10.0000,0,0.85,15.0000,0.95
fo-1774811413555500238,cdt2,gas-measurement,idt2a,idt2b,1774811413517,1774811413555,1774811413555,37.00,0.00,local,0.0,0.95,10.0000,0,0.85,15.0000,0.95
fo-1774811413971947234,cdt2,gas-measurement,idt2a,idt2b,1774811413934,1774811413971,1774811413971,37.00,0.00,local,0.0,0.95,10.0000,0,0.85,15.0000,0.95
fo-1774811414389790290,cdt2,gas-measurement,idt2a,idt2b,1774811414352,1774811414389,1774811414389,37.00,0.00,local,0.0,0.95,10.0000,0,0.85,15.0000,0.95
fo-1774811414806471597,cdt2,gas-measurement,idt2a,idt2b,1774811414768,1774811414806,1774811414806,38.00,0.00,local,0.0,0.95,1.0000,0,0.85,1.0000,0.95
fo-1774811415224117185,cdt2,gas-measurement,idt2a,idt2b,1774811415186,1774811415224,1774811415224,37.00,0.00,local,0.0,0.95,10.0000,0,0.85,15.0000,0.95
fo-1774811415642328287,cdt2,gas-measurement,idt2a,idt2b,1774811415604,1774811415642,1774811415642,37.00,0.00,local,0.0,0.95,10.0000,0,0.85,15.0000,0.95
fo-1774811416075231326,cdt2,gas-measurement,idt2a,idt2b,1774811416032,1774811416075,1774811416075,42.00,0.00,local,0.0,0.95,10.0000,0,0.85,15.0000,0.95
fo-1774811416507708576,cdt2,gas-measurement,idt2a,idt2b,1774811416464,1774811416507,1774811416507,42.00,0.00,local,0.0,0.95,10.0000,0,0.85,15.0000,0.95
fo-1774811416940256421,cdt2,gas-measurement,idt2a,idt2b,1774811416897,1774811416940,1774811416940,42.00,0.00,local,0.0,0.95,10.0000,0,0.85,15.0000,0.95
fo-1774811417374105115,cdt2,gas-measurement,idt2a,idt2b,1774811417330,1774811417374,1774811417374,43.00,0.00,local,0.0,0.95,10.0000,0,0.85,15.0000,0.95
fo-1774811417807338594,cdt2,gas-measurement,idt2a,idt2b,1774811417764,1774811417807,1774811417807,42.00,0.00,local,0.0,0.95,10.0000,0,0.85,15.0000,0.95
fo-1774811418240281613,cdt2,gas-measurement,idt2a,idt2b,1774811418197,1774811418240,1774811418240,43.00,0.00,local,0.0,0.95,10.0000,0,0.85,15.0000,0.95
fo-1774811418672635147,cdt2,gas-measurement,idt2a,idt2b,1774811418629,1774811418672,1774811418672,42.00,0.00,local,0.0,0.95,10.0000,0,0.85,15.0000,0.95
fo-1774811419106601290,cdt2,gas-measurement,idt2a,idt2b,1774811419063,1774811419106,1774811419106,42.00,0.00,local,0.0,0.95,10.0000,0,0.85,15.0000,0.95
fo-1774811419539700195,cdt2,gas-measurement,idt2a,idt2b,1774811419497,1774811419539,1774811419539,42.00,0.00,local,0.0,0.95,10.0000,0,0.85,15.0000,0.95
fo-1774811419972557062,cdt2,gas-measurement,idt2a,idt2b,1774811419929,1774811419972,1774811419972,42.00,0.00,local,0.0,0.95,10.0000,0,0.85,15.0000,0.95
fo-1774811420404988831,cdt2,gas-measurement,idt2a,idt2b,1774811420362,1774811420404,1774811420404,42.00,0.00,local,0.0,0.95,10.0000,0,0.85,15.0000,0.95
fo-1774811420817214871,cdt2,gas-measurement,idt2a,idt2b,1774811420794,1774811420817,1774811420817,22.00,0.00,local,0.0,0.95,10.0000,0,0.85,15.0000,0.95
fo-1774811421267380354,cdt2,gas-measurement,idt2a,idt2b,1774811421224,1774811421267,1774811421267,43.00,0.00,local,0.0,0.95,10.0000,0,0.85,15.0000,0.95
fo-1774811421699522520,cdt2,gas-measurement,idt2a,idt2b,1774811421656,1774811421699,1774811421699,43.00,0.00,local,0.0,0.95,1.0000,0,0.85,15.0000,0.95
fo-1774811422132351769,cdt2,gas-measurement,idt2a,idt2b,1774811422090,1774811422132,1774811422132,42.00,0.00,local,0.0,0.95,10.0000,0,0.85,15.0000,0.95
fo-1774811422567016772,cdt2,gas-measurement,idt2a,idt2b,1774811422524,1774811422567,1774811422567,42.00,0.00,local,0.0,0.95,10.0000,0,0.85,15.0000,0.95
fo-1774811423001412467,cdt2,gas-measurement,idt2a,idt2b,1774811422958,1774811423001,1774811423001,42.00,0.00,local,0.0,0.95,10.0000,0,0.85,15.0000,0.95
fo-1774811423434444563,cdt2,gas-measurement,idt2a,idt2b,1774811423391,1774811423434,1774811423434,42.00,0.00,local,0.0,0.95,10.0000,0,0.85,15.0000,0.95
fo-1774811423867135185,cdt2,gas-measurement,idt2a,idt2b,1774811423818,1774811423867,1774811423867,48.00,0.00,local,0.0,0.95,10.0000,0,0.85,15.0000,0.95
fo-1774811424299586916,cdt2,gas-measurement,idt2a,idt2b,1774811424256,1774811424299,1774811424299,43.00,0.00,local,0.0,0.95,10.0000,0,0.85,15.0000,0.95
fo-1774811424747401032,cdt2,gas-measurement,idt2a,idt2b,1774811424700,1774811424747,1774811424747,47.00,0.00,local,0.0,0.95,10.0000,0,0.85,15.0000,0.95
fo-1774811425193529362,cdt2,gas-measurement,idt2a,idt2b,1774811425146,1774811425193,1774811425193,47.00,0.00,local,0.0,0.95,10.0000,0,0.85,15.0000,0.95
fo-1774811425641846620,cdt2,gas-measurement,idt2a,idt2b,1774811425593,1774811425641,1774811425641,48.00,0.00,local,0.0,0.95,1.0000,0,0.85,15.0000,0.95
fo-1774811426088542506,cdt2,gas-measurement,idt2a,idt2b,1774811426040,1774811426088,1774811426088,47.00,0.00,local,0.0,0.95,10.0000,0,0.85,15.0000,0.95
fo-1774811426537058658,cdt2,gas-measurement,idt2a,idt2b,1774811426489,1774811426537,1774811426537,48.00,0.00,local,0.0,0.95,10.0000,0,0.85,15.0000,0.95
fo-1774811426986774595,cdt2,gas-measurement,idt2a,idt2b,1774811426938,1774811426986,1774811426986,48.00,0.00,local,0.0,0.95,10.0000,0.1,0.85,15.0000,0.95
fo-1774811427434950225,cdt2,gas-measurement,idt2a,idt2b,1774811427387,1774811427434,1774811427434,47.00,0.00,local,0.0,0.95,10.0000,0.1,0.85,15.0000,0.95
fo-1774811427882003837,cdt2,gas-measurement,idt2a,idt2b,1774811427834,1774811427882,1774811427882,47.00,0.00,local,0.0,0.95,10.0000,0.1,0.85,15.0000,0.95
fo-1774811428330275914,cdt2,gas-measurement,idt2a,idt2b,1774811428282,1774811428330,1774811428330,47.00,0.00,local,0.0,0.95,10.0000,0.1,0.85,15.0000,0.95
fo-1774811428778093024,cdt2,gas-measurement,idt2a,idt2b,1774811428730,1774811428778,1774811428778,47.00,0.00,local,0.0,0.95,10.0000,0.1,0.85,15.0000,0.95
fo-1774811429227185802,cdt2,gas-measurement,idt2a,idt2b,1774811429179,1774811429227,1774811429227,47.00,0.00,local,0.0,0.95,10.0000,0.1,0.85,15.0000,0.95
fo-1774811429676405882,cdt2,gas-measurement,idt2a,idt2b,1774811429628,1774811429676,1774811429676,48.00,0.00,local,0.0,0.95,10.0000,0.1,0.85,15.0000,0.95
fo-1774811430123811973,cdt2,gas-measurement,idt2a,idt2b,1774811430076,1774811430123,1774811430123,47.00,0.00,local,0.0,0.95,10.0000,0.1,0.85,15.0000,0.95
fo-1774811430571986449,cdt2,gas-measurement,idt2a,idt2b,1774811430524,1774811430571,1774811430571,47.00,0.00,local,0.0,0.95,10.0000,0.1,0.85,15.0000,0.95
fo-1774811431019336649,cdt2,gas-measurement,idt2a,idt2b,1774811430972,1774811431019,1774811431019,47.00,0.00,local,0.0,0.95,10.0000,0,0.85,15.0000,0.95
fo-1774811431464963973,cdt2,gas-measurement,idt2a,idt2b,1774811431417,1774811431464,1774811431464,47.00,0.00,local,0.0,0.95,10.0000,0,0.85,15.0000,0.95
fo-1774811431909907831,cdt2,gas-measurement,idt2a,idt2b,1774811431862,1774811431909,1774811431909,46.00,0.00,local,0.0,0.95,10.0000,0,0.85,15.0000,0.95
fo-1774811432355227329,cdt2,gas-measurement,idt2a,idt2b,1774811432308,1774811432355,1774811432355,47.00,0.00,local,0.0,0.95,10.0000,0,0.85,15.0000,0.95
fo-1774811432800125256,cdt2,gas-measurement,idt2a,idt2b,1774811432752,1774811432800,1774811432800,47.00,0.00,local,0.0,0.95,10.0000,0,0.85,15.0000,0.95
fo-1774811433246062608,cdt2,gas-measurement,idt2a,idt2b,1774811433198,1774811433246,1774811433246,47.00,0.00,local,0.0,0.95,1.0000,0,0.85,15.0000,0.95
fo-1774811433706872160,cdt2,gas-measurement,idt2a,idt2b,1774811433654,1774811433706,1774811433706,52.00,0.00,local,0.0,0.95,10.0000,0,0.85,15.0000,0.95
fo-1774811434167153081,cdt2,gas-measurement,idt2a,idt2b,1774811434115,1774811434167,1774811434167,52.00,0.00,local,0.0,0.95,10.0000,0,0.85,15.0000,0.95
fo-1774811434627776791,cdt2,gas-measurement,idt2a,idt2b,1774811434575,1774811434627,1774811434627,52.00,0.00,local,0.0,0.95,10.0000,0,0.85,15.0000,0.95
fo-1774811435087793537,cdt2,gas-measurement,idt2a,idt2b,1774811435035,1774811435087,1774811435087,52.00,0.00,local,0.0,0.95,10.0000,0,0.85,15.0000,0.95
fo-1774811435547694952,cdt2,gas-measurement,idt2a,idt2b,1774811435495,1774811435547,1774811435547,52.00,0.00,local,0.0,0.95,10.0000,0,0.85,15.0000,0.95
fo-1774811436008286414,cdt2,gas-measurement,idt2a,idt2b,1774811435955,1774811436008,1774811436008,52.00,0.00,local,0.0,0.95,10.0000,0.1,0.85,15.0000,0.95
fo-1774811436468514858,cdt2,gas-measurement,idt2a,idt2b,1774811436416,1774811436468,1774811436468,51.00,0.00,local,0.0,0.95,10.0000,0.1,0.85,15.0000,0.95
fo-1774811436928805713,cdt2,gas-measurement,idt2a,idt2b,1774811436876,1774811436928,1774811436928,52.00,0.00,local,0.0,0.95,10.0000,0.1,0.85,15.0000,0.95
fo-1774811437394419391,cdt2,gas-measurement,idt2a,idt2b,1774811437342,1774811437394,1774811437394,52.00,0.00,local,0.0,0.95,10.0000,0.1,0.85,15.0000,0.95
fo-1774811437855036985,cdt2,gas-measurement,idt2a,idt2b,1774811437802,1774811437855,1774811437855,52.00,0.00,local,0.0,0.95,10.0000,0.1,0.85,15.0000,0.95
fo-1774811438315542537,cdt2,gas-measurement,idt2a,idt2b,1774811438263,1774811438315,1774811438315,52.00,0.00,local,0.0,0.95,10.0000,0.1,0.85,15.0000,0.95
fo-1774811438776767359,cdt2,gas-measurement,idt2a,idt2b,1774811438724,1774811438776,1774811438776,52.00,0.00,local,0.0,0.95,10.0000,0.1,0.85,15.0000,0.95
fo-1774811439237949809,cdt2,gas-measurement,idt2a,idt2b,1774811439185,1774811439237,1774811439237,52.00,0.00,local,0.0,0.95,10.0000,0.1,0.85,15.0000,0.95
fo-1774811439700082038,cdt2,gas-measurement,idt2a,idt2b,1774811439647,1774811439700,1774811439700,52.00,0.00,local,0.0,0.95,10.0000,0.1,0.85,15.0000,0.95
fo-1774811440162220073,cdt2,gas-measurement,idt2a,idt2b,1774811440109,1774811440162,1774811440162,52.00,0.00,local,0.0,0.95,10.0000,0,0.85,15.0000,0.95
fo-1774811440623765037,cdt2,gas-measurement,idt2a,idt2b,1774811440571,1774811440623,1774811440623,52.00,0.00,local,0.0,0.95,10.0000,0,0.85,15.0000,0.95
fo-1774811441084713491,cdt2,gas-measurement,idt2a,idt2b,1774811441031,1774811441084,1774811441084,52.00,0.00,local,0.0,0.95,10.0000,0,0.85,15.0000,0.95
fo-1774811441545706450,cdt2,gas-measurement,idt2a,idt2b,1774811441493,1774811441545,1774811441545,52.00,0.00,local,0.0,0.95,10.0000,0,0.85,1.0000,0.95
fo-1774811442006768558,cdt2,gas-measurement,idt2a,idt2b,1774811441953,1774811442006,1774811442006,52.00,0.00,local,0.0,0.95,10.0000,0.1,0.85,15.0000,0.95
fo-1774811442468139327,cdt2,gas-measurement,idt2a,idt2b,1774811442415,1774811442468,1774811442468,52.00,0.00,local,0.0,0.95,10.0000,0.1,0.85,15.0000,0.95
fo-1774812272892438391,cdt2,gas-measurement,idt2a,idt2b,1774812272890,1774812272892,1774812272892,2.38,0.00,local,0.0,0.95,10.0000,0.75,0.85,1.1183,0.95
fo-1774812273204478891,cdt2,gas-measurement,idt2a,idt2b,1774812273202,1774812273204,1774812273204,2.18,0.00,local,0.0,0.95,10.0000,0.6,0.85,0.8195,0.95
fo-1774812273516482654,cdt2,gas-measurement,idt2a,idt2b,1774812273514,1774812273516,1774812273516,2.11,0.00,local,0.0,0.95,10.0000,0.5,0.85,0.8010,0.95
fo-1774812273834619451,cdt2,gas-measurement,idt2a,idt2b,1774812273831,1774812273834,1774812273834,3.57,0.00,local,0.0,0.95,1.0000,0.428571,0.85,0.9565,0.95
fo-1774812274148038291,cdt2,gas-measurement,idt2a,idt2b,1774812274145,1774812274148,1774812274148,2.11,0.00,local,0.0,0.95,10.0000,0.375,0.85,0.8682,0.95
fo-1774812274460644398,cdt2,gas-measurement,idt2a,idt2b,1774812274458,1774812274460,1774812274460,1.78,0.00,local,0.0,0.95,10.0000,0.333333,0.85,0.7124,0.95
fo-1774812274774540573,cdt2,gas-measurement,idt2a,idt2b,1774812274772,1774812274774,1774812274774,2.14,0.00,local,0.0,0.95,10.0000,0.3,0.85,1.0174,0.95
fo-1774812275087819438,cdt2,gas-measurement,idt2a,idt2b,1774812275085,1774812275087,1774812275087,2.07,0.00,local,0.0,0.95,10.0000,0.2,0.85,0.6925,0.95
fo-1774812275398924141,cdt2,gas-measurement,idt2a,idt2b,1774812275396,1774812275398,1774812275398,2.22,0.00,local,0.0,0.95,10.0000,0.1,0.85,1.0164,0.95
fo-1774812275712076901,cdt2,gas-measurement,idt2a,idt2b,1774812275710,1774812275712,1774812275712,1.92,0.00,local,0.0,0.95,10.0000,0,0.85,0.8640,0.95
fo-1774812276042328096,cdt2,gas-measurement,idt2a,idt2b,1774812276034,1774812276042,1774812276042,7.55,0.00,local,0.0,0.95,10.0000,0,0.85,1.1862,0.95
fo-1774812276372413674,cdt2,gas-measurement,idt2a,idt2b,1774812276364,1774812276372,1774812276372,7.69,0.00,local,0.0,0.95,10.0000,0,0.85,0.7224,0.95
fo-1774812276702565373,cdt2,gas-measurement,idt2a,idt2b,1774812276695,1774812276702,1774812276702,7.21,0.00,local,0.0,0.95,10.0000,0,0.85,0.7866,0.95
fo-1774812277034074893,cdt2,gas-measurement,idt2a,idt2b,1774812277026,1774812277034,1774812277034,7.74,0.00,local,0.0,0.95,10.0000,0,0.85,0.7504,0.95
fo-1774812277365348735,cdt2,gas-measurement,idt2a,idt2b,1774812277357,1774812277365,1774812277365,7.70,0.00,local,0.0,0.95,10.0000,0,0.85,0.7220,0.95
fo-1774812277696099754,cdt2,gas-measurement,idt2a,idt2b,1774812277688,1774812277696,1774812277696,7.61,0.00,local,0.0,0.95,10.0000,0,0.85,0.6589,0.95
fo-1774812278024210762,cdt2,gas-measurement,idt2a,idt2b,1774812278016,1774812278024,1774812278024,8.02,0.00,local,0.0,0.95,1.0000,0,0.85,0.7732,0.95
fo-1774812278353328753,cdt2,gas-measurement,idt2a,idt2b,1774812278346,1774812278353,1774812278353,7.16,0.00,local,0.0,0.95,10.0000,0,0.85,0.8488,0.95
fo-1774812278683939230,cdt2,gas-measurement,idt2a,idt2b,1774812278676,1774812278683,1774812278683,7.86,0.00,local,0.0,0.95,10.0000,0,0.85,0.6608,0.95
fo-1774812279015079772,cdt2,gas-measurement,idt2a,idt2b,1774812279007,1774812279015,1774812279015,7.95,0.00,local,0.0,0.95,10.0000,0,0.85,0.8800,0.95
fo-1774812279359023000,cdt2,gas-measurement,idt2a,idt2b,1774812279346,1774812279359,1774812279359,12.74,0.00,local,0.0,0.95,10.0000,0,0.85,0.9342,0.95
fo-1774812279705300097,cdt2,gas-measurement,idt2a,idt2b,1774812279692,1774812279705,1774812279705,12.75,0.00,local,0.0,0.95,10.0000,0,0.85,0.8506,0.95
fo-1774812280050321079,cdt2,gas-measurement,idt2a,idt2b,1774812280037,1774812280050,1774812280050,12.81,0.00,local,0.0,0.95,10.0000,0,0.85,0.7282,0.95
fo-1774812280398106302,cdt2,gas-measurement,idt2a,idt2b,1774812280385,1774812280398,1774812280398,13.05,0.00,local,0.0,0.95,10.0000,0,0.85,0.7037,0.95
fo-1774812280752531232,cdt2,gas-measurement,idt2a,idt2b,1774812280740,1774812280752,1774812280752,12.36,0.00,local,0.0,0.95,10.0000,0,0.85,0.8225,0.95
fo-1774812281099417129,cdt2,gas-measurement,idt2a,idt2b,1774812281086,1774812281099,1774812281099,12.63,0.00,local,0.0,0.95,10.0000,0,0.85,0.8674,0.95
fo-1774812281444393493,cdt2,gas-measurement,idt2a,idt2b,1774812281431,1774812281444,1774812281444,12.89,0.00,local,0.0,0.95,10.0000,0,0.85,0.7861,0.95
fo-1774812281797056152,cdt2,gas-measurement,idt2a,idt2b,1774812281783,1774812281797,1774812281797,13.16,0.00,local,0.0,0.95,10.0000,0,0.85,0.9422,0.95
fo-1774812282143713612,cdt2,gas-measurement,idt2a,idt2b,1774812282130,1774812282143,1774812282143,13.14,0.00,local,0.0,0.95,10.0000,0.1,0.85,0.7646,0.95
fo-1774812282489703555,cdt2,gas-measurement,idt2a,idt2b,1774812282477,1774812282489,1774812282489,12.26,0.00,local,0.0,0.95,10.0000,0.1,0.85,0.7042,0.95
fo-1774812282849914822,cdt2,gas-measurement,idt2a,idt2b,1774812282831,1774812282849,1774812282849,18.10,0.00,local,0.0,0.95,10.0000,0.1,0.85,0.6486,0.95
fo-1774812283208928198,cdt2,gas-measurement,idt2a,idt2b,1774812283191,1774812283208,1774812283208,17.83,0.00,local,0.0,0.95,10.0000,0.1,0.85,0.7900,0.95
fo-1774812283569948582,cdt2,gas-measurement,idt2a,idt2b,1774812283551,1774812283569,1774812283569,18.35,0.00,local,0.0,0.95,10.0000,0.1,0.85,0.9159,0.95
fo-1774812283932039259,cdt2,gas-measurement,idt2a,idt2b,1774812283913,1774812283932,1774812283932,18.15,0.00,local,0.0,0.95,1.0000,0.1,0.85,0.6855,0.95
fo-1774812284293524093,cdt2,gas-measurement,idt2a,idt2b,1774812284275,1774812284293,1774812284293,18.37,0.00,local,0.0,0.95,10.0000,0.1,0.85,0.9058,0.95
fo-1774812284654399056,cdt2,gas-measurement,idt2a,idt2b,1774812284636,1774812284654,1774812284654,18.20,0.00,local,0.0,0.95,10.0000,0.1,0.85,0.7932,0.95
fo-1774812285015917594,cdt2,gas-measurement,idt2a,idt2b,1774812284997,1774812285015,1774812285015,18.16,0.00,local,0.0,0.95,10.0000,0.1,0.85,0.7665,0.95
fo-1774812285374875441,cdt2,gas-measurement,idt2a,idt2b,1774812285357,1774812285374,1774812285374,17.63,0.00,local,0.0,0.95,10.0000,0,0.85,0.7638,0.95
fo-1774812285733041465,cdt2,gas-measurement,idt2a,idt2b,1774812285714,1774812285733,1774812285733,18.06,0.00,local,0.0,0.95,10.0000,0,0.85,0.8084,0.95
fo-1774812286092721699,cdt2,gas-measurement,idt2a,idt2b,1774812286074,1774812286092,1774812286092,17.81,0.00,local,0.0,0.95,10.0000,0,0.85,0.7418,0.95
fo-1774812286469776466,cdt2,gas-measurement,idt2a,idt2b,1774812286446,1774812286469,1774812286469,23.05,0.00,local,0.0,0.95,10.0000,0,0.85,0.8607,0.95
fo-1774812286846318082,cdt2,gas-measurement,idt2a,idt2b,1774812286823,1774812286846,1774812286846,22.68,0.00,local,0.0,0.95,10.0000,0,0.85,0.7599,0.95
fo-1774812287223358153,cdt2,gas-measurement,idt2a,idt2b,1774812287199,1774812287223,1774812287223,23.51,0.00,local,0.0,0.95,1.0000,0,0.85,0.8244,0.95
fo-1774812287597889668,cdt2,gas-measurement,idt2a,idt2b,1774812287575,1774812287597,1774812287597,22.78,0.00,local,0.0,0.95,10.0000,0,0.85,0.7357,0.95
fo-1774812287975561269,cdt2,gas-measurement,idt2a,idt2b,1774812287953,1774812287975,1774812287975,22.47,0.00,local,0.0,0.95,10.0000,0,0.85,0.8591,0.95
fo-1774812288349932677,cdt2,gas-measurement,idt2a,idt2b,1774812288327,1774812288349,1774812288349,22.80,0.00,local,0.0,0.95,10.0000,0,0.85,0.7488,0.95
fo-1774812288727343400,cdt2,gas-measurement,idt2a,idt2b,1774812288704,1774812288727,1774812288727,22.77,0.00,local,0.0,0.95,10.0000,0,0.85,0.8510,0.95
fo-1774812289100991831,cdt2,gas-measurement,idt2a,idt2b,1774812289078,1774812289100,1774812289100,22.44,0.00,local,0.0,0.95,10.0000,0,0.85,0.7405,0.95
fo-1774812289477337932,cdt2,gas-measurement,idt2a,idt2b,1774812289454,1774812289477,1774812289477,22.89,0.00,local,0.0,0.95,10.0000,0,0.85,0.6916,0.95
fo-1774812289853467448,cdt2,gas-measurement,idt2a,idt2b,1774812289830,1774812289853,1774812289853,23.37,0.00,local,0.0,0.95,10.0000,0,0.85,0.7065,0.95
fo-1774812290245955431,cdt2,gas-measurement,idt2a,idt2b,1774812290217,1774812290245,1774812290245,28.32,0.00,local,0.0,0.95,1.0000,0,0.85,0.7219,0.95
fo-1774812290126926336,cdt2,gas-measurement,idt2a,idt2b,1774812290605,1774812290126,1774812290126,28.57,0.00,local,0.0,0.95,10.0000,0,0.85,0.7978,0.95
fo-1774812290516923153,cdt2,gas-measurement,idt2a,idt2b,1774812290488,1774812290516,1774812290516,28.05,0.00,local,0.0,0.95,10.0000,0,0.85,0.8844,0.95
fo-1774812290918052820,cdt2,gas-measurement,idt2a,idt2b,1774812290888,1774812290918,1774812290918,29.87,0.00,local,0.0,0.95,1.0000,0,0.85,0.7378,0.95
fo-1774812291309641422,cdt2,gas-measurement,idt2a,idt2b,1774812291281,1774812291309,1774812291309,28.29,0.00,local,0.0,0.95,10.0000,0,0.85,0.9519,0.95
fo-1774812291698691878,cdt2,gas-measurement,idt2a,idt2b,1774812291670,1774812291698,1774812291698,27.82,0.00,local,0.0,0.95,10.0000,0,0.85,0.7235,0.95
fo-1774812292090872187,cdt2,gas-measurement,idt2a,idt2b,1774812292062,1774812292090,1774812292090,28.58,0.00,local,0.0,0.95,1.0000,0,0.85,0.9320,0.95
fo-1774812292481885987,cdt2,gas-measurement,idt2a,idt2b,1774812292454,1774812292481,1774812292481,27.36,0.00,local,0.0,0.95,10.0000,0,0.85,0.7931,0.95
fo-1774812292870652015,cdt2,gas-measurement,idt2a,idt2b,1774812292842,1774812292870,1774812292870,27.80,0.00,local,0.0,0.95,10.0000,0,0.85,0.7366,0.95
fo-1774812293260294137,cdt2,gas-measurement,idt2a,idt2b,1774812293232,1774812293260,1774812293260,28.13,0.00,local,0.0,0.95,10.0000,0,0.85,0.7989,0.95
fo-1774812293667049956,cdt2,gas-measurement,idt2a,idt2b,1774812293633,1774812293667,1774812293667,33.66,0.00,local,0.0,0.95,1.0000,0.1,0.85,1.0611,0.95
fo-1774812294074037032,cdt2,gas-measurement,idt2a,idt2b,1774812294040,1774812294074,1774812294074,33.22,0.00,local,0.0,0.95,10.0000,0.1,0.85,0.8001,0.95
fo-1774812294481933385,cdt2,gas-measurement,idt2a,idt2b,1774812294448,1774812294481,1774812294481,33.57,0.00,local,0.0,0.95,10.0000,0.1,0.85,0.8048,0.95
fo-1774812294888310392,cdt2,gas-measurement,idt2a,idt2b,1774812294854,1774812294888,1774812294888,33.72,0.00,local,0.0,0.95,10.0000,0.1,0.85,0.8662,0.95
fo-1774812295294662568,cdt2,gas-measurement,idt2a,idt2b,1774812295261,1774812295294,1774812295294,33.43,0.00,local,0.0,0.95,10.0000,0.1,0.85,1.0778,0.95
fo-1774812295702059654,cdt2,gas-measurement,idt2a,idt2b,1774812295669,1774812295702,1774812295702,32.79,0.00,local,0.0,0.95,10.0000,0.1,0.85,0.8352,0.95
fo-1774812296117992626,cdt2,gas-measurement,idt2a,idt2b,1774812296084,1774812296117,1774812296117,33.47,0.00,local,0.0,0.95,10.0000,0.1,0.85,0.9705,0.95
fo-1774812296526162428,cdt2,gas-measurement,idt2a,idt2b,1774812296492,1774812296526,1774812296526,33.97,0.00,local,0.0,0.95,10.0000,0.1,0.85,1.0465,0.95
fo-1774812296934288861,cdt2,gas-measurement,idt2a,idt2b,1774812296900,1774812296934,1774812296934,33.36,0.00,local,0.0,0.95,10.0000,0.1,0.85,1.1767,0.95
fo-1774812297343669907,cdt2,gas-measurement,idt2a,idt2b,1774812297310,1774812297343,1774812297343,33.64,0.00,local,0.0,0.95,10.0000,0,0.85,1.0462,0.95
fo-1774812297765515267,cdt2,gas-measurement,idt2a,idt2b,1774812297727,1774812297765,1774812297765,38.33,0.00,local,0.0,0.95,10.0000,0,0.85,0.7476,0.95
fo-1774812298188414374,cdt2,gas-measurement,idt2a,idt2b,1774812298148,1774812298188,1774812298188,39.55,0.00,local,0.0,0.95,1.0000,0,0.85,1.0635,0.95
fo-1774812298610467302,cdt2,gas-measurement,idt2a,idt2b,1774812298572,1774812298610,1774812298610,37.82,0.00,local,0.0,0.95,10.0000,0,0.85,0.9344,0.95
fo-1774812299030440604,cdt2,gas-measurement,idt2a,idt2b,1774812298992,1774812299030,1774812299030,38.27,0.00,local,0.0,0.95,10.0000,0,0.85,0.9154,0.95
fo-1774812299451351249,cdt2,gas-measurement,idt2a,idt2b,1774812299412,1774812299451,1774812299451,38.96,0.00,local,0.0,0.95,10.0000,0,0.85,0.7403,0.95
fo-1774812299870432443,cdt2,gas-measurement,idt2a,idt2b,1774812299832,1774812299870,1774812299870,38.06,0.00,local,0.0,0.95,10.0000,0,0.85,0.7079,0.95
fo-1774812300291785654,cdt2,gas-measurement,idt2a,idt2b,1774812300252,1774812300291,1774812300291,38.88,0.00,local,0.0,0.95,10.0000,0,0.85,1.0037,0.95
fo-1774812300715059750,cdt2,gas-measurement,idt2a,idt2b,1774812300676,1774812300715,1774812300715,38.46,0.00,local,0.0,0.95,10.0000,0,0.85,0.6749,0.95
fo-1774812301147153854,cdt2,gas-measurement,idt2a,idt2b,1774812301108,1774812301147,1774812301147,38.43,0.00,local,0.0,0.95,10.0000,0,0.85,0.7149,0.95
fo-1774812301568947645,cdt2,gas-measurement,idt2a,idt2b,1774812301530,1774812301568,1774812301568,38.54,0.00,local,0.0,0.95,10.0000,0,0.85,0.7273,0.95
fo-1774812302005840359,cdt2,gas-measurement,idt2a,idt2b,1774812301962,1774812302005,1774812302005,43.59,0.00,local,0.0,0.95,10.0000,0,0.85,0.9620,0.95
fo-1774812302439810928,cdt2,gas-measurement,idt2a,idt2b,1774812302396,1774812302439,1774812302439,43.49,0.00,local,0.0,0.95,10.0000,0,0.85,0.6489,0.95
fo-1774812302873623901,cdt2,gas-measurement,idt2a,idt2b,1774812302829,1774812302873,1774812302873,43.99,0.00,local,0.0,0.95,10.0000,0,0.85,1.0254,0.95
fo-1774812303311524277,cdt2,gas-measurement,idt2a,idt2b,1774812303267,1774812303311,1774812303311,44.25,0.00,local,0.0,0.95,10.0000,0,0.85,0.9454,0.95
fo-1774812303748145346,cdt2,gas-measurement,idt2a,idt2b,1774812303704,1774812303748,1774812303748,44.03,0.00,local,0.0,0.95,10.0000,0,0.85,1.0556,0.95
fo-1774812304184744396,cdt2,gas-measurement,idt2a,idt2b,1774812304141,1774812304184,1774812304184,43.46,0.00,local,0.0,0.95,10.0000,0,0.85,0.6643,0.95
fo-1774812304618060878,cdt2,gas-measurement,idt2a,idt2b,1774812304575,1774812304618,1774812304618,42.97,0.00,local,0.0,0.95,10.0000,0,0.85,0.8135,0.95
fo-1774812305054712207,cdt2,gas-measurement,idt2a,idt2b,1774812305011,1774812305054,1774812305054,43.34,0.00,local,0.0,0.95,10.0000,0,0.85,0.6702,0.95
fo-1774812305491360129,cdt2,gas-measurement,idt2a,idt2b,1774812305447,1774812305491,1774812305491,43.79,0.00,local,0.0,0.95,10.0000,0,0.85,0.9861,0.95
fo-1774812305929964818,cdt2,gas-measurement,idt2a,idt2b,1774812305885,1774812305929,1774812305929,44.09,0.00,local,0.0,0.95,10.0000,0,0.85,0.8539,0.95
fo-1774812306389488619,cdt2,gas-measurement,idt2a,idt2b,1774812306340,1774812306389,1774812306389,49.29,0.00,local,0.0,0.95,10.0000,0,0.85,0.8901,0.95
fo-1774812306838146895,cdt2,gas-measurement,idt2a,idt2b,1774812306790,1774812306838,1774812306838,48.09,0.00,local,0.0,0.95,10.0000,0,0.85,0.7232,0.95
fo-1774812307290999169,cdt2,gas-measurement,idt2a,idt2b,1774812307242,1774812307290,1774812307290,48.77,0.00,local,0.0,0.95,10.0000,0,0.85,1.2021,0.95
fo-1774812307740936466,cdt2,gas-measurement,idt2a,idt2b,1774812307692,1774812307740,1774812307740,47.97,0.00,local,0.0,0.95,10.0000,0,0.85,0.7471,0.95
fo-1774812308191541248,cdt2,gas-measurement,idt2a,idt2b,1774812308143,1774812308191,1774812308191,47.93,0.00,local,0.0,0.95,10.0000,0,0.85,0.7597,0.95
fo-1774812308644875769,cdt2,gas-measurement,idt2a,idt2b,1774812308596,1774812308644,1774812308644,48.45,0.00,local,0.0,0.95,10.0000,0.1,0.85,0.7742,0.95
fo-1774812309096914925,cdt2,gas-measurement,idt2a,idt2b,1774812309048,1774812309096,1774812309096,48.44,0.00,local,0.0,0.95,10.0000,0.1,0.85,0.7237,0.95
fo-1774812309549475684,cdt2,gas-measurement,idt2a,idt2b,1774812309500,1774812309549,1774812309549,49.15,0.00,local,0.0,0.95,1.0000,0.1,0.85,0.9247,0.95
fo-1774812310000865735,cdt2,gas-measurement,idt2a,idt2b,1774812309952,1774812310000,1774812310000,48.74,0.00,local,0.0,0.95,10.0000,0.1,0.85,0.6524,0.95
fo-1774812310451444812,cdt2,gas-measurement,idt2a,idt2b,1774812310402,1774812310451,1774812310451,48.55,0.00,local,0.0,0.95,10.0000,0.1,0.85,0.9981,0.95
fo-1774812310915532977,cdt2,gas-measurement,idt2a,idt2b,1774812310863,1774812310915,1774812310915,52.45,0.00,local,0.0,0.95,10.0000,0.1,0.85,0.7010,0.95
fo-1774812311381944421,cdt2,gas-measurement,idt2a,idt2b,1774812311327,1774812311381,1774812311381,54.57,0.00,local,0.0,0.95,10.0000,0.1,0.85,0.8295,0.95
fo-1774812311845808701,cdt2,gas-measurement,idt2a,idt2b,1774812311793,1774812311845,1774812311845,52.51,0.00,local,0.0,0.95,10.0000,0.1,0.85,0.6784,0.95
fo-1774812312312000971,cdt2,gas-measurement,idt2a,idt2b,1774812312258,1774812312311,1774812312312,53.46,0.00,local,0.0,0.95,1.0000,0.1,0.85,0.9533,0.95
fo-1774812312774075739,cdt2,gas-measurement,idt2a,idt2b,1774812312721,1774812312774,1774812312774,52.80,0.00,local,0.0,0.95,10.0000,0,0.85,0.5452,0.95
fo-1774812313240051826,cdt2,gas-measurement,idt2a,idt2b,1774812313186,1774812313240,1774812313240,53.25,0.00,local,0.0,0.95,10.0000,0,0.85,0.7783,0.95
fo-1774812313707269100,cdt2,gas-measurement,idt2a,idt2b,1774812313654,1774812313707,1774812313707,53.00,0.00,local,0.0,0.95,10.0000,0,0.85,1.6089,0.95
fo-1774812314174418145,cdt2,gas-measurement,idt2a,idt2b,1774812314121,1774812314174,1774812314174,53.24,0.00,local,0.0,0.95,1.0000,0,0.85,0.8782,0.95
fo-1774812314639409642,cdt2,gas-measurement,idt2a,idt2b,1774812314545,1774812314639,1774812314639,93.89,0.00,local,0.0,0.95,10.0000,0,0.85,0.7669,0.95
fo-1774812315106620487,cdt2,gas-measurement,idt2a,idt2b,1774812315053,1774812315106,1774812315106,52.97,0.00,local,0.0,0.95,10.0000,0,0.85,0.7736,0.95
fo-1774812889188823718,cdt2,gas-measurement,idt2a,idt2b,1774812889187,1774812889188,1774812889188,1.67,0.00,local,0.0,0.95,10.0000,0.75,0.85,0.7730,0.95
fo-1774812889503260379,cdt2,gas-measurement,idt2a,idt2b,1774812889501,1774812889503,1774812889503,1.69,0.00,local,0.0,0.95,10.0000,0.666667,0.85,0.8399,0.95
fo-1774812889817618066,cdt2,gas-measurement,idt2a,idt2b,1774812889815,1774812889817,1774812889817,2.09,0.00,local,0.0,0.95,10.0000,0.571429,0.85,0.8622,0.95
fo-1774812890136515188,cdt2,gas-measurement,idt2a,idt2b,1774812890134,1774812890136,1774812890136,1.62,0.00,local,0.0,0.95,10.0000,0.5,0.85,0.8870,0.95
fo-1774812890450840964,cdt2,gas-measurement,idt2a,idt2b,1774812890449,1774812890450,1774812890450,1.51,0.00,local,0.0,0.95,10.0000,0.444444,0.85,0.5606,0.95
fo-1774812890764283235,cdt2,gas-measurement,idt2a,idt2b,1774812890761,1774812890763,1774812890764,2.72,1.18,central,0.0,0.95,10.0000,0.4,0.85,0.6479,0.95
fo-1774812891082485256,cdt2,gas-measurement,idt2a,idt2b,1774812891079,1774812891081,1774812891082,3.17,0.93,central,0.0,0.95,10.0000,0.3,0.85,0.7297,0.95
fo-1774812891396539091,cdt2,gas-measurement,idt2a,idt2b,1774812891393,1774812891395,1774812891396,2.77,1.01,central,0.0,0.95,10.0000,0.2,0.85,0.6918,0.95
fo-1774812891713112115,cdt2,gas-measurement,idt2a,idt2b,1774812891710,1774812891712,1774812891713,2.56,0.98,central,0.0,0.95,10.0000,0.1,0.85,0.6886,0.95
fo-1774812892029434286,cdt2,gas-measurement,idt2a,idt2b,1774812892026,1774812892028,1774812892029,3.12,1.16,central,0.0,0.95,10.0000,0.1,0.85,0.8660,0.95
fo-1774812892372264645,cdt2,gas-measurement,idt2a,idt2b,1774812892359,1774812892372,1774812892372,12.85,0.00,local,5.0,0.95,5.0000,0,0.85,6.2250,0.95
fo-1774812892724627988,cdt2,gas-measurement,idt2a,idt2b,1774812892711,1774812892724,1774812892724,13.35,0.00,local,5.0,0.95,6.0000,0,0.85,6.1806,0.95
fo-1774812893081225164,cdt2,gas-measurement,idt2a,idt2b,1774812893068,1774812893081,1774812893081,12.70,0.00,local,5.0,0.95,6.0000,0,0.85,6.4801,0.95
fo-1774812892883661424,cdt2,gas-measurement,idt2a,idt2b,1774812892871,1774812892883,1774812892883,12.60,0.00,local,5.0,0.95,6.0000,0,0.85,5.9862,0.95
fo-1774812893234959712,cdt2,gas-measurement,idt2a,idt2b,1774812893221,1774812893234,1774812893234,12.99,0.00,local,5.0,0.95,6.0000,0,0.85,6.3494,0.95
fo-1774812893600027528,cdt2,gas-measurement,idt2a,idt2b,1774812893575,1774812893588,1774812893600,24.59,11.33,central,5.0,0.95,6.0000,0,0.85,5.9541,0.9
fo-1774812893964721276,cdt2,gas-measurement,idt2a,idt2b,1774812893939,1774812893952,1774812893964,25.61,12.48,central,5.0,0.95,6.0000,0,0.85,6.7999,0.9
fo-1774812894331742508,cdt2,gas-measurement,idt2a,idt2b,1774812894307,1774812894320,1774812894331,24.24,11.24,central,5.0,0.95,6.0000,0,0.85,6.3826,0.8
fo-1774812894699844077,cdt2,gas-measurement,idt2a,idt2b,1774812894675,1774812894688,1774812894699,23.96,11.36,central,5.0,0.95,6.0000,0,0.85,6.5797,0.8
fo-1774812895065896330,cdt2,gas-measurement,idt2a,idt2b,1774812895041,1774812895054,1774812895065,24.51,11.72,central,5.0,0.95,6.0000,0,0.85,6.4706,0.8
fo-1774812895453121599,cdt2,gas-measurement,idt2a,idt2b,1774812895424,1774812895453,1774812895453,28.79,0.00,local,10.0,0.95,11.0000,0,0.85,11.2089,0.8
fo-1774812895842935194,cdt2,gas-measurement,idt2a,idt2b,1774812895818,1774812895842,1774812895842,24.31,0.00,local,10.0,0.95,11.0000,0,0.85,11.7996,0.8
fo-1774812896231806079,cdt2,gas-measurement,idt2a,idt2b,1774812896208,1774812896231,1774812896231,22.97,0.00,local,10.0,0.95,11.0000,0,0.85,11.1668,0.8
fo-1774812896619565902,cdt2,gas-measurement,idt2a,idt2b,1774812896596,1774812896619,1774812896619,23.24,0.00,local,10.0,0.95,11.0000,0,0.85,12.1286,0.8
fo-1774812897010425412,cdt2,gas-measurement,idt2a,idt2b,1774812896987,1774812897010,1774812897010,22.99,0.00,local,10.0,0.95,11.0000,0,0.85,11.5173,0.9
fo-1774812897423895171,cdt2,gas-measurement,idt2a,idt2b,1774812897378,1774812897401,1774812897423,45.80,22.10,central,10.0,0.95,11.0000,0,0.85,11.8531,0.8
fo-1774812897836077100,cdt2,gas-measurement,idt2a,idt2b,1774812897791,1774812897814,1774812897836,44.59,21.69,central,10.0,0.95,11.0000,0,0.85,11.4238,0.9
fo-1774812898250435073,cdt2,gas-measurement,idt2a,idt2b,1774812898201,1774812898223,1774812898250,49.38,26.67,central,10.0,0.95,11.0000,0,0.85,11.7263,0.9
fo-1774812898663496716,cdt2,gas-measurement,idt2a,idt2b,1774812898618,1774812898642,1774812898663,44.79,21.38,central,10.0,0.95,11.0000,0,0.85,11.6725,0.9
fo-1774812899075739999,cdt2,gas-measurement,idt2a,idt2b,1774812899029,1774812899053,1774812899075,46.48,22.74,central,10.0,0.95,11.0000,0,0.85,11.7998,0.9
fo-1774812899490230022,cdt2,gas-measurement,idt2a,idt2b,1774812899456,1774812899490,1774812899490,33.83,0.00,local,15.0,0.95,16.0000,0,0.85,16.6171,0.9
fo-1774812899913386334,cdt2,gas-measurement,idt2a,idt2b,1774812899880,1774812899913,1774812899913,33.03,0.00,local,15.0,0.95,16.0000,0,0.85,16.9124,0.9
fo-1774812900339540894,cdt2,gas-measurement,idt2a,idt2b,1774812900306,1774812900339,1774812900339,33.12,0.00,local,15.0,0.95,16.0000,0,0.85,16.6437,0.9
fo-1774812900763852689,cdt2,gas-measurement,idt2a,idt2b,1774812900730,1774812900763,1774812900763,33.79,0.00,local,15.0,0.95,16.0000,0,0.85,16.4342,0.9
fo-1774812901187281556,cdt2,gas-measurement,idt2a,idt2b,1774812901153,1774812901187,1774812901187,33.44,0.00,local,15.0,0.95,16.0000,0,0.85,16.5889,0.95
fo-1774812901648308533,cdt2,gas-measurement,idt2a,idt2b,1774812901583,1774812901616,1774812901648,65.18,32.09,central,15.0,0.95,16.0000,0,0.85,16.5573,0.95
fo-1774812902109358649,cdt2,gas-measurement,idt2a,idt2b,1774812902043,1774812902076,1774812902109,66.35,32.73,central,15.0,0.95,16.0000,0,0.85,16.6889,0.95
fo-1774812902568970849,cdt2,gas-measurement,idt2a,idt2b,1774812902503,1774812902536,1774812902568,65.77,32.50,central,15.0,0.95,16.0000,0,0.85,16.5864,0.9
fo-1774812903026277870,cdt2,gas-measurement,idt2a,idt2b,1774812902960,1774812902994,1774812903026,66.02,32.18,central,15.0,0.95,16.0000,0,0.85,16.7363,0.9
fo-1774812903486701909,cdt2,gas-measurement,idt2a,idt2b,1774812903420,1774812903453,1774812903486,66.11,32.73,central,15.0,0.95,16.0000,0,0.85,17.1304,0.9
fo-1774812903938172046,cdt2,gas-measurement,idt2a,idt2b,1774812903893,1774812903938,1774812903938,44.59,0.00,local,20.0,0.95,22.0000,0.1,0.85,22.1416,0.9
fo-1774812904400268825,cdt2,gas-measurement,idt2a,idt2b,1774812904356,1774812904400,1774812904400,43.38,0.00,local,20.0,0.95,21.0000,0.1,0.85,21.5862,0.9
fo-1774812904863713833,cdt2,gas-measurement,idt2a,idt2b,1774812904820,1774812904863,1774812904863,43.70,0.00,local,20.0,0.95,21.0000,0.1,0.85,22.2036,0.9
fo-1774812905324663152,cdt2,gas-measurement,idt2a,idt2b,1774812905279,1774812905324,1774812905324,44.99,0.00,local,20.0,0.95,22.0000,0.1,0.85,21.9284,0.9
fo-1774812905788738537,cdt2,gas-measurement,idt2a,idt2b,1774812905744,1774812905788,1774812905788,44.06,0.00,local,20.0,0.95,21.0000,0.1,0.85,21.6780,0.9
fo-1774812906296026119,cdt2,gas-measurement,idt2a,idt2b,1774812906209,1774812906253,1774812906296,86.33,42.03,central,20.0,0.95,22.0000,0.1,0.85,22.0275,0.9
fo-1774812906807237052,cdt2,gas-measurement,idt2a,idt2b,1774812906720,1774812906764,1774812906807,86.68,42.34,central,20.0,0.95,22.0000,0.1,0.85,22.0382,0.8
fo-1774812907315656702,cdt2,gas-measurement,idt2a,idt2b,1774812907229,1774812907273,1774812907315,86.50,42.06,central,20.0,0.95,21.0000,0.1,0.85,22.1145,0.8
fo-1774812907824770059,cdt2,gas-measurement,idt2a,idt2b,1774812907737,1774812907782,1774812907824,87.12,42.43,central,20.0,0.95,22.0000,0.1,0.85,22.3145,0.8
fo-1774812908334314975,cdt2,gas-measurement,idt2a,idt2b,1774812908247,1774812908292,1774812908334,86.51,41.32,central,20.0,0.95,22.0000,0,0.85,22.5857,0.8
fo-1774812908823924699,cdt2,gas-measurement,idt2a,idt2b,1774812908769,1774812908823,1774812908823,54.23,0.00,local,25.0,0.95,27.0000,0,0.85,28.1432,0.8
fo-1774812909325058248,cdt2,gas-measurement,idt2a,idt2b,1774812909270,1774812909325,1774812909325,54.76,0.00,local,25.0,0.95,27.0000,0,0.85,26.4618,0.8
fo-1774812909824226428,cdt2,gas-measurement,idt2a,idt2b,1774812909769,1774812909824,1774812909824,55.08,0.00,local,25.0,0.95,27.0000,0,0.85,26.8915,0.8
fo-1774812910324581256,cdt2,gas-measurement,idt2a,idt2b,1774812910270,1774812910324,1774812910324,54.28,0.00,local,25.0,0.95,26.0000,0,0.85,26.7974,0.8
fo-1774812910824311377,cdt2,gas-measurement,idt2a,idt2b,1774812910769,1774812910824,1774812910824,54.83,0.00,local,25.0,0.95,26.0000,0,0.85,26.7950,0.9
fo-1774812911376692790,cdt2,gas-measurement,idt2a,idt2b,1774812911269,1774812911324,1774812911376,107.02,51.74,central,25.0,0.95,27.0000,0,0.85,26.9875,0.9
fo-1774812911928637414,cdt2,gas-measurement,idt2a,idt2b,1774812911821,1774812911876,1774812911928,106.87,52.29,central,25.0,0.95,26.0000,0,0.85,26.3769,0.9
fo-1774812912480702925,cdt2,gas-measurement,idt2a,idt2b,1774812912373,1774812912428,1774812912480,106.93,52.47,central,25.0,0.95,26.0000,0,0.85,26.7229,0.8
fo-1774812913031979523,cdt2,gas-measurement,idt2a,idt2b,1774812912925,1774812912979,1774812913031,106.64,52.91,central,25.0,0.95,26.0000,0.1,0.85,27.5107,0.8
fo-1774812913584951171,cdt2,gas-measurement,idt2a,idt2b,1774812913477,1774812913532,1774812913584,106.99,52.30,central,25.0,0.95,26.0000,0.1,0.85,27.2972,0.8
fo-1774812914110938012,cdt2,gas-measurement,idt2a,idt2b,1774812914045,1774812914110,1774812914110,65.17,0.00,local,30.0,0.95,32.0000,0.1,0.85,31.9929,0.8
fo-1774812914648507502,cdt2,gas-measurement,idt2a,idt2b,1774812914583,1774812914648,1774812914648,65.47,0.00,local,30.0,0.95,32.0000,0.1,0.85,32.4884,0.8
fo-1774812915183541188,cdt2,gas-measurement,idt2a,idt2b,1774812915119,1774812915183,1774812915183,63.96,0.00,local,30.0,0.95,32.0000,0.1,0.85,31.4063,0.8
fo-1774812915717937881,cdt2,gas-measurement,idt2a,idt2b,1774812915653,1774812915717,1774812915717,64.43,0.00,local,30.0,0.95,32.0000,0.1,0.85,31.4090,0.8
fo-1774812916251020978,cdt2,gas-measurement,idt2a,idt2b,1774812916187,1774812916251,1774812916251,63.82,0.00,local,30.0,0.95,31.0000,0.1,0.85,31.7792,0.9
fo-1774812916849043384,cdt2,gas-measurement,idt2a,idt2b,1774812916721,1774812916786,1774812916849,127.15,62.53,central,30.0,0.95,31.0000,0.1,0.85,32.1281,0.9
fo-1774812917446202152,cdt2,gas-measurement,idt2a,idt2b,1774812917319,1774812917384,1774812917446,126.56,62.09,central,30.0,0.95,31.0000,0.1,0.85,31.8495,0.95
fo-1774812918043701700,cdt2,gas-measurement,idt2a,idt2b,1774812917917,1774812917981,1774812918043,126.49,62.16,central,30.0,0.95,31.0000,0,0.85,31.6029,0.95
fo-1774812918641192592,cdt2,gas-measurement,idt2a,idt2b,1774812918514,1774812918579,1774812918641,126.95,61.82,central,30.0,0.95,32.0000,0,0.85,32.5431,0.95
fo-1774812919236856435,cdt2,gas-measurement,idt2a,idt2b,1774812919110,1774812919174,1774812919236,126.56,61.93,central,30.0,0.95,31.0000,0,0.85,32.5261,0.9
fo-1774812919800634074,cdt2,gas-measurement,idt2a,idt2b,1774812919726,1774812919800,1774812919800,74.03,0.00,local,35.0,0.95,36.0000,0,0.85,36.4202,0.8
fo-1774812920371767639,cdt2,gas-measurement,idt2a,idt2b,1774812920294,1774812920371,1774812920371,77.67,0.00,local,35.0,0.95,38.0000,0,0.85,37.0912,0.7
fo-1774812920943308530,cdt2,gas-measurement,idt2a,idt2b,1774812920868,1774812920943,1774812920943,75.01,0.00,local,35.0,0.95,37.0000,0,0.85,36.8067,0.6
fo-1774812921512983326,cdt2,gas-measurement,idt2a,idt2b,1774812921438,1774812921512,1774812921512,74.24,0.00,local,35.0,0.95,37.0000,0,0.85,36.9027,0.5
fo-1774812922081471036,cdt2,gas-measurement,idt2a,idt2b,1774812922006,1774812922081,1774812922081,74.86,0.00,local,35.0,0.95,36.0000,0.1,0.85,37.0417,0.4
fo-1774812922726480273,cdt2,gas-measurement,idt2a,idt2b,1774812922579,1774812922654,1774812922726,146.78,72.36,central,35.0,0.95,36.0000,0.1,0.85,36.3548,0.4
fo-1774812923368177117,cdt2,gas-measurement,idt2a,idt2b,1774812923220,1774812923295,1774812923368,147.56,72.48,central,35.0,0.95,36.0000,0.1,0.85,37.4415,0.4
fo-1774812924010808108,cdt2,gas-measurement,idt2a,idt2b,1774812923863,1774812923937,1774812924010,147.23,72.81,central,35.0,0.95,36.0000,0.1,0.85,38.5367,0.4
fo-1774812924655843871,cdt2,gas-measurement,idt2a,idt2b,1774812924509,1774812924583,1774812924655,146.82,72.80,central,35.0,0.95,36.0000,0.1,0.85,37.5655,0.4
fo-1774812924750532149,cdt2,gas-measurement,idt2a,idt2b,1774812924603,1774812924678,1774812924750,147.52,72.52,central,35.0,0.95,36.0000,0.1,0.85,36.7544,0.6
fo-1774812925345885544,cdt2,gas-measurement,idt2a,idt2b,1774812925262,1774812925345,1774812925345,83.60,0.00,local,40.0,0.95,41.0000,0.1,0.85,41.7466,0.7
fo-1774812925948717402,cdt2,gas-measurement,idt2a,idt2b,1774812925864,1774812925948,1774812925948,84.30,0.00,local,40.0,0.95,41.0000,0.1,0.85,41.7513,0.8
fo-1774812926550315777,cdt2,gas-measurement,idt2a,idt2b,1774812926465,1774812926550,1774812926550,84.50,0.00,local,40.0,0.95,41.0000,0.1,0.85,41.8665,0.9
fo-1774812927153498593,cdt2,gas-measurement,idt2a,idt2b,1774812927069,1774812927153,1774812927153,84.17,0.00,local,40.0,0.95,41.0000,0,0.85,41.6869,0.95
fo-1774812927755384511,cdt2,gas-measurement,idt2a,idt2b,1774812927671,1774812927755,1774812927755,83.66,0.00,local,40.0,0.95,41.0000,0,0.85,41.5736,0.95
fo-1774812928441322984,cdt2,gas-measurement,idt2a,idt2b,1774812928274,1774812928359,1774812928441,167.27,82.09,central,40.0,0.95,41.0000,0,0.85,41.6847,0.95
fo-1774812929126518594,cdt2,gas-measurement,idt2a,idt2b,1774812928959,1774812929044,1774812929126,166.84,82.18,central,40.0,0.95,41.0000,0,0.85,42.4256,0.95
fo-1774812929811351038,cdt2,gas-measurement,idt2a,idt2b,1774812929646,1774812929729,1774812929811,164.77,81.55,central,40.0,0.95,41.0000,0,0.85,41.8434,0.9
fo-1774812930425664438,cdt2,gas-measurement,idt2a,idt2b,1774812930331,1774812930343,1774812930425,94.65,82.48,central,40.0,0.95,41.0000,0,0.85,42.2397,0.9
fo-1774812930498639931,cdt2,gas-measurement,idt2a,idt2b,1774812930331,1774812930415,1774812930498,167.63,83.23,central,40.0,0.95,41.0000,0,0.85,42.0415,0.9
fo-1774812931184356383,cdt2,gas-measurement,idt2a,idt2b,1774812931017,1774812931102,1774812931184,166.69,81.95,central,40.0,0.95,41.0000,0,0.85,41.6548,0.9
fo-1774812931813642928,cdt2,gas-measurement,idt2a,idt2b,1774812931718,1774812931813,1774812931813,94.67,0.00,local,45.0,0.95,47.0000,0,0.85,47.1189,0.9
fo-1774812932451280430,cdt2,gas-measurement,idt2a,idt2b,1774812932357,1774812932451,1774812932451,93.86,0.00,local,45.0,0.95,46.0000,0,0.85,47.5940,0.9
fo-1774812933089462722,cdt2,gas-measurement,idt2a,idt2b,1774812932994,1774812933089,1774812933089,95.20,0.00,local,45.0,0.95,47.0000,0,0.85,47.6255,0.9
fo-1774812933727724100,cdt2,gas-measurement,idt2a,idt2b,1774812933633,1774812933727,1774812933727,94.38,0.00,local,45.0,0.95,46.0000,0,0.85,47.5380,0.9
fo-1774812934377990382,cdt2,gas-measurement,idt2a,idt2b,1774812934280,1774812934377,1774812934377,97.95,0.00,local,45.0,0.95,47.0000,0,0.85,47.5758,0.9
fo-1774812935113883670,cdt2,gas-measurement,idt2a,idt2b,1774812934923,1774812935019,1774812935113,189.99,94.26,central,45.0,0.95,47.0000,0,0.85,47.9289,0.95
fo-1774812935851953806,cdt2,gas-measurement,idt2a,idt2b,1774812935663,1774812935759,1774812935851,188.35,92.44,central,45.0,0.95,48.0000,0,0.85,46.4517,0.95
fo-1774812936592362277,cdt2,gas-measurement,idt2a,idt2b,1774812936401,1774812936497,1774812936592,191.20,94.53,central,45.0,0.95,48.0000,0.1,0.85,47.5267,0.95
fo-1774812937331430123,cdt2,gas-measurement,idt2a,idt2b,1774812937143,1774812937238,1774812937331,187.56,92.68,central,45.0,0.95,46.0000,0.1,0.85,48.1483,0.95
fo-1774812938066370076,cdt2,gas-measurement,idt2a,idt2b,1774812937876,1774812937972,1774812938066,189.49,93.66,central,45.0,0.95,47.0000,0.1,0.85,47.2856,0.95
fo-1774812938737147842,cdt2,gas-measurement,idt2a,idt2b,1774812938632,1774812938737,1774812938737,104.58,0.00,local,50.0,0.95,51.0000,0.1,0.85,52.3482,0.95
fo-1774812939352995099,cdt2,gas-measurement,idt2a,idt2b,1774812939310,1774812939352,1774812939352,42.35,0.00,local,50.0,0.95,51.0000,0.1,0.85,51.6820,0.95
fo-1774812940038851921,cdt2,gas-measurement,idt2a,idt2b,1774812939933,1774812940038,1774812940038,105.10,0.00,local,50.0,0.95,51.0000,0.1,0.85,52.3246,0.95
fo-1774812940713952032,cdt2,gas-measurement,idt2a,idt2b,1774812940609,1774812940713,1774812940713,104.04,0.00,local,50.0,0.95,51.0000,0.1,0.85,52.2229,0.95
fo-1774812941388145928,cdt2,gas-measurement,idt2a,idt2b,1774812941283,1774812941388,1774812941388,104.33,0.00,local,50.0,0.95,52.0000,0.1,0.85,51.6289,0.95
fo-1774812942162628894,cdt2,gas-measurement,idt2a,idt2b,1774812941955,1774812942060,1774812942162,207.56,102.20,central,50.0,0.95,52.0000,0.1,0.85,52.1653,0.95
fo-1774812942937793346,cdt2,gas-measurement,idt2a,idt2b,1774812942731,1774812942836,1774812942937,206.48,101.79,central,50.0,0.95,51.0000,0,0.85,50.9959,0.95
fo-1774812943710679251,cdt2,gas-measurement,idt2a,idt2b,1774812943503,1774812943607,1774812943710,207.48,103.65,central,50.0,0.95,51.0000,0,0.85,52.5283,0.95
fo-1774812944488179159,cdt2,gas-measurement,idt2a,idt2b,1774812944280,1774812944384,1774812944488,207.91,103.19,central,50.0,0.95,51.0000,0,0.85,51.9146,0.95
fo-1774812945265222548,cdt2,gas-measurement,idt2a,idt2b,1774812945058,1774812945162,1774812945265,207.08,102.23,central,50.0,0.95,51.0000,0,0.85,51.8065,0.95
fo-1774814966315327752,cdt2,gas-measurement,idt2a,idt2b,1774814966313,1774814966315,1774814966315,2.09,0.00,local,0.0,0.95,10.0000,0.75,0.85,1.1056,0.95
fo-1774814966634318057,cdt2,gas-measurement,idt2a,idt2b,1774814966631,1774814966634,1774814966634,2.35,0.00,local,0.0,0.95,1.0000,0.6,0.85,1.0510,0.95
fo-1774814966955331468,cdt2,gas-measurement,idt2a,idt2b,1774814966953,1774814966955,1774814966955,1.89,0.00,local,0.0,0.95,10.0000,0.5,0.85,1.2329,0.95
fo-1774814967275452414,cdt2,gas-measurement,idt2a,idt2b,1774814967273,1774814967275,1774814967275,1.76,0.00,local,0.0,0.95,10.0000,0.428571,0.85,0.7964,0.95
fo-1774814967592967318,cdt2,gas-measurement,idt2a,idt2b,1774814967590,1774814967592,1774814967592,2.38,0.00,local,0.0,0.95,10.0000,0.375,0.85,0.7652,0.95
fo-1774814967914579675,cdt2,gas-measurement,idt2a,idt2b,1774814967910,1774814967912,1774814967914,3.59,1.67,central,0.0,0.95,10.0000,0.333333,0.85,0.5957,0.857143
fo-1774814968236145801,cdt2,gas-measurement,idt2a,idt2b,1774814968233,1774814968235,1774814968236,2.56,1.00,central,0.0,0.95,10.0000,0.3,0.85,0.6224,0.75
fo-1774814968553114332,cdt2,gas-measurement,idt2a,idt2b,1774814968550,1774814968552,1774814968553,2.44,0.93,central,0.0,0.95,10.0000,0.2,0.85,0.5196,0.666667
fo-1774814968875050938,cdt2,gas-measurement,idt2a,idt2b,1774814968871,1774814968874,1774814968875,3.12,1.01,central,0.0,0.95,10.0000,0.1,0.85,0.9376,0.7
fo-1774814969197538478,cdt2,gas-measurement,idt2a,idt2b,1774814969194,1774814969196,1774814969197,2.95,0.93,central,0.0,0.95,10.0000,0,0.85,0.7233,0.6
fo-1774814969541317316,cdt2,gas-measurement,idt2a,idt2b,1774814969528,1774814969541,1774814969541,12.56,0.00,local,5.0,0.95,6.0000,0,0.85,6.2809,0.4
fo-1774814969898088410,cdt2,gas-measurement,idt2a,idt2b,1774814969885,1774814969898,1774814969898,13.05,0.00,local,5.0,0.95,6.0000,0,0.85,6.2951,0.3
fo-1774814970257667017,cdt2,gas-measurement,idt2a,idt2b,1774814970243,1774814970257,1774814970257,13.83,0.00,local,5.0,0.95,6.0000,0,0.85,6.4028,0.2
fo-1774814970613032152,cdt2,gas-measurement,idt2a,idt2b,1774814970600,1774814970613,1774814970613,12.96,0.00,local,5.0,0.95,6.0000,0,0.85,6.4296,0.1
fo-1774814970976978575,cdt2,gas-measurement,idt2a,idt2b,1774814970964,1774814970976,1774814970976,12.94,0.00,local,5.0,0.95,6.0000,0,0.85,5.9917,0.1
fo-1774814971344817634,cdt2,gas-measurement,idt2a,idt2b,1774814971320,1774814971333,1774814971344,24.34,11.71,central,5.0,0.95,6.0000,0,0.85,6.1739,0.2
fo-1774814971714485833,cdt2,gas-measurement,idt2a,idt2b,1774814971689,1774814971702,1774814971714,24.76,11.85,central,5.0,0.95,6.0000,0,0.85,6.4404,0.2
fo-1774814972084205357,cdt2,gas-measurement,idt2a,idt2b,1774814972058,1774814972071,1774814972084,26.07,12.24,central,5.0,0.95,6.0000,0,0.85,6.4964,0.1
fo-1774814972451818869,cdt2,gas-measurement,idt2a,idt2b,1774814972426,1774814972440,1774814972451,25.24,11.69,central,5.0,0.95,6.0000,0.1,0.85,6.6038,0.1
fo-1774814972822556258,cdt2,gas-measurement,idt2a,idt2b,1774814972797,1774814972810,1774814972822,25.16,11.65,central,5.0,0.95,6.0000,0.1,0.85,6.4140,0.1
fo-1774814973204270951,cdt2,gas-measurement,idt2a,idt2b,1774814973180,1774814973204,1774814973204,23.30,0.00,local,10.0,0.95,11.0000,0.1,0.85,11.5521,0.1
fo-1774814973591655143,cdt2,gas-measurement,idt2a,idt2b,1774814973568,1774814973591,1774814973591,22.81,0.00,local,10.0,0.95,11.0000,0.1,0.85,11.5343,0.1
fo-1774814973984523231,cdt2,gas-measurement,idt2a,idt2b,1774814973960,1774814973984,1774814973984,23.62,0.00,local,10.0,0.95,11.0000,0.1,0.85,11.8890,0.1
fo-1774814974377596049,cdt2,gas-measurement,idt2a,idt2b,1774814974353,1774814974377,1774814974377,23.67,0.00,local,10.0,0.95,11.0000,0.1,0.85,11.3410,0.1
fo-1774814974767918223,cdt2,gas-measurement,idt2a,idt2b,1774814974744,1774814974767,1774814974767,23.69,0.00,local,10.0,0.95,11.0000,0.1,0.85,11.6008,0.1
fo-1774814975184885529,cdt2,gas-measurement,idt2a,idt2b,1774814975138,1774814975162,1774814975184,46.04,22.42,central,10.0,0.95,11.0000,0.1,0.85,11.9777,0
fo-1774814975402126564,cdt2,gas-measurement,idt2b,idt2a,1774814971720,1774814975380,1774814975402,3681.20,21.98,central,10.0,0.85,11.0000,0,0.95,11.0472,0.2
fo-1774814975596958241,cdt2,gas-measurement,idt2a,idt2b,1774814975550,1774814975574,1774814975596,46.04,22.29,central,10.0,0.95,11.0000,0.1,0.85,11.8313,0
fo-1774814976015004800,cdt2,gas-measurement,idt2a,idt2b,1774814975964,1774814975987,1774814976015,50.93,27.89,central,10.0,0.95,11.0000,0.1,0.85,11.4604,0
fo-1774814976426558056,cdt2,gas-measurement,idt2a,idt2b,1774814976381,1774814976404,1774814976426,45.16,21.90,central,10.0,0.95,11.0000,0.1,0.85,11.5040,0.1
fo-1774814976839583597,cdt2,gas-measurement,idt2a,idt2b,1774814976794,1774814976817,1774814976839,45.57,21.72,central,10.0,0.95,11.0000,0.1,0.85,11.4725,0.2
fo-1774814977258950424,cdt2,gas-measurement,idt2a,idt2b,1774814977225,1774814977258,1774814977258,33.84,0.00,local,15.0,0.95,16.0000,0.1,0.85,17.2440,0.3
fo-1774814977686640231,cdt2,gas-measurement,idt2a,idt2b,1774814977652,1774814977686,1774814977686,34.01,0.00,local,15.0,0.95,16.0000,0.1,0.85,16.3515,0.4
fo-1774814978113203662,cdt2,gas-measurement,idt2a,idt2b,1774814978079,1774814978113,1774814978113,33.86,0.00,local,15.0,0.95,16.0000,0.1,0.85,16.8929,0.5
fo-1774814978541007232,cdt2,gas-measurement,idt2a,idt2b,1774814978507,1774814978541,1774814978541,33.45,0.00,local,15.0,0.95,16.0000,0.2,0.85,16.3200,0.6
fo-1774814978966460816,cdt2,gas-measurement,idt2a,idt2b,1774814978933,1774814978966,1774814978966,33.23,0.00,local,15.0,0.95,16.0000,0.1,0.85,16.3849,0.7
fo-1774814979425373283,cdt2,gas-measurement,idt2a,idt2b,1774814979360,1774814979393,1774814979425,65.09,31.90,central,15.0,0.95,16.0000,0.1,0.85,16.6627,0.7
fo-1774814979884253707,cdt2,gas-measurement,idt2a,idt2b,1774814979818,1774814979852,1774814979884,65.27,32.01,central,15.0,0.95,16.0000,0.1,0.85,16.4521,0.8
fo-1774814980344339814,cdt2,gas-measurement,idt2a,idt2b,1774814980278,1774814980312,1774814980344,66.27,32.13,central,15.0,0.95,17.0000,0.1,0.85,16.8796,0.8
fo-1774814980800580198,cdt2,gas-measurement,idt2a,idt2b,1774814980736,1774814980768,1774814980800,64.54,31.99,central,15.0,0.95,16.0000,0.1,0.85,16.2446,0.7
fo-1774814981256564011,cdt2,gas-measurement,idt2a,idt2b,1774814981190,1774814981224,1774814981256,66.52,32.32,central,15.0,0.95,16.0000,0.1,0.85,16.1040,0.6
fo-1774814981415642211,cdt2,gas-measurement,idt2b,idt2a,1774814980361,1774814981384,1774814981415,1054.42,31.51,central,15.0,0.85,16.0000,0.5,0.95,16.8087,0.1
fo-1774814981706250251,cdt2,gas-measurement,idt2a,idt2b,1774814981661,1774814981706,1774814981706,44.30,0.00,local,20.0,0.95,22.0000,0.1,0.85,21.6751,0.4
fo-1774814982164133946,cdt2,gas-measurement,idt2a,idt2b,1774814982121,1774814982164,1774814982164,43.11,0.00,local,20.0,0.95,21.0000,0,0.85,21.7329,0.3
fo-1774814982624958895,cdt2,gas-measurement,idt2a,idt2b,1774814982581,1774814982624,1774814982624,43.95,0.00,local,20.0,0.95,21.0000,0,0.85,21.2092,0.2
fo-1774814983086231223,cdt2,gas-measurement,idt2a,idt2b,1774814983042,1774814983086,1774814983086,43.40,0.00,local,20.0,0.95,21.0000,0,0.85,21.5226,0.1
fo-1774814983545331262,cdt2,gas-measurement,idt2a,idt2b,1774814983501,1774814983545,1774814983545,43.56,0.00,local,20.0,0.95,21.0000,0,0.85,21.7886,0.1
fo-1774814984049629223,cdt2,gas-measurement,idt2a,idt2b,1774814983963,1774814984007,1774814984049,86.27,42.10,central,20.0,0.95,21.0000,0,0.85,22.1883,0
fo-1774814984553940540,cdt2,gas-measurement,idt2a,idt2b,1774814984468,1774814984512,1774814984553,85.13,41.72,central,20.0,0.95,21.0000,0.1,0.85,21.5018,0
fo-1774814985056299814,cdt2,gas-measurement,idt2a,idt2b,1774814984970,1774814985014,1774814985056,85.75,42.18,central,20.0,0.95,21.0000,0.1,0.85,21.4832,0.1
fo-1774814985558551572,cdt2,gas-measurement,idt2a,idt2b,1774814985472,1774814985516,1774814985558,86.23,42.17,central,20.0,0.95,21.0000,0.1,0.85,21.9097,0.1
fo-1774814986063066369,cdt2,gas-measurement,idt2a,idt2b,1774814985977,1774814986021,1774814986063,85.26,41.64,central,20.0,0.95,21.0000,0.1,0.85,21.7325,0.1
fo-1774814986548039327,cdt2,gas-measurement,idt2a,idt2b,1774814986493,1774814986548,1774814986548,54.88,0.00,local,25.0,0.95,26.0000,0.1,0.85,26.9882,0.1
fo-1774814987047860102,cdt2,gas-measurement,idt2a,idt2b,1774814986993,1774814987047,1774814987047,54.39,0.00,local,25.0,0.95,27.0000,0.1,0.85,26.7488,0.1
fo-1774814987545115244,cdt2,gas-measurement,idt2a,idt2b,1774814987491,1774814987545,1774814987545,53.92,0.00,local,25.0,0.95,26.0000,0.2,0.85,26.5783,0.1
fo-1774814988041928405,cdt2,gas-measurement,idt2a,idt2b,1774814987988,1774814988041,1774814988041,53.90,0.00,local,25.0,0.95,26.0000,0.2,0.85,26.5824,0.1
fo-1774814988060487991,cdt2,gas-measurement,idt2a,idt2b,1774814988005,1774814988060,1774814988060,55.42,0.00,local,25.0,0.95,26.0000,0.1,0.85,26.8923,0.1
fo-1774814988609032608,cdt2,gas-measurement,idt2a,idt2b,1774814988502,1774814988556,1774814988609,106.12,52.22,central,25.0,0.95,26.0000,0.1,0.85,27.1109,0.2
fo-1774814989159078242,cdt2,gas-measurement,idt2a,idt2b,1774814989053,1774814989106,1774814989159,105.92,52.12,central,25.0,0.95,26.0000,0.1,0.85,26.2775,0.2
fo-1774814989706230519,cdt2,gas-measurement,idt2a,idt2b,1774814989600,1774814989653,1774814989706,105.77,52.56,central,25.0,0.95,26.0000,0.1,0.85,26.5407,0.1
fo-1774814989965357331,cdt2,gas-measurement,idt2b,idt2a,1774814989185,1774814989913,1774814989965,780.00,51.57,local,25.0,0.85,26.0000,0.1,0.95,26.3913,0.2
fo-1774868218234834305,cdt2,gas-measurement,idt2a,idt2b,1774868212231,1774868218234,1774868218234,6003.34,0.00,local,0.0,0.95,1.0000,0.7,0.85,0.6993,0.95
