timestamp_ms,timestamp_iso,active_provider,on_fallback,coverage_pct,area_sqm,active_robots,accuracy,latency_ms,reliability,freshness_ms,degraded
1774896170981,2026-03-30T20:42:50+02:00,idt1a,0,0,0,2,0.95,2,0.97,0,0
1774896173980,2026-03-30T20:42:53+02:00,idt1a,0,0,0,2,0.95,1,0.97,0,0
1774896176989,2026-03-30T20:42:56+02:00,idt1a,0,0,0,2,0.95,12,0.97,0,0
1774896179974,2026-03-30T20:42:59+02:00,idt1a,0,0,0,2,0.95,12,0.97,0,0
1774896181940,2026-03-30T20:43:01+02:00,idt1a,0,0,0,2,0.95,1,0.97,0,0
1774896184970,2026-03-30T20:43:04+02:00,idt1a,0,0,0,2,0.95,12,0.97,0,0
1774896187940,2026-03-30T20:43:07+02:00,idt1a,0,0,0,2,0.95,1,0.97,0,0
1774896190938,2026-03-30T20:43:10+02:00,idt1a,0,0,0,2,0.95,12,0.97,0,0
1774896193942,2026-03-30T20:43:13+02:00,idt1a,0,0,0,2,0.95,12,0.97,0,0
1774896196941,2026-03-30T20:43:16+02:00,idt1a,0,0,0,2,0.95,1,0.97,0,0
1774896199949,2026-03-30T20:43:19+02:00,idt1a,0,0,0,2,0.95,1,0.97,0,0
1774896202939,2026-03-30T20:43:22+02:00,idt1a,0,0,0,2,0.95,12,0.97,0,0
1774896205941,2026-03-30T20:43:25+02:00,idt1a,0,0,0,2,0.95,12,0.97,0,0
1774896208953,2026-03-30T20:43:28+02:00,idt1a,0,0,0,2,0.95,1,0.97,0,0
1774896211943,2026-03-30T20:43:31+02:00,idt1a,0,0,0,2,0.95,1,0.97,0,0
1774896213904,2026-03-30T20:43:33+02:00,idt1a,0,0,0,2,0.95,12,0.97,0,0
1774896216922,2026-03-30T20:43:36+02:00,idt1a,0,0,0,2,0.95,1,0.97,0,0
1774896219905,2026-03-30T20:43:39+02:00,idt1a,0,0,0,2,0.95,12,0.97,0,0
1774896222901,2026-03-30T20:43:42+02:00,idt1a,0,0,0,2,0.95,12,0.97,0,0
1774896225905,2026-03-30T20:43:45+02:00,idt1a,0,0,0,2,0.95,1,0.97,0,0
1774896228904,2026-03-30T20:43:48+02:00,idt1a,0,0,0,2,0.95,12,0.97,0,0
1774896231905,2026-03-30T20:43:51+02:00,idt1a,0,0,0,2,0.95,1,0.97,0,0
1774896234909,2026-03-30T20:43:54+02:00,idt1a,0,0,0,2,0.95,1,0.97,0,0
1774896237901,2026-03-30T20:43:57+02:00,idt1a,0,0,0,2,0.95,12,0.97,0,0
1774896240905,2026-03-30T20:44:00+02:00,idt1a,0,0,0,2,0.95,1,0.97,0,0
1774896243906,2026-03-30T20:44:03+02:00,idt1a,0,0,0,2,0.95,1,0.97,0,0
1774896245874,2026-03-30T20:44:05+02:00,idt1a,0,0,0,2,0.95,12,0.97,0,0
1774896248866,2026-03-30T20:44:08+02:00,idt1a,0,0,0,2,0.95,12,0.97,0,0
1774896251897,2026-03-30T20:44:11+02:00,idt1a,0,0,0,2,0.95,1,0.97,0,0
1774896254887,2026-03-30T20:44:14+02:00,idt1a,0,0,0,2,0.95,1,0.97,0,0
1774896257868,2026-03-30T20:44:17+02:00,idt1a,0,0,0,2,0.95,1,0.97,0,0
1774896260881,2026-03-30T20:44:20+02:00,idt1a,0,0,0,2,0.95,12,0.97,0,0
1774896263869,2026-03-30T20:44:23+02:00,idt1a,0,0,0,2,0.95,1,0.97,0,0
1774896266872,2026-03-30T20:44:26+02:00,idt1a,0,0,0,2,0.95,12,0.97,0,0
1774896269881,2026-03-30T20:44:29+02:00,idt1a,0,0,0,2,0.95,12,0.97,0,0
1774896272866,2026-03-30T20:44:32+02:00,idt1a,0,0,0,2,0.95,12,0.97,0,0
1774896274829,2026-03-30T20:44:34+02:00,idt1a,0,0,0,2,0.95,1,0.97,0,0
1774896277832,2026-03-30T20:44:37+02:00,idt1a,0,0,0,2,0.95,1,0.97,0,0
1774896280825,2026-03-30T20:44:40+02:00,idt1a,0,0,0,2,0.95,12,0.97,0,0
1774896283825,2026-03-30T20:44:43+02:00,idt1a,0,0,0,2,0.95,12,0.97,0,0
1774896286833,2026-03-30T20:44:46+02:00,idt1a,0,0,0,2,0.95,1,0.97,0,0
1774896289826,2026-03-30T20:44:49+02:00,idt1a,0,0,0,2,0.95,1,0.97,0,0
1774896292835,2026-03-30T20:44:52+02:00,idt1a,0,0,0,2,0.95,12,0.97,0,0
1774896295827,2026-03-30T20:44:55+02:00,idt1a,0,0,0,2,0.95,12,0.97,0,0
1774896298828,2026-03-30T20:44:58+02:00,idt1a,0,0,0,2,0.95,12,0.97,0,0
1774896301851,2026-03-30T20:45:01+02:00,idt1a,0,0,0,2,0.95,12,0.97,0,0
1774896304839,2026-03-30T20:45:04+02:00,idt1a,0,0,0,2,0.95,1,0.97,0,0
1774896306798,2026-03-30T20:45:06+02:00,idt1a,0,0,0,2,0.95,12,0.97,0,0
1774896309796,2026-03-30T20:45:09+02:00,idt1a,0,0,0,2,0.95,12,0.97,0,0
1774896312795,2026-03-30T20:45:12+02:00,idt1a,0,0,0,2,0.95,12,0.97,0,0
1774896315810,2026-03-30T20:45:15+02:00,idt1a,0,0,0,2,0.95,1,0.97,0,0
1774896318795,2026-03-30T20:45:18+02:00,idt1a,0,0,0,2,0.95,12,0.97,0,0
1774896321802,2026-03-30T20:45:21+02:00,idt1a,0,0,0,2,0.95,12,0.97,0,0
1774896324795,2026-03-30T20:45:24+02:00,idt1a,0,0,0,2,0.95,12,0.97,0,0
1774896327797,2026-03-30T20:45:27+02:00,idt1a,0,0,0,2,0.95,1,0.97,0,0
1774896330795,2026-03-30T20:45:30+02:00,idt1a,0,0,0,2,0.95,12,0.97,0,0
1774896333798,2026-03-30T20:45:33+02:00,idt1a,0,0,0,2,0.95,1,0.97,0,0
1774896336796,2026-03-30T20:45:36+02:00,idt1a,0,0,0,2,0.95,1,0.97,0,0
1774896338770,2026-03-30T20:45:38+02:00,idt1a,0,0,0,2,0.95,12,0.97,0,0
1774896341770,2026-03-30T20:45:41+02:00,idt1a,0,0,0,2,0.95,1,0.97,0,0
1774896344773,2026-03-30T20:45:44+02:00,idt1a,0,0,0,2,0.95,1,0.97,0,0
1774896347776,2026-03-30T20:45:47+02:00,idt1a,0,0,0,2,0.95,1,0.97,0,0
1774896350785,2026-03-30T20:45:50+02:00,idt1a,0,0,0,2,0.95,12,0.97,0,0
1774896353770,2026-03-30T20:45:53+02:00,idt1a,0,0,0,2,0.95,1,0.97,0,0
1774896356805,2026-03-30T20:45:56+02:00,idt1a,0,0,0,2,0.95,1,0.97,0,0
1774896359801,2026-03-30T20:45:59+02:00,idt1a,0,0,0,2,0.95,12,0.97,0,0
1774896362776,2026-03-30T20:46:02+02:00,idt1a,0,0,0,2,0.95,12,0.97,0,0
1774896365770,2026-03-30T20:46:05+02:00,idt1a,0,0,0,2,0.95,12,0.97,0,0
1774896368781,2026-03-30T20:46:08+02:00,idt1a,0,0,0,2,0.95,1,0.97,0,0
1774896370743,2026-03-30T20:46:10+02:00,idt1a,0,0,0,2,0.95,1,0.97,0,0
1774896373751,2026-03-30T20:46:13+02:00,idt1a,0,0,0,2,0.95,1,0.97,0,0
1774896376737,2026-03-30T20:46:16+02:00,idt1a,0,0,0,2,0.95,12,0.97,0,0
1774896379741,2026-03-30T20:46:19+02:00,idt1a,0,0,0,2,0.95,1,0.97,0,0
1774896382738,2026-03-30T20:46:22+02:00,idt1a,0,0,0,2,0.95,1,0.97,0,0
1774896385741,2026-03-30T20:46:25+02:00,idt1a,0,0,0,2,0.95,1,0.97,0,0
1774896388736,2026-03-30T20:46:28+02:00,idt1a,0,0,0,2,0.95,12,0.97,0,0
1774896391742,2026-03-30T20:46:31+02:00,idt1a,0,0,0,2,0.95,1,0.97,0,0
1774896394751,2026-03-30T20:46:34+02:00,idt1a,0,0,0,2,0.95,1,0.97,0,0
1774896397747,2026-03-30T20:46:37+02:00,idt1a,0,0,0,2,0.95,12,0.97,0,0
1774896399716,2026-03-30T20:46:39+02:00,idt1a,0,0,0,2,0.95,12,0.97,0,0
1774896402729,2026-03-30T20:46:42+02:00,idt1a,0,0,0,2,0.95,12,0.97,0,0
1774896405718,2026-03-30T20:46:45+02:00,idt1a,0,0,0,2,0.95,1,0.97,0,0
1774896408731,2026-03-30T20:46:48+02:00,idt1a,0,0,0,2,0.95,1,0.97,0,0
1774896411715,2026-03-30T20:46:51+02:00,idt1a,0,0,0,2,0.95,12,0.97,0,0
1774896414750,2026-03-30T20:46:54+02:00,idt1a,0,0,0,2,0.95,1,0.97,0,0
1774896417740,2026-03-30T20:46:57+02:00,idt1a,0,0,0,2,0.95,1,0.97,0,0
1774896420719,2026-03-30T20:47:00+02:00,idt1a,0,0,0,2,0.95,1,0.97,0,0
1774896423716,2026-03-30T20:47:03+02:00,idt1a,0,0,0,2,0.95,12,0.97,0,0
1774896426736,2026-03-30T20:47:06+02:00,idt1a,0,0,0,2,0.95,12,0.97,0,0
1774896429734,2026-03-30T20:47:09+02:00,idt1a,0,0,0,2,0.95,12,0.97,0,0
1774896431701,2026-03-30T20:47:11+02:00,idt1a,0,0,0,2,0.95,1,0.97,0,0
1774896434686,2026-03-30T20:47:14+02:00,idt1a,0,0,0,2,0.95,12,0.97,0,0
1774896437759,2026-03-30T20:47:17+02:00,idt1a,0,0,0,2,0.95,12,0.97,0,0
1774896440699,2026-03-30T20:47:20+02:00,idt1a,0,0,0,2,0.95,1,0.97,0,0
1774896443701,2026-03-30T20:47:23+02:00,idt1a,0,0,0,2,0.95,1,0.97,0,0
1774896446690,2026-03-30T20:47:26+02:00,idt1a,0,0,0,2,0.95,1,0.97,0,0
1774896449773,2026-03-30T20:47:29+02:00,idt1a,0,0,0,2,0.95,1,0.97,0,0
1774896452693,2026-03-30T20:47:32+02:00,idt1a,0,0,0,2,0.95,1,0.97,0,0
1774896455691,2026-03-30T20:47:35+02:00,idt1a,0,0,0,2,0.95,12,0.97,0,0
1774896458692,2026-03-30T20:47:38+02:00,idt1a,0,0,0,2,0.95,1,0.97,0,0
1774896461690,2026-03-30T20:47:41+02:00,idt1a,0,0,0,2,0.95,1,0.97,0,0
1774896463672,2026-03-30T20:47:43+02:00,idt1a,0,0,0,2,0.95,1,0.97,0,0
1774896466677,2026-03-30T20:47:46+02:00,idt1a,0,0,0,2,0.95,1,0.97,0,0
1774896469676,2026-03-30T20:47:49+02:00,idt1a,0,0,0,2,0.95,12,0.97,0,0
1774896472702,2026-03-30T20:47:52+02:00,idt1a,0,0,0,2,0.95,1,0.97,0,0
1774896475701,2026-03-30T20:47:55+02:00,idt1a,0,0,0,2,0.95,1,0.97,0,0
1774896478685,2026-03-30T20:47:58+02:00,idt1a,0,0,0,2,0.95,1,0.97,0,0
1774896481689,2026-03-30T20:48:01+02:00,idt1a,0,0,0,2,0.95,1,0.97,0,0
1774896484672,2026-03-30T20:48:04+02:00,idt1a,0,0,0,2,0.95,12,0.97,0,0
1774896487694,2026-03-30T20:48:07+02:00,idt1a,0,0,0,2,0.95,12,0.97,0,0
1774896490673,2026-03-30T20:48:10+02:00,idt1a,0,0,0,2,0.95,12,0.97,0,0
1774896493689,2026-03-30T20:48:13+02:00,idt1a,0,0,0,2,0.95,1,0.97,0,0
1774896495664,2026-03-30T20:48:15+02:00,idt1a,0,0,0,2,0.95,1,0.97,0,0
1774896498670,2026-03-30T20:48:18+02:00,idt1a,0,0,0,2,0.95,5,0.97,0,0
1774896501665,2026-03-30T20:48:21+02:00,idt1a,0,0,0,2,0.95,1,0.97,0,0
1774896504653,2026-03-30T20:48:24+02:00,idt1a,0,0,0,2,0.95,12,0.97,0,0
1774896507663,2026-03-30T20:48:27+02:00,idt1a,0,0,0,2,0.95,12,0.97,0,0
1774896510678,2026-03-30T20:48:30+02:00,idt1a,0,0,0,2,0.95,12,0.97,0,0
1774896513649,2026-03-30T20:48:33+02:00,idt1a,0,0,0,2,0.95,1,0.97,0,0
1774896516648,2026-03-30T20:48:36+02:00,idt1a,0,0,0,2,0.95,1,0.97,0,0
1774896519658,2026-03-30T20:48:39+02:00,idt1a,0,0,0,2,0.95,12,0.97,0,0
1774896522662,2026-03-30T20:48:42+02:00,idt1a,0,0,0,2,0.95,1,0.97,0,0
1774896524625,2026-03-30T20:48:44+02:00,idt1a,0,0,0,2,0.95,2,0.97,0,0
1774896527641,2026-03-30T20:48:47+02:00,idt1a,0,0,0,2,0.95,12,0.97,0,0
1774896530626,2026-03-30T20:48:50+02:00,idt1a,0,0,0,2,0.95,12,0.97,0,0
1774896533669,2026-03-30T20:48:53+02:00,idt1a,0,0,0,2,0.95,12,0.97,0,0
1774896536636,2026-03-30T20:48:56+02:00,idt1a,0,0,0,2,0.95,1,0.97,0,0
1774896539641,2026-03-30T20:48:59+02:00,idt1a,0,0,0,2,0.95,12,0.97,0,0
1774896542633,2026-03-30T20:49:02+02:00,idt1a,0,0,0,2,0.95,1,0.97,0,0
1774896545628,2026-03-30T20:49:05+02:00,idt1a,0,0,0,2,0.95,1,0.97,0,0
1774896548624,2026-03-30T20:49:08+02:00,idt1a,0,0,0,2,0.95,1,0.97,0,0
1774896551626,2026-03-30T20:49:11+02:00,idt1a,0,0,0,2,0.95,1,0.97,0,0
1774896554641,2026-03-30T20:49:14+02:00,idt1a,0,0,0,2,0.95,1,0.97,0,0
1774896556623,2026-03-30T20:49:16+02:00,idt1a,0,0,0,2,0.95,12,0.97,0,0
1774896559619,2026-03-30T20:49:19+02:00,idt1a,0,0,0,2,0.95,1,0.97,0,0
1774896562605,2026-03-30T20:49:22+02:00,idt1a,0,0,0,2,0.95,12,0.97,0,0
1774896565609,2026-03-30T20:49:25+02:00,idt1a,0,0,0,2,0.95,1,0.97,0,0
1774896568609,2026-03-30T20:49:28+02:00,idt1a,0,0,0,2,0.95,1,0.97,0,0
1774896571607,2026-03-30T20:49:31+02:00,idt1a,0,0,0,2,0.95,1,0.97,0,0
1774896574605,2026-03-30T20:49:34+02:00,idt1a,0,0,0,2,0.95,12,0.97,0,0
1774896577608,2026-03-30T20:49:37+02:00,idt1a,0,0,0,2,0.95,1,0.97,0,0
1774896580607,2026-03-30T20:49:40+02:00,idt1a,0,0,0,2,0.95,1,0.97,0,0
1774896583608,2026-03-30T20:49:43+02:00,idt1a,0,0,0,2,0.95,1,0.97,0,0
1774896586606,2026-03-30T20:49:46+02:00,idt1a,0,0,0,2,0.95,12,0.97,0,0
1774896588590,2026-03-30T20:49:48+02:00,idt1a,0,0,0,2,0.95,12,0.97,0,0
1774896591587,2026-03-30T20:49:51+02:00,idt1a,0,0,0,2,0.95,12,0.97,0,0
1774896594587,2026-03-30T20:49:54+02:00,idt1a,0,0,0,2,0.95,1,0.97,0,0
1774896597584,2026-03-30T20:49:57+02:00,idt1a,0,0,0,2,0.95,12,0.97,0,0
1774896600619,2026-03-30T20:50:00+02:00,idt1a,0,0,0,2,0.95,1,0.97,0,0
1774896603588,2026-03-30T20:50:03+02:00,idt1a,0,0,0,2,0.95,1,0.97,0,0
1774896606587,2026-03-30T20:50:06+02:00,idt1a,0,0,0,2,0.95,1,0.97,0,0
1774896609584,2026-03-30T20:50:09+02:00,idt1a,0,0,0,2,0.95,12,0.97,0,0
1774896612608,2026-03-30T20:50:12+02:00,idt1a,0,0,0,2,0.95,1,0.97,0,0
1774896615589,2026-03-30T20:50:15+02:00,idt1a,0,0,0,2,0.95,1,0.97,0,0
1774896618587,2026-03-30T20:50:18+02:00,idt1a,0,0,0,2,0.95,1,0.97,0,0
1774896620588,2026-03-30T20:50:20+02:00,idt1a,0,0,0,2,0.95,1,0.97,0,0
1774896623581,2026-03-30T20:50:23+02:00,idt1a,0,0,0,2,0.95,1,0.97,0,0
1774896626591,2026-03-30T20:50:26+02:00,idt1a,0,0,0,2,0.95,12,0.97,0,0
1774896629588,2026-03-30T20:50:29+02:00,idt1a,0,0,0,2,0.95,1,0.97,0,0
1774896632578,2026-03-30T20:50:32+02:00,idt1a,0,0,0,2,0.95,12,0.97,0,0
1774896635662,2026-03-30T20:50:35+02:00,idt1a,0,0,0,2,0.95,1,0.97,0,0
1774896638596,2026-03-30T20:50:38+02:00,idt1a,0,0,0,2,0.95,1,0.97,0,0
1774896641592,2026-03-30T20:50:41+02:00,idt1a,0,0,0,2,0.95,1,0.97,0,0
1774896644594,2026-03-30T20:50:44+02:00,idt1a,0,0,0,2,0.95,1,0.97,0,0
1774896647580,2026-03-30T20:50:47+02:00,idt1a,0,0,0,2,0.95,1,0.97,0,0
1774896649567,2026-03-30T20:50:49+02:00,idt1a,0,0,0,2,0.95,1,0.97,0,0
1774896652578,2026-03-30T20:50:52+02:00,idt1a,0,0,0,2,0.95,1,0.97,0,0
1774896655569,2026-03-30T20:50:55+02:00,idt1a,0,0,0,2,0.95,1,0.97,0,0
1774896658564,2026-03-30T20:50:58+02:00,idt1a,0,0,0,2,0.95,12,0.97,0,0
1774896661591,2026-03-30T20:51:01+02:00,idt1a,0,0,0,2,0.95,12,0.97,0,0
1774896664578,2026-03-30T20:51:04+02:00,idt1a,0,0,0,2,0.95,1,0.97,0,0
1774896667564,2026-03-30T20:51:07+02:00,idt1a,0,0,0,2,0.95,12,0.97,0,0
1774896670567,2026-03-30T20:51:10+02:00,idt1a,0,0,0,2,0.95,12,0.97,0,0
1774896673568,2026-03-30T20:51:13+02:00,idt1a,0,0,0,2,0.95,1,0.97,0,0
1774896676579,2026-03-30T20:51:16+02:00,idt1a,0,0,0,2,0.95,1,0.97,0,0
1774896679563,2026-03-30T20:51:19+02:00,idt1a,0,0,0,2,0.95,12,0.97,0,0
1774896681569,2026-03-30T20:51:21+02:00,idt1a,0,0,0,2,0.95,12,0.97,0,0
1774896684567,2026-03-30T20:51:24+02:00,idt1a,0,0,0,2,0.95,12,0.97,0,0
1774896687562,2026-03-30T20:51:27+02:00,idt1a,0,0,0,2,0.95,1,0.97,0,0
1774896690551,2026-03-30T20:51:30+02:00,idt1a,0,0,0,2,0.95,12,0.97,0,0
1774896693553,2026-03-30T20:51:33+02:00,idt1a,0,0,0,2,0.95,1,0.97,0,0
1774896696559,2026-03-30T20:51:36+02:00,idt1a,0,0,0,2,0.95,1,0.97,0,0
1774896699555,2026-03-30T20:51:39+02:00,idt1a,0,0,0,2,0.95,1,0.97,0,0
1774896702548,2026-03-30T20:51:42+02:00,idt1a,0,0,0,2,0.95,1,0.97,0,0
1774896705552,2026-03-30T20:51:45+02:00,idt1a,0,0,0,2,0.95,1,0.97,0,0
1774896708551,2026-03-30T20:51:48+02:00,idt1a,0,0,0,2,0.95,1,0.97,0,0
1774896711562,2026-03-30T20:51:51+02:00,idt1a,0,0,0,2,0.95,12,0.97,0,0
1774896713541,2026-03-30T20:51:53+02:00,idt1a,0,0,0,2,0.95,12,0.97,0,0
1774896716544,2026-03-30T20:51:56+02:00,idt1a,0,0,0,2,0.95,12,0.97,0,0
1774896719560,2026-03-30T20:51:59+02:00,idt1a,0,0,0,2,0.95,1,0.97,0,0
1774896722555,2026-03-30T20:52:02+02:00,idt1a,0,0,0,2,0.95,1,0.97,0,0
1774896725562,2026-03-30T20:52:05+02:00,idt1a,0,0,0,2,0.95,12,0.97,0,0
1774896728556,2026-03-30T20:52:08+02:00,idt1a,0,0,0,2,0.95,1,0.97,0,0
1774896731590,2026-03-30T20:52:11+02:00,idt1a,0,0,0,2,0.95,1,0.97,0,0
1774896734548,2026-03-30T20:52:14+02:00,idt1a,0,0,0,2,0.95,1,0.97,0,0
1774896737568,2026-03-30T20:52:17+02:00,idt1a,0,0,0,2,0.95,12,0.97,0,0
1774896740545,2026-03-30T20:52:20+02:00,idt1a,0,0,0,2,0.95,1,0.97,0,0
1774896743549,2026-03-30T20:52:23+02:00,idt1a,0,0,0,2,0.95,1,0.97,0,0
1774896745541,2026-03-30T20:52:25+02:00,idt1a,0,0,0,2,0.95,12,0.97,0,0
1774896748530,2026-03-30T20:52:28+02:00,idt1a,0,0,0,2,0.95,12,0.97,0,0
1774896751532,2026-03-30T20:52:31+02:00,idt1a,0,0,0,2,0.95,12,0.97,0,0
1774896754563,2026-03-30T20:52:34+02:00,idt1a,0,0,0,2,0.95,1,0.97,0,0
1774896757532,2026-03-30T20:52:37+02:00,idt1a,0,0,0,2,0.95,1,0.97,0,0
1774896760529,2026-03-30T20:52:40+02:00,idt1a,0,0,0,2,0.95,12,0.97,0,0
1774896763533,2026-03-30T20:52:43+02:00,idt1a,0,0,0,2,0.95,1,0.97,0,0
1774896766563,2026-03-30T20:52:46+02:00,idt1a,0,0,0,2,0.95,1,0.97,0,0
1774896769544,2026-03-30T20:52:49+02:00,idt1a,0,0,0,2,0.95,1,0.97,0,0
1774896772529,2026-03-30T20:52:52+02:00,idt1a,0,0,0,2,0.95,12,0.97,0,0
1774896774542,2026-03-30T20:52:54+02:00,idt1a,0,0,0,2,0.95,12,0.97,0,0
1774896777547,2026-03-30T20:52:57+02:00,idt1a,0,0,0,2,0.95,1,0.97,0,0
1774896780554,2026-03-30T20:53:00+02:00,idt1a,0,0,0,2,0.95,12,0.97,0,0
1774896783540,2026-03-30T20:53:03+02:00,idt1a,0,0,0,2,0.95,12,0.97,0,0
1774896786543,2026-03-30T20:53:06+02:00,idt1a,0,0,0,2,0.95,12,0.97,0,0
1774896789551,2026-03-30T20:53:09+02:00,idt1a,0,0,0,2,0.95,1,0.97,0,0
1774896792550,2026-03-30T20:53:12+02:00,idt1a,0,0,0,2,0.95,1,0.97,0,0
1774896795540,2026-03-30T20:53:15+02:00,idt1a,0,0,0,2,0.95,12,0.97,0,0
1774896798546,2026-03-30T20:53:18+02:00,idt1a,0,0,0,2,0.95,1,0.97,0,0
1774896801544,2026-03-30T20:53:21+02:00,idt1a,0,0,0,2,0.95,1,0.97,0,0
1774896804540,2026-03-30T20:53:24+02:00,idt1a,0,0,0,2,0.95,1,0.97,0,0
1774896806533,2026-03-30T20:53:26+02:00,idt1a,0,0,0,2,0.95,12,0.97,0,0
1774896809536,2026-03-30T20:53:29+02:00,idt1a,0,0,0,2,0.95,1,0.97,0,0
1774896812535,2026-03-30T20:53:32+02:00,idt1a,0,0,0,2,0.95,1,0.97,0,0
1774896815550,2026-03-30T20:53:35+02:00,idt1a,0,0,0,2,0.95,1,0.97,0,0
1774896818534,2026-03-30T20:53:38+02:00,idt1a,0,0,0,2,0.95,12,0.97,0,0
1774896821537,2026-03-30T20:53:41+02:00,idt1a,0,0,0,2,0.95,1,0.97,0,0
1774896824537,2026-03-30T20:53:44+02:00,idt1a,0,0,0,2,0.95,1,0.97,0,0
1774896827547,2026-03-30T20:53:47+02:00,idt1a,0,0,0,2,0.95,12,0.97,0,0
1774896830534,2026-03-30T20:53:50+02:00,idt1a,0,0,0,2,0.95,12,0.97,0,0
1774896833537,2026-03-30T20:53:53+02:00,idt1a,0,0,0,2,0.95,12,0.97,0,0
1774896836537,2026-03-30T20:53:56+02:00,idt1a,0,0,0,2,0.95,1,0.97,0,0
1774896838531,2026-03-30T20:53:58+02:00,idt1a,0,0,0,2,0.95,1,0.97,0,0
1774896841528,2026-03-30T20:54:01+02:00,idt1a,0,0,0,2,0.95,12,0.97,0,0
1774896844532,2026-03-30T20:54:04+02:00,idt1a,0,0,0,2,0.95,1,0.97,0,0
1774896847531,2026-03-30T20:54:07+02:00,idt1a,0,0,0,2,0.95,1,0.97,0,0
1774896850544,2026-03-30T20:54:10+02:00,idt1a,0,0,0,2,0.95,1,0.97,0,0
1774896853529,2026-03-30T20:54:13+02:00,idt1a,0,0,0,2,0.95,1,0.97,0,0
1774896856528,2026-03-30T20:54:16+02:00,idt1a,0,0,0,2,0.95,12,0.97,0,0
1774896859532,2026-03-30T20:54:19+02:00,idt1a,0,0,0,2,0.95,1,0.97,0,0
1774896862531,2026-03-30T20:54:22+02:00,idt1a,0,0,0,2,0.95,1,0.97,0,0
1774896865549,2026-03-30T20:54:25+02:00,idt1a,0,0,0,2,0.95,1,0.97,0,0
1774896868560,2026-03-30T20:54:28+02:00,idt1a,0,0,0,2,0.95,12,0.97,0,0
1774896870535,2026-03-30T20:54:30+02:00,idt1a,0,0,0,2,0.95,12,0.97,0,0
1774896873543,2026-03-30T20:54:33+02:00,idt1a,0,0,0,2,0.95,12,0.97,0,0
1774896876557,2026-03-30T20:54:36+02:00,idt1a,0,0,0,2,0.95,12,0.97,0,0
1774896879535,2026-03-30T20:54:39+02:00,idt1a,0,0,0,2,0.95,1,0.97,0,0
1774896882536,2026-03-30T20:54:42+02:00,idt1a,0,0,0,2,0.95,1,0.97,0,0
1774896885543,2026-03-30T20:54:45+02:00,idt1a,0,0,0,2,0.95,12,0.97,0,0
1774896888530,2026-03-30T20:54:48+02:00,idt1a,0,0,0,2,0.95,1,0.97,0,0
1774896891548,2026-03-30T20:54:51+02:00,idt1a,0,0,0,2,0.95,1,0.97,0,0
1774896894537,2026-03-30T20:54:54+02:00,idt1a,0,0,0,2,0.95,12,0.97,0,0
1774896897538,2026-03-30T20:54:57+02:00,idt1a,0,0,0,2,0.95,1,0.97,0,0
1774896899537,2026-03-30T20:54:59+02:00,idt1a,0,0,0,2,0.95,12,0.97,0,0
1774896902564,2026-03-30T20:55:02+02:00,idt1a,0,0,0,2,0.95,12,0.97,0,0
1774896905563,2026-03-30T20:55:05+02:00,idt1a,0,0,0,2,0.95,1,0.97,0,0
1774896908544,2026-03-30T20:55:08+02:00,idt1a,0,0,0,2,0.95,1,0.97,0,0
1774896911533,2026-03-30T20:55:11+02:00,idt1a,0,0,0,2,0.95,12,0.97,0,0
1774896914536,2026-03-30T20:55:14+02:00,idt1a,0,0,0,2,0.95,1,0.97,0,0
1774896917567,2026-03-30T20:55:17+02:00,idt1a,0,0,0,2,0.95,1,0.97,0,0
1774896920547,2026-03-30T20:55:20+02:00,idt1a,0,0,0,2,0.95,1,0.97,0,0
1774896923553,2026-03-30T20:55:23+02:00,idt1a,0,0,0,2,0.95,12,0.97,0,0
1774896926536,2026-03-30T20:55:26+02:00,idt1a,0,0,0,2,0.95,1,0.97,0,0
1774896929560,2026-03-30T20:55:29+02:00,idt1a,0,0,0,2,0.95,1,0.97,0,0
1774896931556,2026-03-30T20:55:31+02:00,idt1a,0,0,0,2,0.95,12,0.97,0,0
1774896934542,2026-03-30T20:55:34+02:00,idt1a,0,0,0,2,0.95,12,0.97,0,0
1774896937544,2026-03-30T20:55:37+02:00,idt1a,0,0,0,2,0.95,1,0.97,0,0
1774896940548,2026-03-30T20:55:40+02:00,idt1a,0,0,0,2,0.95,1,0.97,0,0
1774896943555,2026-03-30T20:55:43+02:00,idt1a,0,0,0,2,0.95,1,0.97,0,0
1774896946541,2026-03-30T20:55:46+02:00,idt1a,0,0,0,2,0.95,12,0.97,0,0
1774896949574,2026-03-30T20:55:49+02:00,idt1a,0,0,0,2,0.95,12,0.97,0,0
1774896952589,2026-03-30T20:55:52+02:00,idt1a,0,0,0,2,0.95,12,0.97,0,0
1774896955556,2026-03-30T20:55:55+02:00,idt1a,0,0,0,2,0.95,1,0.97,0,0
1774896958556,2026-03-30T20:55:58+02:00,idt1a,0,0,0,2,0.95,1,0.97,0,0
1774896961554,2026-03-30T20:56:01+02:00,idt1a,0,0,0,2,0.95,12,0.97,0,0
1774896963577,2026-03-30T20:56:03+02:00,idt1a,0,0,0,2,0.95,1,0.97,0,0
1774896966587,2026-03-30T20:56:06+02:00,idt1a,0,0,0,2,0.95,1,0.97,0,0
1774896969584,2026-03-30T20:56:09+02:00,idt1a,0,0,0,2,0.95,12,0.97,0,0
1774896972584,2026-03-30T20:56:12+02:00,idt1a,0,0,0,2,0.95,1,0.97,0,0
1774896975580,2026-03-30T20:56:15+02:00,idt1a,0,0,0,2,0.95,1,0.97,0,0
1774896978573,2026-03-30T20:56:18+02:00,idt1a,0,0,0,2,0.95,12,0.97,0,0
1774896981574,2026-03-30T20:56:21+02:00,idt1a,0,0,0,2,0.95,1,0.97,0,0
1774896984581,2026-03-30T20:56:24+02:00,idt1a,0,0,0,2,0.95,12,0.97,0,0
1774896987577,2026-03-30T20:56:27+02:00,idt1a,0,0,0,2,0.95,12,0.97,0,0
1774896990575,2026-03-30T20:56:30+02:00,idt1a,0,0,0,2,0.95,1,0.97,0,0
1774896993575,2026-03-30T20:56:33+02:00,idt1a,0,0,0,2,0.95,12,0.97,0,0
1774896995613,2026-03-30T20:56:35+02:00,idt1a,0,0,0,2,0.95,1,0.97,0,0
1774896998617,2026-03-30T20:56:38+02:00,idt1a,0,0,0,2,0.95,1,0.97,0,0
1774897001620,2026-03-30T20:56:41+02:00,idt1a,0,0,0,2,0.95,1,0.97,0,0
1774897004629,2026-03-30T20:56:44+02:00,idt1a,0,0,0,2,0.95,12,0.97,0,0
1774897007614,2026-03-30T20:56:47+02:00,idt1a,0,0,0,2,0.95,12,0.97,0,0
1774897010616,2026-03-30T20:56:50+02:00,idt1a,0,0,0,2,0.95,1,0.97,0,0
1774897013613,2026-03-30T20:56:53+02:00,idt1a,0,0,0,2,0.95,12,0.97,0,0
1774897016610,2026-03-30T20:56:56+02:00,idt1a,0,0,0,2,0.95,12,0.97,0,0
1774897019622,2026-03-30T20:56:59+02:00,idt1a,0,0,0,2,0.95,1,0.97,0,0
1774897022622,2026-03-30T20:57:02+02:00,idt1a,0,0,0,2,0.95,1,0.97,0,0
1774897024633,2026-03-30T20:57:04+02:00,idt1a,0,0,0,2,0.95,1,0.97,0,0
1774897027629,2026-03-30T20:57:07+02:00,idt1a,0,0,0,2,0.95,12,0.97,0,0
1774897030630,2026-03-30T20:57:10+02:00,idt1a,0,0,0,2,0.95,12,0.97,0,0
1774897033674,2026-03-30T20:57:13+02:00,idt1a,0,0,0,2,0.95,12,0.97,0,0
1774897036642,2026-03-30T20:57:16+02:00,idt1a,0,0,0,2,0.95,1,0.97,0,0
1774897039639,2026-03-30T20:57:19+02:00,idt1a,0,0,0,2,0.95,1,0.97,0,0
1774897042708,2026-03-30T20:57:22+02:00,idt1a,0,0,0,2,0.95,1,0.97,0,0
1774897045635,2026-03-30T20:57:25+02:00,idt1a,0,0,0,2,0.95,1,0.97,0,0
1774897048643,2026-03-30T20:57:28+02:00,idt1a,0,0,0,2,0.95,1,0.97,0,0
1774897051640,2026-03-30T20:57:31+02:00,idt1a,0,0,0,2,0.95,1,0.97,0,0
1774897054707,2026-03-30T20:57:34+02:00,idt1a,0,0,0,2,0.95,1,0.97,0,0
1774897056672,2026-03-30T20:57:36+02:00,idt1a,0,0,0,2,0.95,1,0.97,0,0
1774897059659,2026-03-30T20:57:39+02:00,idt1a,0,0,0,2,0.95,12,0.97,0,0
1774897062645,2026-03-30T20:57:42+02:00,idt1a,0,0,0,2,0.95,12,0.97,0,0
1774897065649,2026-03-30T20:57:45+02:00,idt1a,0,0,0,2,0.95,12,0.97,0,0
1774897068656,2026-03-30T20:57:48+02:00,idt1a,0,0,0,2,0.95,12,0.97,0,0
1774897071648,2026-03-30T20:57:51+02:00,idt1a,0,0,0,2,0.95,12,0.97,0,0
1774897074656,2026-03-30T20:57:54+02:00,idt1a,0,0,0,2,0.95,12,0.97,0,0
1774897077711,2026-03-30T20:57:57+02:00,idt1a,0,0,0,2,0.95,1,0.97,0,0
1774897080693,2026-03-30T20:58:00+02:00,idt1a,0,0,0,2,0.95,12,0.97,0,0
1774897083659,2026-03-30T20:58:03+02:00,idt1a,0,0,0,2,0.95,12,0.97,0,0
1774897086646,2026-03-30T20:58:06+02:00,idt1a,0,0,0,2,0.95,1,0.97,0,0
1774897088662,2026-03-30T20:58:08+02:00,idt1a,0,0,0,2,0.95,1,0.97,0,0
1774897091665,2026-03-30T20:58:11+02:00,idt1a,0,0,0,2,0.95,12,0.97,0,0
1774897094671,2026-03-30T20:58:14+02:00,idt1a,0,0,0,2,0.95,12,0.97,0,0
1774897097665,2026-03-30T20:58:17+02:00,idt1a,0,0,0,2,0.95,1,0.97,0,0
1774897100696,2026-03-30T20:58:20+02:00,idt1a,0,0,0,2,0.95,12,0.97,0,0
1774897103684,2026-03-30T20:58:23+02:00,idt1a,0,0,0,2,0.95,12,0.97,0,0
1774897106675,2026-03-30T20:58:26+02:00,idt1a,0,0,0,2,0.95,1,0.97,0,0
1774897109662,2026-03-30T20:58:29+02:00,idt1a,0,0,0,2,0.95,1,0.97,0,0
1774897112664,2026-03-30T20:58:32+02:00,idt1a,0,0,0,2,0.95,1,0.97,0,0
1774897115675,2026-03-30T20:58:35+02:00,idt1a,0,0,0,2,0.95,1,0.97,0,0
1774897118675,2026-03-30T20:58:38+02:00,idt1a,0,0,0,2,0.95,1,0.97,0,0
1774897120734,2026-03-30T20:58:40+02:00,idt1a,0,0,0,2,0.95,1,0.97,0,0
1774897123733,2026-03-30T20:58:43+02:00,idt1a,0,0,0,2,0.95,12,0.97,0,0
1774897126745,2026-03-30T20:58:46+02:00,idt1a,0,0,0,2,0.95,12,0.97,0,0
1774897129744,2026-03-30T20:58:49+02:00,idt1a,0,0,0,2,0.95,12,0.97,0,0
1774897132749,2026-03-30T20:58:52+02:00,idt1a,0,0,0,2,0.95,1,0.97,0,0
1774897135740,2026-03-30T20:58:55+02:00,idt1a,0,0,0,2,0.95,12,0.97,0,0
1774897138744,2026-03-30T20:58:58+02:00,idt1a,0,0,0,2,0.95,1,0.97,0,0
1774897141745,2026-03-30T20:59:01+02:00,idt1a,0,0,0,2,0.95,1,0.97,0,0
1774897144742,2026-03-30T20:59:04+02:00,idt1a,0,0,0,2,0.95,12,0.97,0,0
1774897147763,2026-03-30T20:59:07+02:00,idt1a,0,0,0,2,0.95,12,0.97,0,0
1774897149769,2026-03-30T20:59:09+02:00,idt1a,0,0,0,2,0.95,1,0.97,0,0
1774897152766,2026-03-30T20:59:12+02:00,idt1a,0,0,0,2,0.95,1,0.97,0,0
1774897155763,2026-03-30T20:59:15+02:00,idt1a,0,0,0,2,0.95,1,0.97,0,0
1774897158775,2026-03-30T20:59:18+02:00,idt1a,0,0,0,2,0.95,1,0.97,0,0
1774897161763,2026-03-30T20:59:21+02:00,idt1a,0,0,0,2,0.95,1,0.97,0,0
1774897164765,2026-03-30T20:59:24+02:00,idt1a,0,0,0,2,0.95,12,0.97,0,0
1774897167761,2026-03-30T20:59:27+02:00,idt1a,0,0,0,2,0.95,1,0.97,0,0
1774897170760,2026-03-30T20:59:30+02:00,idt1a,0,0,0,2,0.95,1,0.97,0,0
1774897173784,2026-03-30T20:59:33+02:00,idt1a,0,0,0,2,0.95,1,0.97,0,0
1774897176770,2026-03-30T20:59:36+02:00,idt1a,0,0,0,2,0.95,12,0.97,0,0
1774897179769,2026-03-30T20:59:39+02:00,idt1a,0,0,0,2,0.95,1,0.97,0,0
1774897181784,2026-03-30T20:59:41+02:00,idt1a,0,0,0,2,0.95,1,0.97,0,0
1774897184790,2026-03-30T20:59:44+02:00,idt1a,0,0,0,2,0.95,1,0.97,0,0
1774897187791,2026-03-30T20:59:47+02:00,idt1a,0,0,0,2,0.95,1,0.97,0,0
1774897190792,2026-03-30T20:59:50+02:00,idt1a,0,0,0,2,0.95,1,0.97,0,0
1774897193789,2026-03-30T20:59:53+02:00,idt1a,0,0,0,2,0.95,1,0.97,0,0
1774897196795,2026-03-30T20:59:56+02:00,idt1a,0,0,0,2,0.95,1,0.97,0,0
1774897199791,2026-03-30T20:59:59+02:00,idt1a,0,0,0,2,0.95,1,0.97,0,0
1774897202781,2026-03-30T21:00:02+02:00,idt1a,0,0,0,2,0.95,1,0.97,0,0
1774897205782,2026-03-30T21:00:05+02:00,idt1a,0,0,0,2,0.95,1,0.97,0,0
1774897208786,2026-03-30T21:00:08+02:00,idt1a,0,0,0,2,0.95,1,0.97,0,0
1774897211794,2026-03-30T21:00:11+02:00,idt1a,0,0,0,2,0.95,1,0.97,0,0
1774897213810,2026-03-30T21:00:13+02:00,idt1a,0,0,0,2,0.95,12,0.97,0,0
1774897216811,2026-03-30T21:00:16+02:00,idt1a,0,0,0,2,0.95,1,0.97,0,0
1774897219841,2026-03-30T21:00:19+02:00,idt1a,0,0,0,2,0.95,12,0.97,0,0
1774897222812,2026-03-30T21:00:22+02:00,idt1a,0,0,0,2,0.95,1,0.97,0,0
1774897225813,2026-03-30T21:00:25+02:00,idt1a,0,0,0,2,0.95,12,0.97,0,0
1774897228832,2026-03-30T21:00:28+02:00,idt1a,0,0,0,2,0.95,12,0.97,0,0
1774897231831,2026-03-30T21:00:31+02:00,idt1a,0,0,0,2,0.95,1,0.97,0,0
1774897234814,2026-03-30T21:00:34+02:00,idt1a,0,0,0,2,0.95,12,0.97,0,0
1774897237814,2026-03-30T21:00:37+02:00,idt1a,0,0,0,2,0.95,1,0.97,0,0
1774897240829,2026-03-30T21:00:40+02:00,idt1a,0,0,0,2,0.95,1,0.97,0,0
1774897243825,2026-03-30T21:00:43+02:00,idt1a,0,0,0,2,0.95,1,0.97,0,0
1774897245833,2026-03-30T21:00:45+02:00,idt1a,0,0,0,2,0.95,1,0.97,0,0
1774897248830,2026-03-30T21:00:48+02:00,idt1a,0,0,0,2,0.95,1,0.97,0,0
1774897251835,2026-03-30T21:00:51+02:00,idt1a,0,0,0,2,0.95,1,0.97,0,0
1774897254850,2026-03-30T21:00:54+02:00,idt1a,0,0,0,2,0.95,12,0.97,0,0
1774897257844,2026-03-30T21:00:57+02:00,idt1a,0,0,0,2,0.95,1,0.97,0,0
1774897260842,2026-03-30T21:01:00+02:00,idt1a,0,0,0,2,0.95,1,0.97,0,0
1774897263834,2026-03-30T21:01:03+02:00,idt1a,0,0,0,2,0.95,1,0.97,0,0
1774897266850,2026-03-30T21:01:06+02:00,idt1a,0,0,0,2,0.95,12,0.97,0,0
1774897269844,2026-03-30T21:01:09+02:00,idt1a,0,0,0,2,0.95,1,0.97,0,0
1774897272839,2026-03-30T21:01:12+02:00,idt1a,0,0,0,2,0.95,12,0.97,0,0
1774897274981,2026-03-30T21:01:14+02:00,idt1a,0,0,0,2,0.95,12,0.97,0,0
1774897277982,2026-03-30T21:01:17+02:00,idt1a,0,0,0,2,0.95,1,0.97,0,0
1774897280989,2026-03-30T21:01:20+02:00,idt1a,0,0,0,2,0.95,12,0.97,0,0
1774897283983,2026-03-30T21:01:23+02:00,idt1a,0,0,0,2,0.95,12,0.97,0,0
1774897286985,2026-03-30T21:01:26+02:00,idt1a,0,0,0,2,0.95,1,0.97,0,0
1774897290003,2026-03-30T21:01:30+02:00,idt1a,0,0,0,2,0.95,4,0.97,0,0
1774897292992,2026-03-30T21:01:32+02:00,idt1a,0,0,0,2,0.95,12,0.97,0,0
1774897295988,2026-03-30T21:01:35+02:00,idt1a,0,0,0,2,0.95,12,0.97,0,0
1774897298985,2026-03-30T21:01:38+02:00,idt1a,0,0,0,2,0.95,12,0.97,0,0
1774897302017,2026-03-30T21:01:42+02:00,idt1a,0,0,0,2,0.95,12,0.97,0,0
1774897304982,2026-03-30T21:01:44+02:00,idt1a,0,0,0,2,0.95,12,0.97,0,0
1774897307083,2026-03-30T21:01:47+02:00,idt1a,0,0,0,2,0.95,1,0.97,0,0
1774897310126,2026-03-30T21:01:50+02:00,idt1a,0,0,0,2,0.95,1,0.97,0,0
1774897313089,2026-03-30T21:01:53+02:00,idt1a,0,0,0,2,0.95,12,0.97,0,0
1774897316086,2026-03-30T21:01:56+02:00,idt1a,0,0,0,2,0.95,1,0.97,0,0
1774897319086,2026-03-30T21:01:59+02:00,idt1a,0,0,0,2,0.95,1,0.97,0,0
1774897322125,2026-03-30T21:02:02+02:00,idt1a,0,0,0,2,0.95,12,0.97,0,0
1774897325129,2026-03-30T21:02:05+02:00,idt1a,0,0,0,2,0.95,12,0.97,0,0
1774897328084,2026-03-30T21:02:08+02:00,idt1a,0,0,0,2,0.95,1,0.97,0,0
1774897331083,2026-03-30T21:02:11+02:00,idt1a,0,0,0,2,0.95,12,0.97,0,0
1774897334106,2026-03-30T21:02:14+02:00,idt1a,0,0,0,2,0.95,1,0.97,0,0
1774897337084,2026-03-30T21:02:17+02:00,idt1a,0,0,0,2,0.95,1,0.97,0,0
1774897339180,2026-03-30T21:02:19+02:00,idt1a,0,0,0,2,0.95,1,0.97,0,0
1774897342176,2026-03-30T21:02:22+02:00,idt1a,0,0,0,2,0.95,1,0.97,0,0
1774897345178,2026-03-30T21:02:25+02:00,idt1a,0,0,0,2,0.95,12,0.97,0,0
1774897348178,2026-03-30T21:02:28+02:00,idt1a,0,0,0,2,0.95,1,0.97,0,0
1774897351182,2026-03-30T21:02:31+02:00,idt1a,0,0,0,2,0.95,12,0.97,0,0
1774897354174,2026-03-30T21:02:34+02:00,idt1a,0,0,0,2,0.95,12,0.97,0,0
1774897357209,2026-03-30T21:02:37+02:00,idt1a,0,0,0,2,0.95,1,0.97,0,0
1774897360204,2026-03-30T21:02:40+02:00,idt1a,0,0,0,2,0.95,12,0.97,0,0
1774897363175,2026-03-30T21:02:43+02:00,idt1a,0,0,0,2,0.95,1,0.97,0,0
1774897366174,2026-03-30T21:02:46+02:00,idt1a,0,0,0,2,0.95,12,0.97,0,0
1774897369176,2026-03-30T21:02:49+02:00,idt1a,0,0,0,2,0.95,1,0.97,0,0
1774897371327,2026-03-30T21:02:51+02:00,idt1a,0,0,0,2,0.95,1,0.97,0,0
1774897374339,2026-03-30T21:02:54+02:00,idt1a,0,0,0,2,0.95,12,0.97,0,0
1774897377326,2026-03-30T21:02:57+02:00,idt1a,0,0,0,2,0.95,12,0.97,0,0
1774897380329,2026-03-30T21:03:00+02:00,idt1a,0,0,0,2,0.95,1,0.97,0,0
1774897383329,2026-03-30T21:03:03+02:00,idt1a,0,0,0,2,0.95,1,0.97,0,0
1774897386329,2026-03-30T21:03:06+02:00,idt1a,0,0,0,2,0.95,1,0.97,0,0
1774897389336,2026-03-30T21:03:09+02:00,idt1a,0,0,0,2,0.95,1,0.97,0,0
1774897392349,2026-03-30T21:03:12+02:00,idt1a,0,0,0,2,0.95,1,0.97,0,0
1774897395328,2026-03-30T21:03:15+02:00,idt1a,0,0,0,2,0.95,12,0.97,0,0
1774897398326,2026-03-30T21:03:18+02:00,idt1a,0,0,0,2,0.95,1,0.97,0,0
1774897400488,2026-03-30T21:03:20+02:00,idt1a,0,0,0,2,0.95,12,0.97,0,0
1774897403489,2026-03-30T21:03:23+02:00,idt1a,0,0,0,2,0.95,12,0.97,0,0
1774897406518,2026-03-30T21:03:26+02:00,idt1a,0,0,0,2,0.95,1,0.97,0,0
1774897409505,2026-03-30T21:03:29+02:00,idt1a,0,0,0,2,0.95,1,0.97,0,0
1774897412493,2026-03-30T21:03:32+02:00,idt1a,0,0,0,2,0.95,1,0.97,0,0
1774897415517,2026-03-30T21:03:35+02:00,idt1a,0,0,0,2,0.95,12,0.97,0,0
1774897418520,2026-03-30T21:03:38+02:00,idt1a,0,0,0,2,0.95,1,0.97,0,0
1774897421502,2026-03-30T21:03:41+02:00,idt1a,0,0,0,2,0.95,12,0.97,0,0
1774897424493,2026-03-30T21:03:44+02:00,idt1a,0,0,0,2,0.95,12,0.97,0,0
1774897427489,2026-03-30T21:03:47+02:00,idt1a,0,0,0,2,0.95,1,0.97,0,0
1774897430490,2026-03-30T21:03:50+02:00,idt1a,0,0,0,2,0.95,12,0.97,0,0
1774897432646,2026-03-30T21:03:52+02:00,idt1a,0,0,0,2,0.95,1,0.97,0,0
1774897435645,2026-03-30T21:03:55+02:00,idt1a,0,0,0,2,0.95,12,0.97,0,0
1774897438650,2026-03-30T21:03:58+02:00,idt1a,0,0,0,2,0.95,1,0.97,0,0
1774897441681,2026-03-30T21:04:01+02:00,idt1a,0,0,0,2,0.95,1,0.97,0,0
1774897444662,2026-03-30T21:04:04+02:00,idt1a,0,0,0,2,0.95,12,0.97,0,0
1774897447646,2026-03-30T21:04:07+02:00,idt1a,0,0,0,2,0.95,1,0.97,0,0
1774897450647,2026-03-30T21:04:10+02:00,idt1a,0,0,0,2,0.95,12,0.97,0,0
1774897453677,2026-03-30T21:04:13+02:00,idt1a,0,0,0,2,0.95,1,0.97,0,0
1774897456655,2026-03-30T21:04:16+02:00,idt1a,0,0,0,2,0.95,1,0.97,0,0
1774897459653,2026-03-30T21:04:19+02:00,idt1a,0,0,0,2,0.95,12,0.97,0,0
1774897462653,2026-03-30T21:04:22+02:00,idt1a,0,0,0,2,0.95,12,0.97,0,0
1774897464805,2026-03-30T21:04:24+02:00,idt1a,0,0,0,2,0.95,1,0.97,0,0
1774897467805,2026-03-30T21:04:27+02:00,idt1a,0,0,0,2,0.95,12,0.97,0,0
1774897470814,2026-03-30T21:04:30+02:00,idt1a,0,0,0,2,0.95,1,0.97,0,0
1774897473814,2026-03-30T21:04:33+02:00,idt1a,0,0,0,2,0.95,1,0.97,0,0
1774897476806,2026-03-30T21:04:36+02:00,idt1a,0,0,0,2,0.95,12,0.97,0,0
1774897479807,2026-03-30T21:04:39+02:00,idt1a,0,0,0,2,0.95,1,0.97,0,0
1774897482804,2026-03-30T21:04:42+02:00,idt1a,0,0,0,2,0.95,12,0.97,0,0
1774897485826,2026-03-30T21:04:45+02:00,idt1a,0,0,0,2,0.95,1,0.97,0,0
1774897488808,2026-03-30T21:04:48+02:00,idt1a,0,0,0,2,0.95,1,0.97,0,0
1774897491813,2026-03-30T21:04:51+02:00,idt1a,0,0,0,2,0.95,12,0.97,0,0
1774897494813,2026-03-30T21:04:54+02:00,idt1a,0,0,0,2,0.95,12,0.97,0,0
1774897496992,2026-03-30T21:04:56+02:00,idt1a,0,0,0,2,0.95,1,0.97,0,0
1774897499991,2026-03-30T21:04:59+02:00,idt1a,0,0,0,2,0.95,12,0.97,0,0
1774897503004,2026-03-30T21:05:03+02:00,idt1a,0,0,0,2,0.95,1,0.97,0,0
1774897505997,2026-03-30T21:05:05+02:00,idt1a,0,0,0,2,0.95,1,0.97,0,0
1774897508994,2026-03-30T21:05:08+02:00,idt1a,0,0,0,2,0.95,1,0.97,0,0
1774897511995,2026-03-30T21:05:11+02:00,idt1a,0,0,0,2,0.95,1,0.97,0,0
1774897514995,2026-03-30T21:05:14+02:00,idt1a,0,0,0,2,0.95,1,0.97,0,0
1774897518011,2026-03-30T21:05:18+02:00,idt1a,0,0,0,2,0.95,12,0.97,0,0
1774897520994,2026-03-30T21:05:20+02:00,idt1a,0,0,0,2,0.95,1,0.97,0,0
1774897523993,2026-03-30T21:05:23+02:00,idt1a,0,0,0,2,0.95,1,0.97,0,0
1774897526210,2026-03-30T21:05:26+02:00,idt1a,0,0,0,2,0.95,1,0.97,0,0
1774897529221,2026-03-30T21:05:29+02:00,idt1a,0,0,0,2,0.95,1,0.97,0,0
1774897532221,2026-03-30T21:05:32+02:00,idt1a,0,0,0,2,0.95,1,0.97,0,0
1774897535220,2026-03-30T21:05:35+02:00,idt1a,0,0,0,2,0.95,1,0.97,0,0
1774897538213,2026-03-30T21:05:38+02:00,idt1a,0,0,0,2,0.95,1,0.97,0,0
1774897541225,2026-03-30T21:05:41+02:00,idt1a,0,0,0,2,0.95,1,0.97,0,0
1774897544212,2026-03-30T21:05:44+02:00,idt1a,0,0,0,2,0.95,1,0.97,0,0
1774897547227,2026-03-30T21:05:47+02:00,idt1a,0,0,0,2,0.95,1,0.97,0,0
1774897550210,2026-03-30T21:05:50+02:00,idt1a,0,0,0,2,0.95,1,0.97,0,0
1774897553212,2026-03-30T21:05:53+02:00,idt1a,0,0,0,2,0.95,1,0.97,0,0
1774897556211,2026-03-30T21:05:56+02:00,idt1a,0,0,0,2,0.95,1,0.97,0,0
1774897558412,2026-03-30T21:05:58+02:00,idt1a,0,0,0,2,0.95,1,0.97,0,0
1774897561407,2026-03-30T21:06:01+02:00,idt1a,0,0,0,2,0.95,1,0.97,0,0
1774897564398,2026-03-30T21:06:04+02:00,idt1a,0,0,0,2,0.95,1,0.97,0,0
1774897567400,2026-03-30T21:06:07+02:00,idt1a,0,0,0,2,0.95,12,0.97,0,0
1774897570401,2026-03-30T21:06:10+02:00,idt1a,0,0,0,2,0.95,1,0.97,0,0
1774897573406,2026-03-30T21:06:13+02:00,idt1a,0,0,0,2,0.95,1,0.97,0,0
1774897576396,2026-03-30T21:06:16+02:00,idt1a,0,0,0,2,0.95,12,0.97,0,0
1774897579401,2026-03-30T21:06:19+02:00,idt1a,0,0,0,2,0.95,1,0.97,0,0
1774897582400,2026-03-30T21:06:22+02:00,idt1a,0,0,0,2,0.95,1,0.97,0,0
1774897585398,2026-03-30T21:06:25+02:00,idt1a,0,0,0,2,0.95,1,0.97,0,0
1774897588397,2026-03-30T21:06:28+02:00,idt1a,0,0,0,2,0.95,12,0.97,0,0
1774897590535,2026-03-30T21:06:30+02:00,idt1a,0,0,0,2,0.95,12,0.97,0,0
1774897593535,2026-03-30T21:06:33+02:00,idt1a,0,0,0,2,0.95,1,0.97,0,0
1774897596536,2026-03-30T21:06:36+02:00,idt1a,0,0,0,2,0.95,1,0.97,0,0
1774897599533,2026-03-30T21:06:39+02:00,idt1a,0,0,0,2,0.95,12,0.97,0,0
1774897602534,2026-03-30T21:06:42+02:00,idt1a,0,0,0,2,0.95,12,0.97,0,0
1774897605552,2026-03-30T21:06:45+02:00,idt1a,0,0,0,2,0.95,12,0.97,0,0
1774897608544,2026-03-30T21:06:48+02:00,idt1a,0,0,0,2,0.95,1,0.97,0,0
1774897611532,2026-03-30T21:06:51+02:00,idt1a,0,0,0,2,0.95,12,0.97,0,0
1774897614535,2026-03-30T21:06:54+02:00,idt1a,0,0,0,2,0.95,1,0.97,0,0
1774897617546,2026-03-30T21:06:57+02:00,idt1a,0,0,0,2,0.95,1,0.97,0,0
1774897620541,2026-03-30T21:07:00+02:00,idt1a,0,0,0,2,0.95,1,0.97,0,0
1774897622709,2026-03-30T21:07:02+02:00,idt1a,0,0,0,2,0.95,1,0.97,0,0
1774897625705,2026-03-30T21:07:05+02:00,idt1a,0,0,0,2,0.95,1,0.97,0,0
1774897628707,2026-03-30T21:07:08+02:00,idt1a,0,0,0,2,0.95,1,0.97,0,0
1774897631715,2026-03-30T21:07:11+02:00,idt1a,0,0,0,2,0.95,1,0.97,0,0
1774897634701,2026-03-30T21:07:14+02:00,idt1a,0,0,0,2,0.95,12,0.97,0,0
1774897637715,2026-03-30T21:07:17+02:00,idt1a,0,0,0,2,0.95,1,0.97,0,0
1774897640719,2026-03-30T21:07:20+02:00,idt1a,0,0,0,2,0.95,12,0.97,0,0
1774897643710,2026-03-30T21:07:23+02:00,idt1a,0,0,0,2,0.95,1,0.97,0,0
1774897646717,2026-03-30T21:07:26+02:00,idt1a,0,0,0,2,0.95,12,0.97,0,0
1774897649717,2026-03-30T21:07:29+02:00,idt1a,0,0,0,2,0.95,1,0.97,0,0
1774897651877,2026-03-30T21:07:31+02:00,idt1a,0,0,0,2,0.95,1,0.97,0,0
1774897654877,2026-03-30T21:07:34+02:00,idt1a,0,0,0,2,0.95,1,0.97,0,0
1774897657876,2026-03-30T21:07:37+02:00,idt1a,0,0,0,2,0.95,12,0.97,0,0
1774897660900,2026-03-30T21:07:40+02:00,idt1a,0,0,0,2,0.95,1,0.97,0,0
1774897663884,2026-03-30T21:07:43+02:00,idt1a,0,0,0,2,0.95,1,0.97,0,0
1774897666877,2026-03-30T21:07:46+02:00,idt1a,0,0,0,2,0.95,1,0.97,0,0
1774897669874,2026-03-30T21:07:49+02:00,idt1a,0,0,0,2,0.95,12,0.97,0,0
1774897672877,2026-03-30T21:07:52+02:00,idt1a,0,0,0,2,0.95,1,0.97,0,0
1774897675886,2026-03-30T21:07:55+02:00,idt1a,0,0,0,2,0.95,1,0.97,0,0
1774897678878,2026-03-30T21:07:58+02:00,idt1a,0,0,0,2,0.95,1,0.97,0,0
1774897681879,2026-03-30T21:08:01+02:00,idt1a,0,0,0,2,0.95,1,0.97,0,0
1774897684052,2026-03-30T21:08:04+02:00,idt1a,0,0,0,2,0.95,1,0.97,0,0
1774897687049,2026-03-30T21:08:07+02:00,idt1a,0,0,0,2,0.95,1,0.97,0,0
1774897690050,2026-03-30T21:08:10+02:00,idt1a,0,0,0,2,0.95,1,0.97,0,0
1774897693046,2026-03-30T21:08:13+02:00,idt1a,0,0,0,2,0.95,12,0.97,0,0
1774897696048,2026-03-30T21:08:16+02:00,idt1a,0,0,0,2,0.95,12,0.97,0,0
1774897699048,2026-03-30T21:08:19+02:00,idt1a,0,0,0,2,0.95,12,0.97,0,0
1774897702059,2026-03-30T21:08:22+02:00,idt1a,0,0,0,2,0.95,1,0.97,0,0
1774897705053,2026-03-30T21:08:25+02:00,idt1a,0,0,0,2,0.95,1,0.97,0,0
1774897708061,2026-03-30T21:08:28+02:00,idt1a,0,0,0,2,0.95,1,0.97,0,0
1774897711057,2026-03-30T21:08:31+02:00,idt1a,0,0,0,2,0.95,1,0.97,0,0
1774897714058,2026-03-30T21:08:34+02:00,idt1a,0,0,0,2,0.95,1,0.97,0,0
1774897716236,2026-03-30T21:08:36+02:00,idt1a,0,0,0,2,0.95,12,0.97,0,0
1774897719224,2026-03-30T21:08:39+02:00,idt1a,0,0,0,2,0.95,1,0.97,0,0
1774897722223,2026-03-30T21:08:42+02:00,idt1a,0,0,0,2,0.95,1,0.97,0,0
1774897725221,2026-03-30T21:08:45+02:00,idt1a,0,0,0,2,0.95,1,0.97,0,0
1774897728223,2026-03-30T21:08:48+02:00,idt1a,0,0,0,2,0.95,12,0.97,0,0
1774897731224,2026-03-30T21:08:51+02:00,idt1a,0,0,0,2,0.95,12,0.97,0,0
1774897734246,2026-03-30T21:08:54+02:00,idt1a,0,0,0,2,0.95,12,0.97,0,0
1774897737232,2026-03-30T21:08:57+02:00,idt1a,0,0,0,2,0.95,1,0.97,0,0
1774897740242,2026-03-30T21:09:00+02:00,idt1a,0,0,0,2,0.95,12,0.97,0,0
1774897743223,2026-03-30T21:09:03+02:00,idt1a,0,0,0,2,0.95,12,0.97,0,0
1774897746232,2026-03-30T21:09:06+02:00,idt1a,0,0,0,2,0.95,1,0.97,0,0
1774897748404,2026-03-30T21:09:08+02:00,idt1a,0,0,0,2,0.95,12,0.97,0,0
1774897751401,2026-03-30T21:09:11+02:00,idt1a,0,0,0,2,0.95,1,0.97,0,0
1774897754398,2026-03-30T21:09:14+02:00,idt1a,0,0,0,2,0.95,1,0.97,0,0
1774897757398,2026-03-30T21:09:17+02:00,idt1a,0,0,0,2,0.95,1,0.97,0,0
1774897760407,2026-03-30T21:09:20+02:00,idt1a,0,0,0,2,0.95,1,0.97,0,0
1774897763412,2026-03-30T21:09:23+02:00,idt1a,0,0,0,2,0.95,1,0.97,0,0
1774897766422,2026-03-30T21:09:26+02:00,idt1a,0,0,0,2,0.95,12,0.97,0,0
1774897769409,2026-03-30T21:09:29+02:00,idt1a,0,0,0,2,0.95,12,0.97,0,0
1774897772408,2026-03-30T21:09:32+02:00,idt1a,0,0,0,2,0.95,1,0.97,0,0
1774897775399,2026-03-30T21:09:35+02:00,idt1a,0,0,0,2,0.95,12,0.97,0,0
1774897777573,2026-03-30T21:09:37+02:00,idt1a,0,0,0,2,0.95,12,0.97,0,0
1774897780583,2026-03-30T21:09:40+02:00,idt1a,0,0,0,2,0.95,1,0.97,0,0
1774897783581,2026-03-30T21:09:43+02:00,idt1a,0,0,0,2,0.95,1,0.97,0,0
1774897786572,2026-03-30T21:09:46+02:00,idt1a,0,0,0,2,0.95,1,0.97,0,0
1774897789597,2026-03-30T21:09:49+02:00,idt1a,0,0,0,2,0.95,1,0.97,0,0
1774897792596,2026-03-30T21:09:52+02:00,idt1a,0,0,0,2,0.95,1,0.97,0,0
1774897795582,2026-03-30T21:09:55+02:00,idt1a,0,0,0,2,0.95,1,0.97,0,0
1774897798570,2026-03-30T21:09:58+02:00,idt1a,0,0,0,2,0.95,1,0.97,0,0
1774897801572,2026-03-30T21:10:01+02:00,idt1a,0,0,0,2,0.95,12,0.97,0,0
1774897804591,2026-03-30T21:10:04+02:00,idt1a,0,0,0,2,0.95,1,0.97,0,0
1774897807581,2026-03-30T21:10:07+02:00,idt1a,0,0,0,2,0.95,1,0.97,0,0
1774897809749,2026-03-30T21:10:09+02:00,idt1a,0,0,0,2,0.95,1,0.97,0,0
1774897812756,2026-03-30T21:10:12+02:00,idt1a,0,0,0,2,0.95,12,0.97,0,0
1774897815756,2026-03-30T21:10:15+02:00,idt1a,0,0,0,2,0.95,1,0.97,0,0
1774897818755,2026-03-30T21:10:18+02:00,idt1a,0,0,0,2,0.95,1,0.97,0,0
1774897821757,2026-03-30T21:10:21+02:00,idt1a,0,0,0,2,0.95,1,0.97,0,0
1774897824756,2026-03-30T21:10:24+02:00,idt1a,0,0,0,2,0.95,1,0.97,0,0
1774897827757,2026-03-30T21:10:27+02:00,idt1a,0,0,0,2,0.95,1,0.97,0,0
1774897830754,2026-03-30T21:10:30+02:00,idt1a,0,0,0,2,0.95,12,0.97,0,0
1774897833757,2026-03-30T21:10:33+02:00,idt1a,0,0,0,2,0.95,1,0.97,0,0
1774897836747,2026-03-30T21:10:36+02:00,idt1a,0,0,0,2,0.95,12,0.97,0,0
1774897839756,2026-03-30T21:10:39+02:00,idt1a,0,0,0,2,0.95,1,0.97,0,0
1774897841933,2026-03-30T21:10:41+02:00,idt1a,0,0,0,2,0.95,1,0.97,0,0
1774897844933,2026-03-30T21:10:44+02:00,idt1a,0,0,0,2,0.95,12,0.97,0,0
1774897847923,2026-03-30T21:10:47+02:00,idt1a,0,0,0,2,0.95,12,0.97,0,0
1774897850927,2026-03-30T21:10:50+02:00,idt1a,0,0,0,2,0.95,1,0.97,0,0
1774897853932,2026-03-30T21:10:53+02:00,idt1a,0,0,0,2,0.95,1,0.97,0,0
1774897856930,2026-03-30T21:10:56+02:00,idt1a,0,0,0,2,0.95,1,0.97,0,0
1774897859958,2026-03-30T21:10:59+02:00,idt1a,0,0,0,2,0.95,12,0.97,0,0
1774897862931,2026-03-30T21:11:02+02:00,idt1a,0,0,0,2,0.95,12,0.97,0,0
1774897865931,2026-03-30T21:11:05+02:00,idt1a,0,0,0,2,0.95,12,0.97,0,0
1774897868938,2026-03-30T21:11:08+02:00,idt1a,0,0,0,2,0.95,1,0.97,0,0
1774897871938,2026-03-30T21:11:11+02:00,idt1a,0,0,0,2,0.95,12,0.97,0,0
1774897874110,2026-03-30T21:11:14+02:00,idt1a,0,0,0,2,0.95,1,0.97,0,0
1774897877107,2026-03-30T21:11:17+02:00,idt1a,0,0,0,2,0.95,1,0.97,0,0
1774897880111,2026-03-30T21:11:20+02:00,idt1a,0,0,0,2,0.95,12,0.97,0,0
1774897883099,2026-03-30T21:11:23+02:00,idt1a,0,0,0,2,0.95,12,0.97,0,0
1774897886113,2026-03-30T21:11:26+02:00,idt1a,0,0,0,2,0.95,1,0.97,0,0
1774897889098,2026-03-30T21:11:29+02:00,idt1a,0,0,0,2,0.95,1,0.97,0,0
1774897892107,2026-03-30T21:11:32+02:00,idt1a,0,0,0,2,0.95,1,0.97,0,0
1774897895113,2026-03-30T21:11:35+02:00,idt1a,0,0,0,2,0.95,1,0.97,0,0
1774897898121,2026-03-30T21:11:38+02:00,idt1a,0,0,0,2,0.95,1,0.97,0,0
1774897901108,2026-03-30T21:11:41+02:00,idt1a,0,0,0,2,0.95,1,0.97,0,0
1774897903284,2026-03-30T21:11:43+02:00,idt1a,0,0,0,2,0.95,12,0.97,0,0
1774897906287,2026-03-30T21:11:46+02:00,idt1a,0,0,0,2,0.95,1,0.97,0,0
1774897909303,2026-03-30T21:11:49+02:00,idt1a,0,0,0,2,0.95,1,0.97,0,0
1774897912294,2026-03-30T21:11:52+02:00,idt1a,0,0,0,2,0.95,1,0.97,0,0
1774897915294,2026-03-30T21:11:55+02:00,idt1a,0,0,0,2,0.95,1,0.97,0,0
1774897918293,2026-03-30T21:11:58+02:00,idt1a,0,0,0,2,0.95,1,0.97,0,0
1774897921302,2026-03-30T21:12:01+02:00,idt1a,0,0,0,2,0.95,1,0.97,0,0
1774897924286,2026-03-30T21:12:04+02:00,idt1a,0,0,0,2,0.95,1,0.97,0,0
1774897927298,2026-03-30T21:12:07+02:00,idt1a,0,0,0,2,0.95,1,0.97,0,0
1774897930288,2026-03-30T21:12:10+02:00,idt1a,0,0,0,2,0.95,1,0.97,0,0
1774897933294,2026-03-30T21:12:13+02:00,idt1a,0,0,0,2,0.95,1,0.97,0,0
1774897935506,2026-03-30T21:12:15+02:00,idt1a,0,0,0,2,0.95,12,0.97,0,0
1774897938507,2026-03-30T21:12:18+02:00,idt1a,0,0,0,2,0.95,1,0.97,0,0
1774897941499,2026-03-30T21:12:21+02:00,idt1a,0,0,0,2,0.95,1,0.97,0,0
1774897944534,2026-03-30T21:12:24+02:00,idt1a,0,0,0,2,0.95,12,0.97,0,0
1774897947503,2026-03-30T21:12:27+02:00,idt1a,0,0,0,2,0.95,12,0.97,0,0
1774897950507,2026-03-30T21:12:30+02:00,idt1a,0,0,0,2,0.95,12,0.97,0,0
1774897953495,2026-03-30T21:12:33+02:00,idt1a,0,0,0,2,0.95,1,0.97,0,0
1774897956504,2026-03-30T21:12:36+02:00,idt1a,0,0,0,2,0.95,1,0.97,0,0
1774897959500,2026-03-30T21:12:39+02:00,idt1a,0,0,0,2,0.95,12,0.97,0,0
1774897962494,2026-03-30T21:12:42+02:00,idt1a,0,0,0,2,0.95,12,0.97,0,0
1774897965502,2026-03-30T21:12:45+02:00,idt1a,0,0,0,2,0.95,1,0.97,0,0
1774897967760,2026-03-30T21:12:47+02:00,idt1a,0,0,0,2,0.95,1,0.97,0,0
1774897970759,2026-03-30T21:12:50+02:00,idt1a,0,0,0,2,0.95,1,0.97,0,0
1774897973753,2026-03-30T21:12:53+02:00,idt1a,0,0,0,2,0.95,12,0.97,0,0
1774897976781,2026-03-30T21:12:56+02:00,idt1a,0,0,0,2,0.95,1,0.97,0,0
1774897979757,2026-03-30T21:12:59+02:00,idt1a,0,0,0,2,0.95,1,0.97,0,0
1774897982755,2026-03-30T21:13:02+02:00,idt1a,0,0,0,2,0.95,1,0.97,0,0
1774897985791,2026-03-30T21:13:05+02:00,idt1a,0,0,0,2,0.95,12,0.97,0,0
1774897988756,2026-03-30T21:13:08+02:00,idt1a,0,0,0,2,0.95,1,0.97,0,0
1774897991774,2026-03-30T21:13:11+02:00,idt1a,0,0,0,2,0.95,1,0.97,0,0
1774897994753,2026-03-30T21:13:14+02:00,idt1a,0,0,0,2,0.95,12,0.97,0,0
1774897997753,2026-03-30T21:13:17+02:00,idt1a,0,0,0,2,0.95,12,0.97,0,0
1774897999952,2026-03-30T21:13:19+02:00,idt1a,0,0,0,2,0.95,1,0.97,0,0
1774898002974,2026-03-30T21:13:22+02:00,idt1a,0,0,0,2,0.95,12,0.97,0,0
1774898005950,2026-03-30T21:13:25+02:00,idt1a,0,0,0,2,0.95,1,0.97,0,0
1774898008952,2026-03-30T21:13:28+02:00,idt1a,0,0,0,2,0.95,1,0.97,0,0
1774898012024,2026-03-30T21:13:32+02:00,idt1a,0,0,0,2,0.95,12,0.97,0,0
1774898014990,2026-03-30T21:13:34+02:00,idt1a,0,0,0,2,0.95,12,0.97,0,0
1774898017948,2026-03-30T21:13:37+02:00,idt1a,0,0,0,2,0.95,12,0.97,0,0
1774898020952,2026-03-30T21:13:40+02:00,idt1a,0,0,0,2,0.95,1,0.97,0,0
1774898023950,2026-03-30T21:13:43+02:00,idt1a,0,0,0,2,0.95,12,0.97,0,0
1774898026952,2026-03-30T21:13:46+02:00,idt1a,0,0,0,2,0.95,12,0.97,0,0
1774898029044,2026-03-30T21:13:49+02:00,idt1a,0,0,0,2,0.95,1,0.97,0,0
1774898032045,2026-03-30T21:13:52+02:00,idt1a,0,0,0,2,0.95,12,0.97,0,0
1774898035044,2026-03-30T21:13:55+02:00,idt1a,0,0,0,2,0.95,1,0.97,0,0
1774898038044,2026-03-30T21:13:58+02:00,idt1a,0,0,0,2,0.95,1,0.97,0,0
1774898041044,2026-03-30T21:14:01+02:00,idt1a,0,0,0,2,0.95,1,0.97,0,0
1774898044046,2026-03-30T21:14:04+02:00,idt1a,0,0,0,2,0.95,1,0.97,0,0
1774898047044,2026-03-30T21:14:07+02:00,idt1a,0,0,0,2,0.95,1,0.97,0,0
1774898050063,2026-03-30T21:14:10+02:00,idt1a,0,0,0,2,0.95,1,0.97,0,0
1774898053043,2026-03-30T21:14:13+02:00,idt1a,0,0,0,2,0.95,1,0.97,0,0
1774898056044,2026-03-30T21:14:16+02:00,idt1a,0,0,0,2,0.95,1,0.97,0,0
1774898059045,2026-03-30T21:14:19+02:00,idt1a,0,0,0,2,0.95,1,0.97,0,0
1774898061174,2026-03-30T21:14:21+02:00,idt1a,0,0,0,2,0.95,1,0.97,0,0
1774898064165,2026-03-30T21:14:24+02:00,idt1a,0,0,0,2,0.95,1,0.97,0,0
1774898067162,2026-03-30T21:14:27+02:00,idt1a,0,0,0,2,0.95,12,0.97,0,0
1774898070178,2026-03-30T21:14:30+02:00,idt1a,0,0,0,2,0.95,12,0.97,0,0
1774898073164,2026-03-30T21:14:33+02:00,idt1a,0,0,0,2,0.95,1,0.97,0,0
1774898076163,2026-03-30T21:14:36+02:00,idt1a,0,0,0,2,0.95,12,0.97,0,0
1774898079162,2026-03-30T21:14:39+02:00,idt1a,0,0,0,2,0.95,12,0.97,0,0
1774898082166,2026-03-30T21:14:42+02:00,idt1a,0,0,0,2,0.95,12,0.97,0,0
1774898085182,2026-03-30T21:14:45+02:00,idt1a,0,0,0,2,0.95,12,0.97,0,0
1774898088172,2026-03-30T21:14:48+02:00,idt1a,0,0,0,2,0.95,12,0.97,0,0
1774898091163,2026-03-30T21:14:51+02:00,idt1a,0,0,0,2,0.95,12,0.97,0,0
1774898093453,2026-03-30T21:14:53+02:00,idt1a,0,0,0,2,0.95,1,0.97,0,0
1774898096465,2026-03-30T21:14:56+02:00,idt1a,0,0,0,2,0.95,12,0.97,0,0
1774898099449,2026-03-30T21:14:59+02:00,idt1a,0,0,0,2,0.95,12,0.97,0,0
1774898102448,2026-03-30T21:15:02+02:00,idt1a,0,0,0,2,0.95,12,0.97,0,0
1774898105453,2026-03-30T21:15:05+02:00,idt1a,0,0,0,2,0.95,1,0.97,0,0
1774898108451,2026-03-30T21:15:08+02:00,idt1a,0,0,0,2,0.95,1,0.97,0,0
1774898111460,2026-03-30T21:15:11+02:00,idt1a,0,0,0,2,0.95,12,0.97,0,0
1774898114449,2026-03-30T21:15:14+02:00,idt1a,0,0,0,2,0.95,1,0.97,0,0
1774898117459,2026-03-30T21:15:17+02:00,idt1a,0,0,0,2,0.95,1,0.97,0,0
1774898120449,2026-03-30T21:15:20+02:00,idt1a,0,0,0,2,0.95,12,0.97,0,0
1774898123450,2026-03-30T21:15:23+02:00,idt1a,0,0,0,2,0.95,1,0.97,0,0
1774898125635,2026-03-30T21:15:25+02:00,idt1a,0,0,0,2,0.95,1,0.97,0,0
1774898128641,2026-03-30T21:15:28+02:00,idt1a,0,0,0,2,0.95,12,0.97,0,0
1774898131636,2026-03-30T21:15:31+02:00,idt1a,0,0,0,2,0.95,12,0.97,0,0
1774898134634,2026-03-30T21:15:34+02:00,idt1a,0,0,0,2,0.95,1,0.97,0,0
1774898137633,2026-03-30T21:15:37+02:00,idt1a,0,0,0,2,0.95,12,0.97,0,0
1774898140636,2026-03-30T21:15:40+02:00,idt1a,0,0,0,2,0.95,1,0.97,0,0
1774898143634,2026-03-30T21:15:43+02:00,idt1a,0,0,0,2,0.95,1,0.97,0,0
1774898146635,2026-03-30T21:15:46+02:00,idt1a,0,0,0,2,0.95,1,0.97,0,0
1774898149632,2026-03-30T21:15:49+02:00,idt1a,0,0,0,2,0.95,12,0.97,0,0
1774898152636,2026-03-30T21:15:52+02:00,idt1a,0,0,0,2,0.95,12,0.97,0,0
1774898154832,2026-03-30T21:15:54+02:00,idt1a,0,0,0,2,0.95,1,0.97,0,0
1774898157830,2026-03-30T21:15:57+02:00,idt1a,0,0,0,2,0.95,1,0.97,0,0
1774898160829,2026-03-30T21:16:00+02:00,idt1a,0,0,0,2,0.95,12,0.97,0,0
1774898163833,2026-03-30T21:16:03+02:00,idt1a,0,0,0,2,0.95,12,0.97,0,0
1774898166831,2026-03-30T21:16:06+02:00,idt1a,0,0,0,2,0.95,1,0.97,0,0
1774898169835,2026-03-30T21:16:09+02:00,idt1a,0,0,0,2,0.95,12,0.97,0,0
1774898172829,2026-03-30T21:16:12+02:00,idt1a,0,0,0,2,0.95,12,0.97,0,0
1774898175832,2026-03-30T21:16:15+02:00,idt1a,0,0,0,2,0.95,1,0.97,0,0
1774898178833,2026-03-30T21:16:18+02:00,idt1a,0,0,0,2,0.95,1,0.97,0,0
1774898181841,2026-03-30T21:16:21+02:00,idt1a,0,0,0,2,0.95,1,0.97,0,0
1774898184829,2026-03-30T21:16:24+02:00,idt1a,0,0,0,2,0.95,12,0.97,0,0
1774898187040,2026-03-30T21:16:27+02:00,idt1a,0,0,0,2,0.95,1,0.97,0,0
1774898190038,2026-03-30T21:16:30+02:00,idt1a,0,0,0,2,0.95,12,0.97,0,0
1774898193040,2026-03-30T21:16:33+02:00,idt1a,0,0,0,2,0.95,12,0.97,0,0
1774898196036,2026-03-30T21:16:36+02:00,idt1a,0,0,0,2,0.95,12,0.97,0,0
1774898199039,2026-03-30T21:16:39+02:00,idt1a,0,0,0,2,0.95,1,0.97,0,0
1774898202038,2026-03-30T21:16:42+02:00,idt1a,0,0,0,2,0.95,12,0.97,0,0
1774898205049,2026-03-30T21:16:45+02:00,idt1a,0,0,0,2,0.95,12,0.97,0,0
1774898208042,2026-03-30T21:16:48+02:00,idt1a,0,0,0,2,0.95,1,0.97,0,0
1774898211040,2026-03-30T21:16:51+02:00,idt1a,0,0,0,2,0.95,12,0.97,0,0
1774898214051,2026-03-30T21:16:54+02:00,idt1a,0,0,0,2,0.95,1,0.97,0,0
1774898217038,2026-03-30T21:16:57+02:00,idt1a,0,0,0,2,0.95,1,0.97,0,0
1774898219302,2026-03-30T21:16:59+02:00,idt1a,0,0,0,2,0.95,12,0.97,0,0
1774898222303,2026-03-30T21:17:02+02:00,idt1a,0,0,0,2,0.95,1,0.97,0,0
1774898225325,2026-03-30T21:17:05+02:00,idt1a,0,0,0,2,0.95,1,0.97,0,0
1774898228313,2026-03-30T21:17:08+02:00,idt1a,0,0,0,2,0.95,12,0.97,0,0
1774898231302,2026-03-30T21:17:11+02:00,idt1a,0,0,0,2,0.95,12,0.97,0,0
1774898234308,2026-03-30T21:17:14+02:00,idt1a,0,0,0,2,0.95,1,0.97,0,0
1774898237304,2026-03-30T21:17:17+02:00,idt1a,0,0,0,2,0.95,1,0.97,0,0
1774898240312,2026-03-30T21:17:20+02:00,idt1a,0,0,0,2,0.95,1,0.97,0,0
1774898243302,2026-03-30T21:17:23+02:00,idt1a,0,0,0,2,0.95,12,0.97,0,0
1774898246306,2026-03-30T21:17:26+02:00,idt1a,0,0,0,2,0.95,12,0.97,0,0
1774898249304,2026-03-30T21:17:29+02:00,idt1a,0,0,0,2,0.95,1,0.97,0,0
1774898251512,2026-03-30T21:17:31+02:00,idt1a,0,0,0,2,0.95,1,0.97,0,0
1774898254510,2026-03-30T21:17:34+02:00,idt1a,0,0,0,2,0.95,12,0.97,0,0
1774898257512,2026-03-30T21:17:37+02:00,idt1a,0,0,0,2,0.95,1,0.97,0,0
1774898260512,2026-03-30T21:17:40+02:00,idt1a,0,0,0,2,0.95,1,0.97,0,0
1774898263511,2026-03-30T21:17:43+02:00,idt1a,0,0,0,2,0.95,1,0.97,0,0
1774898266509,2026-03-30T21:17:46+02:00,idt1a,0,0,0,2,0.95,12,0.97,0,0
1774898269512,2026-03-30T21:17:49+02:00,idt1a,0,0,0,2,0.95,12,0.97,0,0
1774898272514,2026-03-30T21:17:52+02:00,idt1a,0,0,0,2,0.95,12,0.97,0,0
1774898275517,2026-03-30T21:17:55+02:00,idt1a,0,0,0,2,0.95,2,0.97,0,0
1774898278510,2026-03-30T21:17:58+02:00,idt1a,0,0,0,2,0.95,1,0.97,0,0
1774898280734,2026-03-30T21:18:00+02:00,idt1a,0,0,0,2,0.95,1,0.97,0,0
1774898283755,2026-03-30T21:18:03+02:00,idt1a,0,0,0,2,0.95,12,0.97,0,0
1774898286734,2026-03-30T21:18:06+02:00,idt1a,0,0,0,2,0.95,1,0.97,0,0
1774898289736,2026-03-30T21:18:09+02:00,idt1a,0,0,0,2,0.95,12,0.97,0,0
1774898292734,2026-03-30T21:18:12+02:00,idt1a,0,0,0,2,0.95,1,0.97,0,0
1774898295734,2026-03-30T21:18:15+02:00,idt1a,0,0,0,2,0.95,1,0.97,0,0
1774898298732,2026-03-30T21:18:18+02:00,idt1a,0,0,0,2,0.95,12,0.97,0,0
1774898301731,2026-03-30T21:18:21+02:00,idt1a,0,0,0,2,0.95,12,0.97,0,0
1774898304734,2026-03-30T21:18:24+02:00,idt1a,0,0,0,2,0.95,1,0.97,0,0
1774898307739,2026-03-30T21:18:27+02:00,idt1a,0,0,0,2,0.95,1,0.97,0,0
1774898310734,2026-03-30T21:18:30+02:00,idt1a,0,0,0,2,0.95,12,0.97,0,0
1774898312942,2026-03-30T21:18:32+02:00,idt1a,0,0,0,2,0.95,12,0.97,0,0
1774898315942,2026-03-30T21:18:35+02:00,idt1a,0,0,0,2,0.95,12,0.97,0,0
1774898318942,2026-03-30T21:18:38+02:00,idt1a,0,0,0,2,0.95,12,0.97,0,0
1774898321940,2026-03-30T21:18:41+02:00,idt1a,0,0,0,2,0.95,1,0.97,0,0
1774898324953,2026-03-30T21:18:44+02:00,idt1a,0,0,0,2,0.95,12,0.97,0,0
1774898327942,2026-03-30T21:18:47+02:00,idt1a,0,0,0,2,0.95,12,0.97,0,0
1774898330955,2026-03-30T21:18:50+02:00,idt1a,0,0,0,2,0.95,12,0.97,0,0
1774898333940,2026-03-30T21:18:53+02:00,idt1a,0,0,0,2,0.95,1,0.97,0,0
1774898336939,2026-03-30T21:18:56+02:00,idt1a,0,0,0,2,0.95,1,0.97,0,0
1774898339947,2026-03-30T21:18:59+02:00,idt1a,0,0,0,2,0.95,12,0.97,0,0
1774898342939,2026-03-30T21:19:02+02:00,idt1a,0,0,0,2,0.95,12,0.97,0,0
1774898345148,2026-03-30T21:19:05+02:00,idt1a,0,0,0,2,0.95,12,0.97,0,0
1774898348147,2026-03-30T21:19:08+02:00,idt1a,0,0,0,2,0.95,12,0.97,0,0
1774898351172,2026-03-30T21:19:11+02:00,idt1a,0,0,0,2,0.95,12,0.97,0,0
1774898354149,2026-03-30T21:19:14+02:00,idt1a,0,0,0,2,0.95,1,0.97,0,0
1774898357147,2026-03-30T21:19:17+02:00,idt1a,0,0,0,2,0.95,12,0.97,0,0
1774898360147,2026-03-30T21:19:20+02:00,idt1a,0,0,0,2,0.95,12,0.97,0,0
1774898363150,2026-03-30T21:19:23+02:00,idt1a,0,0,0,2,0.95,1,0.97,0,0
1774898366172,2026-03-30T21:19:26+02:00,idt1a,0,0,0,2,0.95,12,0.97,0,0
1774898369149,2026-03-30T21:19:29+02:00,idt1a,0,0,0,2,0.95,1,0.97,0,0
1774898372147,2026-03-30T21:19:32+02:00,idt1a,0,0,0,2,0.95,12,0.97,0,0
1774898375150,2026-03-30T21:19:35+02:00,idt1a,0,0,0,2,0.95,1,0.97,0,0
1774898377355,2026-03-30T21:19:37+02:00,idt1a,0,0,0,2,0.95,12,0.97,0,0
1774898380367,2026-03-30T21:19:40+02:00,idt1a,0,0,0,2,0.95,1,0.97,0,0
1774898383354,2026-03-30T21:19:43+02:00,idt1a,0,0,0,2,0.95,12,0.97,0,0
1774898386356,2026-03-30T21:19:46+02:00,idt1a,0,0,0,2,0.95,12,0.97,0,0
1774898389355,2026-03-30T21:19:49+02:00,idt1a,0,0,0,2,0.95,12,0.97,0,0
1774898392356,2026-03-30T21:19:52+02:00,idt1a,0,0,0,2,0.95,1,0.97,0,0
1774898395354,2026-03-30T21:19:55+02:00,idt1a,0,0,0,2,0.95,12,0.97,0,0
1774898398361,2026-03-30T21:19:58+02:00,idt1a,0,0,0,2,0.95,1,0.97,0,0
1774898401359,2026-03-30T21:20:01+02:00,idt1a,0,0,0,2,0.95,1,0.97,0,0
1774898404356,2026-03-30T21:20:04+02:00,idt1a,0,0,0,2,0.95,12,0.97,0,0
1774898406552,2026-03-30T21:20:06+02:00,idt1a,0,0,0,2,0.95,12,0.97,0,0
1774898409554,2026-03-30T21:20:09+02:00,idt1a,0,0,0,2,0.95,12,0.97,0,0
1774898412555,2026-03-30T21:20:12+02:00,idt1a,0,0,0,2,0.95,1,0.97,0,0
1774898415552,2026-03-30T21:20:15+02:00,idt1a,0,0,0,2,0.95,1,0.97,0,0
1774898418552,2026-03-30T21:20:18+02:00,idt1a,0,0,0,2,0.95,12,0.97,0,0
1774898421552,2026-03-30T21:20:21+02:00,idt1a,0,0,0,2,0.95,12,0.97,0,0
1774898424553,2026-03-30T21:20:24+02:00,idt1a,0,0,0,2,0.95,1,0.97,0,0
1774898427566,2026-03-30T21:20:27+02:00,idt1a,0,0,0,2,0.95,1,0.97,0,0
1774898430551,2026-03-30T21:20:30+02:00,idt1a,0,0,0,2,0.95,12,0.97,0,0
1774898433554,2026-03-30T21:20:33+02:00,idt1a,0,0,0,2,0.95,12,0.97,0,0
1774898436555,2026-03-30T21:20:36+02:00,idt1a,0,0,0,2,0.95,1,0.97,0,0
1774898438828,2026-03-30T21:20:38+02:00,idt1a,0,0,0,2,0.95,12,0.97,0,0
1774898441827,2026-03-30T21:20:41+02:00,idt1a,0,0,0,2,0.95,12,0.97,0,0
1774898444830,2026-03-30T21:20:44+02:00,idt1a,0,0,0,2,0.95,1,0.97,0,0
1774898447830,2026-03-30T21:20:47+02:00,idt1a,0,0,0,2,0.95,1,0.97,0,0
1774898450829,2026-03-30T21:20:50+02:00,idt1a,0,0,0,2,0.95,12,0.97,0,0
1774898453828,2026-03-30T21:20:53+02:00,idt1a,0,0,0,2,0.95,12,0.97,0,0
1774898456830,2026-03-30T21:20:56+02:00,idt1a,0,0,0,2,0.95,1,0.97,0,0
1774898459838,2026-03-30T21:20:59+02:00,idt1a,0,0,0,2,0.95,12,0.97,0,0
1774898462829,2026-03-30T21:21:02+02:00,idt1a,0,0,0,2,0.95,1,0.97,0,0
1774898465827,2026-03-30T21:21:05+02:00,idt1a,0,0,0,2,0.95,12,0.97,0,0
1774898468831,2026-03-30T21:21:08+02:00,idt1a,0,0,0,2,0.95,1,0.97,0,0
1774898471088,2026-03-30T21:21:11+02:00,idt1a,0,0,0,2,0.95,1,0.97,0,0
1774898474068,2026-03-30T21:21:14+02:00,idt1a,0,0,0,2,0.95,12,0.97,0,0
1774898477070,2026-03-30T21:21:17+02:00,idt1a,0,0,0,2,0.95,1,0.97,0,0
1774898480069,2026-03-30T21:21:20+02:00,idt1a,0,0,0,2,0.95,12,0.97,0,0
1774898483072,2026-03-30T21:21:23+02:00,idt1a,0,0,0,2,0.95,1,0.97,0,0
1774898486068,2026-03-30T21:21:26+02:00,idt1a,0,0,0,2,0.95,1,0.97,0,0
1774898489067,2026-03-30T21:21:29+02:00,idt1a,0,0,0,2,0.95,1,0.97,0,0
1774898492069,2026-03-30T21:21:32+02:00,idt1a,0,0,0,2,0.95,12,0.97,0,0
1774898495068,2026-03-30T21:21:35+02:00,idt1a,0,0,0,2,0.95,1,0.97,0,0
1774898498068,2026-03-30T21:21:38+02:00,idt1a,0,0,0,2,0.95,1,0.97,0,0
1774898501067,2026-03-30T21:21:41+02:00,idt1a,0,0,0,2,0.95,12,0.97,0,0
1774898503299,2026-03-30T21:21:43+02:00,idt1a,0,0,0,2,0.95,12,0.97,0,0
1774898506335,2026-03-30T21:21:46+02:00,idt1a,0,0,0,2,0.95,12,0.97,0,0
1774898509310,2026-03-30T21:21:49+02:00,idt1a,0,0,0,2,0.95,12,0.97,0,0
1774898512298,2026-03-30T21:21:52+02:00,idt1a,0,0,0,2,0.95,12,0.97,0,0
1774898515303,2026-03-30T21:21:55+02:00,idt1a,0,0,0,2,0.95,12,0.97,0,0
1774898518302,2026-03-30T21:21:58+02:00,idt1a,0,0,0,2,0.95,1,0.97,0,0
1774898521300,2026-03-30T21:22:01+02:00,idt1a,0,0,0,2,0.95,12,0.97,0,0
1774898524299,2026-03-30T21:22:04+02:00,idt1a,0,0,0,2,0.95,12,0.97,0,0
1774898527302,2026-03-30T21:22:07+02:00,idt1a,0,0,0,2,0.95,1,0.97,0,0
1774898530302,2026-03-30T21:22:10+02:00,idt1a,0,0,0,2,0.95,1,0.97,0,0
1774898532523,2026-03-30T21:22:12+02:00,idt1a,0,0,0,2,0.95,12,0.97,0,0
1774898535520,2026-03-30T21:22:15+02:00,idt1a,0,0,0,2,0.95,12,0.97,0,0
1774898538523,2026-03-30T21:22:18+02:00,idt1a,0,0,0,2,0.95,1,0.97,0,0
1774898541524,2026-03-30T21:22:21+02:00,idt1a,0,0,0,2,0.95,12,0.97,0,0
1774898544532,2026-03-30T21:22:24+02:00,idt1a,0,0,0,2,0.95,12,0.97,0,0
1774898547527,2026-03-30T21:22:27+02:00,idt1a,0,0,0,2,0.95,12,0.97,0,0
1774898550526,2026-03-30T21:22:30+02:00,idt1a,0,0,0,2,0.95,1,0.97,0,0
1774898553524,2026-03-30T21:22:33+02:00,idt1a,0,0,0,2,0.95,1,0.97,0,0
1774898556531,2026-03-30T21:22:36+02:00,idt1a,0,0,0,2,0.95,1,0.97,0,0
1774898559523,2026-03-30T21:22:39+02:00,idt1a,0,0,0,2,0.95,1,0.97,0,0
1774898562523,2026-03-30T21:22:42+02:00,idt1a,0,0,0,2,0.95,1,0.97,0,0
1774898564751,2026-03-30T21:22:44+02:00,idt1a,0,0,0,2,0.95,1,0.97,0,0
1774898567742,2026-03-30T21:22:47+02:00,idt1a,0,0,0,2,0.95,12,0.97,0,0
1774898570742,2026-03-30T21:22:50+02:00,idt1a,0,0,0,2,0.95,12,0.97,0,0
1774898573744,2026-03-30T21:22:53+02:00,idt1a,0,0,0,2,0.95,1,0.97,0,0
1774898576743,2026-03-30T21:22:56+02:00,idt1a,0,0,0,2,0.95,1,0.97,0,0
1774898579753,2026-03-30T21:22:59+02:00,idt1a,0,0,0,2,0.95,1,0.97,0,0
1774898582747,2026-03-30T21:23:02+02:00,idt1a,0,0,0,2,0.95,12,0.97,0,0
1774898585745,2026-03-30T21:23:05+02:00,idt1a,0,0,0,2,0.95,1,0.97,0,0
1774898588763,2026-03-30T21:23:08+02:00,idt1a,0,0,0,2,0.95,12,0.97,0,0
1774898591752,2026-03-30T21:23:11+02:00,idt1a,0,0,0,2,0.95,12,0.97,0,0
1774898594749,2026-03-30T21:23:14+02:00,idt1a,0,0,0,2,0.95,12,0.97,0,0
1774898596966,2026-03-30T21:23:16+02:00,idt1a,0,0,0,2,0.95,1,0.97,0,0
1774898600000,2026-03-30T21:23:20+02:00,idt1a,0,0,0,2,0.95,1,0.97,0,0
1774898602976,2026-03-30T21:23:22+02:00,idt1a,0,0,0,2,0.95,1,0.97,0,0
1774898605966,2026-03-30T21:23:25+02:00,idt1a,0,0,0,2,0.95,12,0.97,0,0
1774898608965,2026-03-30T21:23:28+02:00,idt1a,0,0,0,2,0.95,1,0.97,0,0
1774898611966,2026-03-30T21:23:31+02:00,idt1a,0,0,0,2,0.95,1,0.97,0,0
1774898614965,2026-03-30T21:23:34+02:00,idt1a,0,0,0,2,0.95,1,0.97,0,0
1774898617966,2026-03-30T21:23:37+02:00,idt1a,0,0,0,2,0.95,1,0.97,0,0
1774898620966,2026-03-30T21:23:40+02:00,idt1a,0,0,0,2,0.95,1,0.97,0,0
1774898623971,2026-03-30T21:23:43+02:00,idt1a,0,0,0,2,0.95,1,0.97,0,0
1774898626967,2026-03-30T21:23:46+02:00,idt1a,0,0,0,2,0.95,1,0.97,0,0
1774898629188,2026-03-30T21:23:49+02:00,idt1a,0,0,0,2,0.95,1,0.97,0,0
1774898632190,2026-03-30T21:23:52+02:00,idt1a,0,0,0,2,0.95,1,0.97,0,0
1774898635195,2026-03-30T21:23:55+02:00,idt1a,0,0,0,2,0.95,1,0.97,0,0
1774898638198,2026-03-30T21:23:58+02:00,idt1a,0,0,0,2,0.95,12,0.97,0,0
1774898641187,2026-03-30T21:24:01+02:00,idt1a,0,0,0,2,0.95,1,0.97,0,0
1774898644190,2026-03-30T21:24:04+02:00,idt1a,0,0,0,2,0.95,1,0.97,0,0
1774898647191,2026-03-30T21:24:07+02:00,idt1a,0,0,0,2,0.95,1,0.97,0,0
1774898650189,2026-03-30T21:24:10+02:00,idt1a,0,0,0,2,0.95,12,0.97,0,0
1774898653188,2026-03-30T21:24:13+02:00,idt1a,0,0,0,2,0.95,12,0.97,0,0
1774898656189,2026-03-30T21:24:16+02:00,idt1a,0,0,0,2,0.95,1,0.97,0,0
1774898658415,2026-03-30T21:24:18+02:00,idt1a,0,0,0,2,0.95,1,0.97,0,0
1774898661421,2026-03-30T21:24:21+02:00,idt1a,0,0,0,2,0.95,1,0.97,0,0
1774898664412,2026-03-30T21:24:24+02:00,idt1a,0,0,0,2,0.95,12,0.97,0,0
1774898667436,2026-03-30T21:24:27+02:00,idt1a,0,0,0,2,0.95,12,0.97,0,0
1774898670435,2026-03-30T21:24:30+02:00,idt1a,0,0,0,2,0.95,12,0.97,0,0
1774898673425,2026-03-30T21:24:33+02:00,idt1a,0,0,0,2,0.95,1,0.97,0,0
1774898676416,2026-03-30T21:24:36+02:00,idt1a,0,0,0,2,0.95,1,0.97,0,0
1774898679419,2026-03-30T21:24:39+02:00,idt1a,0,0,0,2,0.95,1,0.97,0,0
1774898682418,2026-03-30T21:24:42+02:00,idt1a,0,0,0,2,0.95,1,0.97,0,0
1774898685414,2026-03-30T21:24:45+02:00,idt1a,0,0,0,2,0.95,1,0.97,0,0
1774898688415,2026-03-30T21:24:48+02:00,idt1a,0,0,0,2,0.95,1,0.97,0,0
1774898690649,2026-03-30T21:24:50+02:00,idt1a,0,0,0,2,0.95,1,0.97,0,0
1774898693644,2026-03-30T21:24:53+02:00,idt1a,0,0,0,2,0.95,1,0.97,0,0
1774898696641,2026-03-30T21:24:56+02:00,idt1a,0,0,0,2,0.95,1,0.97,0,0
1774898699634,2026-03-30T21:24:59+02:00,idt1a,0,0,0,2,0.95,12,0.97,0,0
1774898702637,2026-03-30T21:25:02+02:00,idt1a,0,0,0,2,0.95,1,0.97,0,0
1774898705656,2026-03-30T21:25:05+02:00,idt1a,0,0,0,2,0.95,1,0.97,0,0
1774898708642,2026-03-30T21:25:08+02:00,idt1a,0,0,0,2,0.95,1,0.97,0,0
1774898711640,2026-03-30T21:25:11+02:00,idt1a,0,0,0,2,0.95,1,0.97,0,0
1774898714637,2026-03-30T21:25:14+02:00,idt1a,0,0,0,2,0.95,1,0.97,0,0
1774898717646,2026-03-30T21:25:17+02:00,idt1a,0,0,0,2,0.95,1,0.97,0,0
1774898720645,2026-03-30T21:25:20+02:00,idt1a,0,0,0,2,0.95,1,0.97,0,0
1774898722874,2026-03-30T21:25:22+02:00,idt1a,0,0,0,2,0.95,12,0.97,0,0
1774898725878,2026-03-30T21:25:25+02:00,idt1a,0,0,0,2,0.95,1,0.97,0,0
1774898728886,2026-03-30T21:25:28+02:00,idt1a,0,0,0,2,0.95,1,0.97,0,0
1774898731884,2026-03-30T21:25:31+02:00,idt1a,0,0,0,2,0.95,1,0.97,0,0
1774898734878,2026-03-30T21:25:34+02:00,idt1a,0,0,0,2,0.95,1,0.97,0,0
1774898737877,2026-03-30T21:25:37+02:00,idt1a,0,0,0,2,0.95,12,0.97,0,0
1774898740879,2026-03-30T21:25:40+02:00,idt1a,0,0,0,2,0.95,1,0.97,0,0
1774898743876,2026-03-30T21:25:43+02:00,idt1a,0,0,0,2,0.95,1,0.97,0,0
1774898746874,2026-03-30T21:25:46+02:00,idt1a,0,0,0,2,0.95,12,0.97,0,0
1774898749878,2026-03-30T21:25:49+02:00,idt1a,0,0,0,2,0.95,1,0.97,0,0
1774898752879,2026-03-30T21:25:52+02:00,idt1a,0,0,0,2,0.95,1,0.97,0,0
1774898755153,2026-03-30T21:25:55+02:00,idt1a,0,0,0,2,0.95,1,0.97,0,0
1774898758141,2026-03-30T21:25:58+02:00,idt1a,0,0,0,2,0.95,12,0.97,0,0
1774898761153,2026-03-30T21:26:01+02:00,idt1a,0,0,0,2,0.95,1,0.97,0,0
1774898764150,2026-03-30T21:26:04+02:00,idt1a,0,0,0,2,0.95,1,0.97,0,0
1774898767145,2026-03-30T21:26:07+02:00,idt1a,0,0,0,2,0.95,1,0.97,0,0
1774898770142,2026-03-30T21:26:10+02:00,idt1a,0,0,0,2,0.95,12,0.97,0,0
1774898773145,2026-03-30T21:26:13+02:00,idt1a,0,0,0,2,0.95,1,0.97,0,0
1774898819112,2026-03-30T21:26:59+02:00,idt1a,0,0,0,2,0.95,1,0.97,0,0
1774898822114,2026-03-30T21:27:02+02:00,idt1a,0,0,0,2,0.95,12,0.97,0,0
1774898825131,2026-03-30T21:27:05+02:00,idt1a,0,0,0,2,0.95,12,0.97,0,0
1774898828112,2026-03-30T21:27:08+02:00,idt1a,0,0,0,2,0.95,1,0.97,0,0
1774898831112,2026-03-30T21:27:11+02:00,idt1a,0,0,0,2,0.95,1,0.97,0,0
1774898834111,2026-03-30T21:27:14+02:00,idt1a,0,0,0,2,0.95,1,0.97,0,0
1774898837110,2026-03-30T21:27:17+02:00,idt1a,0,0,0,2,0.95,12,0.97,0,0
1774898840112,2026-03-30T21:27:20+02:00,idt1a,0,0,0,2,0.95,12,0.97,0,0
1774898843112,2026-03-30T21:27:23+02:00,idt1a,0,0,0,2,0.95,12,0.97,0,0
1774898846112,2026-03-30T21:27:26+02:00,idt1a,0,0,0,2,0.95,1,0.97,0,0
1774898848350,2026-03-30T21:27:28+02:00,idt1a,0,0,0,2,0.95,1,0.97,0,0
1774898851356,2026-03-30T21:27:31+02:00,idt1a,0,0,0,2,0.95,1,0.97,0,0
1774898854358,2026-03-30T21:27:34+02:00,idt1a,0,0,0,2,0.95,12,0.97,0,0
1774898857357,2026-03-30T21:27:37+02:00,idt1a,0,0,0,2,0.95,12,0.97,0,0
1774898860367,2026-03-30T21:27:40+02:00,idt1a,0,0,0,2,0.95,12,0.97,0,0
1774898863350,2026-03-30T21:27:43+02:00,idt1a,0,0,0,2,0.95,1,0.97,0,0
1774898866357,2026-03-30T21:27:46+02:00,idt1a,0,0,0,2,0.95,12,0.97,0,0
1774898869350,2026-03-30T21:27:49+02:00,idt1a,0,0,0,2,0.95,1,0.97,0,0
1774898872351,2026-03-30T21:27:52+02:00,idt1a,0,0,0,2,0.95,1,0.97,0,0
1774898875368,2026-03-30T21:27:55+02:00,idt1a,0,0,0,2,0.95,12,0.97,0,0
1774898878395,2026-03-30T21:27:58+02:00,idt1a,0,0,0,2,0.95,12,0.97,0,0
1774898880596,2026-03-30T21:28:00+02:00,idt1a,0,0,0,2,0.95,12,0.97,0,0
1774898883614,2026-03-30T21:28:03+02:00,idt1a,0,0,0,2,0.95,1,0.97,0,0
1774898886611,2026-03-30T21:28:06+02:00,idt1a,0,0,0,2,0.95,1,0.97,0,0
1774898889599,2026-03-30T21:28:09+02:00,idt1a,0,0,0,2,0.95,1,0.97,0,0
1774898892599,2026-03-30T21:28:12+02:00,idt1a,0,0,0,2,0.95,1,0.97,0,0
1774898895613,2026-03-30T21:28:15+02:00,idt1a,0,0,0,2,0.95,12,0.97,0,0
1774898898605,2026-03-30T21:28:18+02:00,idt1a,0,0,0,2,0.95,12,0.97,0,0
1774898901597,2026-03-30T21:28:21+02:00,idt1a,0,0,0,2,0.95,12,0.97,0,0
1774898904619,2026-03-30T21:28:24+02:00,idt1a,0,0,0,2,0.95,1,0.97,0,0
1774898907597,2026-03-30T21:28:27+02:00,idt1a,0,0,0,2,0.95,1,0.97,0,0
1774898910603,2026-03-30T21:28:30+02:00,idt1a,0,0,0,2,0.95,1,0.97,0,0
1774898912838,2026-03-30T21:28:32+02:00,idt1a,0,0,0,2,0.95,1,0.97,0,0
1774898915838,2026-03-30T21:28:35+02:00,idt1a,0,0,0,2,0.95,1,0.97,0,0
1774898918837,2026-03-30T21:28:38+02:00,idt1a,0,0,0,2,0.95,1,0.97,0,0
1774898921850,2026-03-30T21:28:41+02:00,idt1a,0,0,0,2,0.95,12,0.97,0,0
1774898924838,2026-03-30T21:28:44+02:00,idt1a,0,0,0,2,0.95,1,0.97,0,0
1774898927839,2026-03-30T21:28:47+02:00,idt1a,0,0,0,2,0.95,1,0.97,0,0
1774898930838,2026-03-30T21:28:50+02:00,idt1a,0,0,0,2,0.95,2,0.97,0,0
1774898933847,2026-03-30T21:28:53+02:00,idt1a,0,0,0,2,0.95,1,0.97,0,0
1774898936837,2026-03-30T21:28:56+02:00,idt1a,0,0,0,2,0.95,12,0.97,0,0
1774898939858,2026-03-30T21:28:59+02:00,idt1a,0,0,0,2,0.95,1,0.97,0,0
1774898942091,2026-03-30T21:29:02+02:00,idt1a,0,0,0,2,0.95,1,0.97,0,0
1774898945091,2026-03-30T21:29:05+02:00,idt1a,0,0,0,2,0.95,12,0.97,0,0
1774898958094,2026-03-30T21:29:18+02:00,idt1a,0,0,0,2,0.95,1,0.97,0,0
1774898961115,2026-03-30T21:29:21+02:00,idt1a,0,0,0,2,0.95,1,0.97,0,0
1774898964098,2026-03-30T21:29:24+02:00,idt1a,0,0,0,2,0.95,12,0.97,0,0
1774898967099,2026-03-30T21:29:27+02:00,idt1a,0,0,0,2,0.95,12,0.97,0,0
1774898970094,2026-03-30T21:29:30+02:00,idt1a,0,0,0,2,0.95,12,0.97,0,0
1774898973095,2026-03-30T21:29:33+02:00,idt1a,0,0,0,2,0.95,12,0.97,0,0
1774898975359,2026-03-30T21:29:35+02:00,idt1a,0,0,0,2,0.95,12,0.97,0,0
1774898978359,2026-03-30T21:29:38+02:00,idt1a,0,0,0,2,0.95,1,0.97,0,0
1774898981359,2026-03-30T21:29:41+02:00,idt1a,0,0,0,2,0.95,12,0.97,0,0
1774898984358,2026-03-30T21:29:44+02:00,idt1a,0,0,0,2,0.95,12,0.97,0,0
1774898987358,2026-03-30T21:29:47+02:00,idt1a,0,0,0,2,0.95,12,0.97,0,0
1774898990358,2026-03-30T21:29:50+02:00,idt1a,0,0,0,2,0.95,12,0.97,0,0
1774898993380,2026-03-30T21:29:53+02:00,idt1a,0,0,0,2,0.95,12,0.97,0,0
1774898996385,2026-03-30T21:29:56+02:00,idt1a,0,0,0,2,0.95,12,0.97,0,0
1774898999376,2026-03-30T21:29:59+02:00,idt1a,0,0,0,2,0.95,12,0.97,0,0
1774899002365,2026-03-30T21:30:02+02:00,idt1a,0,0,0,2,0.95,12,0.97,0,0
1774899005361,2026-03-30T21:30:05+02:00,idt1a,0,0,0,2,0.95,1,0.97,0,0
1774899007634,2026-03-30T21:30:07+02:00,idt1a,0,0,0,2,0.95,12,0.97,0,0
1774899010630,2026-03-30T21:30:10+02:00,idt1a,0,0,0,2,0.95,12,0.97,0,0
1774899013629,2026-03-30T21:30:13+02:00,idt1a,0,0,0,2,0.95,1,0.97,0,0
1774899016619,2026-03-30T21:30:16+02:00,idt1a,0,0,0,2,0.95,12,0.97,0,0
1774899019631,2026-03-30T21:30:19+02:00,idt1a,0,0,0,2,0.95,12,0.97,0,0
1774899022619,2026-03-30T21:30:22+02:00,idt1a,0,0,0,2,0.95,12,0.97,0,0
1774899025618,2026-03-30T21:30:25+02:00,idt1a,0,0,0,2,0.95,1,0.97,0,0
1774899028617,2026-03-30T21:30:28+02:00,idt1a,0,0,0,2,0.95,12,0.97,0,0
1774899031633,2026-03-30T21:30:31+02:00,idt1a,0,0,0,2,0.95,12,0.97,0,0
1774899034617,2026-03-30T21:30:34+02:00,idt1a,0,0,0,2,0.95,12,0.97,0,0
1774899036868,2026-03-30T21:30:36+02:00,idt1a,0,0,0,2,0.95,12,0.97,0,0
1774899039863,2026-03-30T21:30:39+02:00,idt1a,0,0,0,2,0.95,12,0.97,0,0
1774899042911,2026-03-30T21:30:42+02:00,idt1a,0,0,0,2,0.95,1,0.97,0,0
1774899045880,2026-03-30T21:30:45+02:00,idt1a,0,0,0,2,0.95,12,0.97,0,0
1774899048874,2026-03-30T21:30:48+02:00,idt1a,0,0,0,2,0.95,12,0.97,0,0
1774899051864,2026-03-30T21:30:51+02:00,idt1a,0,0,0,2,0.95,12,0.97,0,0
1774899054872,2026-03-30T21:30:54+02:00,idt1a,0,0,0,2,0.95,1,0.97,0,0
1774899057870,2026-03-30T21:30:57+02:00,idt1a,0,0,0,2,0.95,12,0.97,0,0
1774899060864,2026-03-30T21:31:00+02:00,idt1a,0,0,0,2,0.95,12,0.97,0,0
1774899063863,2026-03-30T21:31:03+02:00,idt1a,0,0,0,2,0.95,1,0.97,0,0
1774899066885,2026-03-30T21:31:06+02:00,idt1a,0,0,0,2,0.95,1,0.97,0,0
1774899069136,2026-03-30T21:31:09+02:00,idt1a,0,0,0,2,0.95,1,0.97,0,0
1774899072127,2026-03-30T21:31:12+02:00,idt1a,0,0,0,2,0.95,12,0.97,0,0
1774899075121,2026-03-30T21:31:15+02:00,idt1a,0,0,0,2,0.95,12,0.97,0,0
1774899078119,2026-03-30T21:31:18+02:00,idt1a,0,0,0,2,0.95,1,0.97,0,0
1774899081140,2026-03-30T21:31:21+02:00,idt1a,0,0,0,2,0.95,12,0.97,0,0
1774899084124,2026-03-30T21:31:24+02:00,idt1a,0,0,0,2,0.95,12,0.97,0,0
1774899087120,2026-03-30T21:31:27+02:00,idt1a,0,0,0,2,0.95,1,0.97,0,0
1774899090118,2026-03-30T21:31:30+02:00,idt1a,0,0,0,2,0.95,12,0.97,0,0
1774899093118,2026-03-30T21:31:33+02:00,idt1a,0,0,0,2,0.95,1,0.97,0,0
1774899096121,2026-03-30T21:31:36+02:00,idt1a,0,0,0,2,0.95,12,0.97,0,0
1774899099134,2026-03-30T21:31:39+02:00,idt1a,0,0,0,2,0.95,1,0.97,0,0
1774899101372,2026-03-30T21:31:41+02:00,idt1a,0,0,0,2,0.95,12,0.97,0,0
1774899104395,2026-03-30T21:31:44+02:00,idt1a,0,0,0,2,0.95,12,0.97,0,0
1774899107383,2026-03-30T21:31:47+02:00,idt1a,0,0,0,2,0.95,12,0.97,0,0
1774899110374,2026-03-30T21:31:50+02:00,idt1a,0,0,0,2,0.95,12,0.97,0,0
1774899113387,2026-03-30T21:31:53+02:00,idt1a,0,0,0,2,0.95,12,0.97,0,0
1774899116383,2026-03-30T21:31:56+02:00,idt1a,0,0,0,2,0.95,12,0.97,0,0
1774899119377,2026-03-30T21:31:59+02:00,idt1a,0,0,0,2,0.95,12,0.97,0,0
1774899122373,2026-03-30T21:32:02+02:00,idt1a,0,0,0,2,0.95,1,0.97,0,0
1774899125391,2026-03-30T21:32:05+02:00,idt1a,0,0,0,2,0.95,12,0.97,0,0
1774899128371,2026-03-30T21:32:08+02:00,idt1a,0,0,0,2,0.95,1,0.97,0,0
1774899131372,2026-03-30T21:32:11+02:00,idt1a,0,0,0,2,0.95,1,0.97,0,0
1774899133628,2026-03-30T21:32:13+02:00,idt1a,0,0,0,2,0.95,12,0.97,0,0
1774899136638,2026-03-30T21:32:16+02:00,idt1a,0,0,0,2,0.95,1,0.97,0,0
1774899139646,2026-03-30T21:32:19+02:00,idt1a,0,0,0,2,0.95,12,0.97,0,0
1774899142644,2026-03-30T21:32:22+02:00,idt1a,0,0,0,2,0.95,12,0.97,0,0
1774899145628,2026-03-30T21:32:25+02:00,idt1a,0,0,0,2,0.95,1,0.97,0,0
1774899148653,2026-03-30T21:32:28+02:00,idt1a,0,0,0,2,0.95,12,0.97,0,0
1774899151629,2026-03-30T21:32:31+02:00,idt1a,0,0,0,2,0.95,1,0.97,0,0
1774899154629,2026-03-30T21:32:34+02:00,idt1a,0,0,0,2,0.95,12,0.97,0,0
1774899157628,2026-03-30T21:32:37+02:00,idt1a,0,0,0,2,0.95,12,0.97,0,0
1774899160635,2026-03-30T21:32:40+02:00,idt1a,0,0,0,2,0.95,12,0.97,0,0
1774899162881,2026-03-30T21:32:42+02:00,idt1a,0,0,0,2,0.95,1,0.97,0,0
1774899165885,2026-03-30T21:32:45+02:00,idt1a,0,0,0,2,0.95,12,0.97,0,0
1774899168881,2026-03-30T21:32:48+02:00,idt1a,0,0,0,2,0.95,12,0.97,0,0
1774899171922,2026-03-30T21:32:51+02:00,idt1a,0,0,0,2,0.95,1,0.97,0,0
1774899174898,2026-03-30T21:32:54+02:00,idt1a,0,0,0,2,0.95,12,0.97,0,0
1774899177882,2026-03-30T21:32:57+02:00,idt1a,0,0,0,2,0.95,12,0.97,0,0
1774899180882,2026-03-30T21:33:00+02:00,idt1a,0,0,0,2,0.95,12,0.97,0,0
1774899183898,2026-03-30T21:33:03+02:00,idt1a,0,0,0,2,0.95,1,0.97,0,0
1774899186880,2026-03-30T21:33:06+02:00,idt1a,0,0,0,2,0.95,1,0.97,0,0
1774899189881,2026-03-30T21:33:09+02:00,idt1a,0,0,0,2,0.95,1,0.97,0,0
1774899192882,2026-03-30T21:33:12+02:00,idt1a,0,0,0,2,0.95,12,0.97,0,0
1774899195187,2026-03-30T21:33:15+02:00,idt1a,0,0,0,2,0.95,1,0.97,0,0
1774899198147,2026-03-30T21:33:18+02:00,idt1a,0,0,0,2,0.95,1,0.97,0,0
1774899201145,2026-03-30T21:33:21+02:00,idt1a,0,0,0,2,0.95,12,0.97,0,0
1774899204145,2026-03-30T21:33:24+02:00,idt1a,0,0,0,2,0.95,1,0.97,0,0
1774899207167,2026-03-30T21:33:27+02:00,idt1a,0,0,0,2,0.95,12,0.97,0,0
1774899210146,2026-03-30T21:33:30+02:00,idt1a,0,0,0,2,0.95,12,0.97,0,0
1774899213145,2026-03-30T21:33:33+02:00,idt1a,0,0,0,2,0.95,1,0.97,0,0
1774899216143,2026-03-30T21:33:36+02:00,idt1a,0,0,0,2,0.95,1,0.97,0,0
1774899219150,2026-03-30T21:33:39+02:00,idt1a,0,0,0,2,0.95,1,0.97,0,0
1774899222145,2026-03-30T21:33:42+02:00,idt1a,0,0,0,2,0.95,2,0.97,0,0
1774899225148,2026-03-30T21:33:45+02:00,idt1a,0,0,0,2,0.95,12,0.97,0,0
1774899227480,2026-03-30T21:33:47+02:00,idt1a,0,0,0,2,0.95,12,0.97,0,0
1774899230494,2026-03-30T21:33:50+02:00,idt1a,0,0,0,2,0.95,1,0.97,0,0
1774899233501,2026-03-30T21:33:53+02:00,idt1a,0,0,0,2,0.95,12,0.97,0,0
1774899236485,2026-03-30T21:33:56+02:00,idt1a,0,0,0,2,0.95,1,0.97,0,0
1774899239481,2026-03-30T21:33:59+02:00,idt1a,0,0,0,2,0.95,1,0.97,0,0
1774899242482,2026-03-30T21:34:02+02:00,idt1a,0,0,0,2,0.95,1,0.97,0,0
1774899245479,2026-03-30T21:34:05+02:00,idt1a,0,0,0,2,0.95,1,0.97,0,0
1774899248484,2026-03-30T21:34:08+02:00,idt1a,0,0,0,2,0.95,12,0.97,0,0
1774899251482,2026-03-30T21:34:11+02:00,idt1a,0,0,0,2,0.95,12,0.97,0,0
1774899254483,2026-03-30T21:34:14+02:00,idt1a,0,0,0,2,0.95,1,0.97,0,0
1774899257496,2026-03-30T21:34:17+02:00,idt1a,0,0,0,2,0.95,12,0.97,0,0
1774899259767,2026-03-30T21:34:19+02:00,idt1a,0,0,0,2,0.95,12,0.97,0,0
1774899262750,2026-03-30T21:34:22+02:00,idt1a,0,0,0,2,0.95,12,0.97,0,0
1774899265794,2026-03-30T21:34:25+02:00,idt1a,0,0,0,2,0.95,1,0.97,0,0
1774899268771,2026-03-30T21:34:28+02:00,idt1a,0,0,0,2,0.95,1,0.97,0,0
1774899271761,2026-03-30T21:34:31+02:00,idt1a,0,0,0,2,0.95,12,0.97,0,0
1774899274751,2026-03-30T21:34:34+02:00,idt1a,0,0,0,2,0.95,12,0.97,0,0
1774899277748,2026-03-30T21:34:37+02:00,idt1a,0,0,0,2,0.95,12,0.97,0,0
1774899280750,2026-03-30T21:34:40+02:00,idt1a,0,0,0,2,0.95,1,0.97,0,0
1774899283754,2026-03-30T21:34:43+02:00,idt1a,0,0,0,2,0.95,12,0.97,0,0
1774899286749,2026-03-30T21:34:46+02:00,idt1a,0,0,0,2,0.95,1,0.97,0,0
1774899289014,2026-03-30T21:34:49+02:00,idt1a,0,0,0,2,0.95,1,0.97,0,0
1774899292012,2026-03-30T21:34:52+02:00,idt1a,0,0,0,2,0.95,1,0.97,0,0
1774899295018,2026-03-30T21:34:55+02:00,idt1a,0,0,0,2,0.95,1,0.97,0,0
1774899298015,2026-03-30T21:34:58+02:00,idt1a,0,0,0,2,0.95,12,0.97,0,0
1774899301013,2026-03-30T21:35:01+02:00,idt1a,0,0,0,2,0.95,12,0.97,0,0
1774899304013,2026-03-30T21:35:04+02:00,idt1a,0,0,0,2,0.95,1,0.97,0,0
1774899307027,2026-03-30T21:35:07+02:00,idt1a,0,0,0,2,0.95,12,0.97,0,0
1774899310021,2026-03-30T21:35:10+02:00,idt1a,0,0,0,2,0.95,12,0.97,0,0
1774899313020,2026-03-30T21:35:13+02:00,idt1a,0,0,0,2,0.95,1,0.97,0,0
1774899316012,2026-03-30T21:35:16+02:00,idt1a,0,0,0,2,0.95,1,0.97,0,0
1774899319015,2026-03-30T21:35:19+02:00,idt1a,0,0,0,2,0.95,1,0.97,0,0
1774899321279,2026-03-30T21:35:21+02:00,idt1a,0,0,0,2,0.95,12,0.97,0,0
1774899324278,2026-03-30T21:35:24+02:00,idt1a,0,0,0,2,0.95,12,0.97,0,0
1774899327279,2026-03-30T21:35:27+02:00,idt1a,0,0,0,2,0.95,1,0.97,0,0
1774899330295,2026-03-30T21:35:30+02:00,idt1a,0,0,0,2,0.95,1,0.97,0,0
1774899333281,2026-03-30T21:35:33+02:00,idt1a,0,0,0,2,0.95,12,0.97,0,0
1774899336302,2026-03-30T21:35:36+02:00,idt1a,0,0,0,2,0.95,12,0.97,0,0
1774899339281,2026-03-30T21:35:39+02:00,idt1a,0,0,0,2,0.95,12,0.97,0,0
1774899342294,2026-03-30T21:35:42+02:00,idt1a,0,0,0,2,0.95,1,0.97,0,0
1774899345281,2026-03-30T21:35:45+02:00,idt1a,0,0,0,2,0.95,1,0.97,0,0
1774899348294,2026-03-30T21:35:48+02:00,idt1a,0,0,0,2,0.95,12,0.97,0,0
1774899351286,2026-03-30T21:35:51+02:00,idt1a,0,0,0,2,0.95,12,0.97,0,0
1774899353563,2026-03-30T21:35:53+02:00,idt1a,0,0,0,2,0.95,12,0.97,0,0
1774899356572,2026-03-30T21:35:56+02:00,idt1a,0,0,0,2,0.95,1,0.97,0,0
1774899359573,2026-03-30T21:35:59+02:00,idt1a,0,0,0,2,0.95,12,0.97,0,0
1774899362560,2026-03-30T21:36:02+02:00,idt1a,0,0,0,2,0.95,12,0.97,0,0
1774899365550,2026-03-30T21:36:05+02:00,idt1a,0,0,0,2,0.95,12,0.97,0,0
1774899368571,2026-03-30T21:36:08+02:00,idt1a,0,0,0,2,0.95,12,0.97,0,0
1774899371559,2026-03-30T21:36:11+02:00,idt1a,0,0,0,2,0.95,1,0.97,0,0
1774899374570,2026-03-30T21:36:14+02:00,idt1a,0,0,0,2,0.95,1,0.97,0,0
1774899377559,2026-03-30T21:36:17+02:00,idt1a,0,0,0,2,0.95,12,0.97,0,0
1774899380550,2026-03-30T21:36:20+02:00,idt1a,0,0,0,2,0.95,12,0.97,0,0
1774899383548,2026-03-30T21:36:23+02:00,idt1a,0,0,0,2,0.95,12,0.97,0,0
1774899385822,2026-03-30T21:36:25+02:00,idt1a,0,0,0,2,0.95,1,0.97,0,0
1774899388823,2026-03-30T21:36:28+02:00,idt1a,0,0,0,2,0.95,12,0.97,0,0
1774899391822,2026-03-30T21:36:31+02:00,idt1a,0,0,0,2,0.95,12,0.97,0,0
1774899394839,2026-03-30T21:36:34+02:00,idt1a,0,0,0,2,0.95,12,0.97,0,0
1774899397816,2026-03-30T21:36:37+02:00,idt1a,0,0,0,2,0.95,12,0.97,0,0
1774899400818,2026-03-30T21:36:40+02:00,idt1a,0,0,0,2,0.95,1,0.97,0,0
1774899403816,2026-03-30T21:36:43+02:00,idt1a,0,0,0,2,0.95,1,0.97,0,0
1774899406839,2026-03-30T21:36:46+02:00,idt1a,0,0,0,2,0.95,12,0.97,0,0
1774899409835,2026-03-30T21:36:49+02:00,idt1a,0,0,0,2,0.95,1,0.97,0,0
1774899412816,2026-03-30T21:36:52+02:00,idt1a,0,0,0,2,0.95,12,0.97,0,0
1774899415086,2026-03-30T21:36:55+02:00,idt1a,0,0,0,2,0.95,12,0.97,0,0
1774899418090,2026-03-30T21:36:58+02:00,idt1a,0,0,0,2,0.95,1,0.97,0,0
1774899421085,2026-03-30T21:37:01+02:00,idt1a,0,0,0,2,0.95,12,0.97,0,0
1774899424107,2026-03-30T21:37:04+02:00,idt1a,0,0,0,2,0.95,12,0.97,0,0
1774899427085,2026-03-30T21:37:07+02:00,idt1a,0,0,0,2,0.95,1,0.97,0,0
1774899430095,2026-03-30T21:37:10+02:00,idt1a,0,0,0,2,0.95,1,0.97,0,0
1774899433093,2026-03-30T21:37:13+02:00,idt1a,0,0,0,2,0.95,1,0.97,0,0
1774899436093,2026-03-30T21:37:16+02:00,idt1a,0,0,0,2,0.95,1,0.97,0,0
1774899439084,2026-03-30T21:37:19+02:00,idt1a,0,0,0,2,0.95,12,0.97,0,0
1774899442086,2026-03-30T21:37:22+02:00,idt1a,0,0,0,2,0.95,12,0.97,0,0
1774899445084,2026-03-30T21:37:25+02:00,idt1a,0,0,0,2,0.95,1,0.97,0,0
1774899447378,2026-03-30T21:37:27+02:00,idt1a,0,0,0,2,0.95,12,0.97,0,0
1774899450364,2026-03-30T21:37:30+02:00,idt1a,0,0,0,2,0.95,12,0.97,0,0
1774899453372,2026-03-30T21:37:33+02:00,idt1a,0,0,0,2,0.95,12,0.97,0,0
1774899456359,2026-03-30T21:37:36+02:00,idt1a,0,0,0,2,0.95,12,0.97,0,0
1774899459372,2026-03-30T21:37:39+02:00,idt1a,0,0,0,2,0.95,12,0.97,0,0
1774899462362,2026-03-30T21:37:42+02:00,idt1a,0,0,0,2,0.95,12,0.97,0,0
1774899465369,2026-03-30T21:37:45+02:00,idt1a,0,0,0,2,0.95,1,0.97,0,0
1774899468361,2026-03-30T21:37:48+02:00,idt1a,0,0,0,2,0.95,1,0.97,0,0
1774899471375,2026-03-30T21:37:51+02:00,idt1a,0,0,0,2,0.95,12,0.97,0,0
1774899474364,2026-03-30T21:37:54+02:00,idt1a,0,0,0,2,0.95,12,0.97,0,0
1774899477366,2026-03-30T21:37:57+02:00,idt1a,0,0,0,2,0.95,1,0.97,0,0
1774899479660,2026-03-30T21:37:59+02:00,idt1a,0,0,0,2,0.95,1,0.97,0,0
1774899482664,2026-03-30T21:38:02+02:00,idt1a,0,0,0,2,0.95,12,0.97,0,0
1774899485662,2026-03-30T21:38:05+02:00,idt1a,0,0,0,2,0.95,1,0.97,0,0
1774899488659,2026-03-30T21:38:08+02:00,idt1a,0,0,0,2,0.95,1,0.97,0,0
1774899491667,2026-03-30T21:38:11+02:00,idt1a,0,0,0,2,0.95,12,0.97,0,0
1774899494660,2026-03-30T21:38:14+02:00,idt1a,0,0,0,2,0.95,1,0.97,0,0
1774899497661,2026-03-30T21:38:17+02:00,idt1a,0,0,0,2,0.95,1,0.97,0,0
1774899500659,2026-03-30T21:38:20+02:00,idt1a,0,0,0,2,0.95,12,0.97,0,0
1774899503658,2026-03-30T21:38:23+02:00,idt1a,0,0,0,2,0.95,12,0.97,0,0
1774899506659,2026-03-30T21:38:26+02:00,idt1a,0,0,0,2,0.95,12,0.97,0,0
1774899509660,2026-03-30T21:38:29+02:00,idt1a,0,0,0,2,0.95,12,0.97,0,0
1774899511960,2026-03-30T21:38:31+02:00,idt1a,0,0,0,2,0.95,12,0.97,0,0
1774899514960,2026-03-30T21:38:34+02:00,idt1a,0,0,0,2,0.95,1,0.97,0,0
1774899517962,2026-03-30T21:38:37+02:00,idt1a,0,0,0,2,0.95,1,0.97,0,0
1774899520962,2026-03-30T21:38:40+02:00,idt1a,0,0,0,2,0.95,12,0.97,0,0
1774899523961,2026-03-30T21:38:43+02:00,idt1a,0,0,0,2,0.95,1,0.97,0,0
1774899526960,2026-03-30T21:38:46+02:00,idt1a,0,0,0,2,0.95,12,0.97,0,0
1774899529964,2026-03-30T21:38:49+02:00,idt1a,0,0,0,2,0.95,12,0.97,0,0
1774899532961,2026-03-30T21:38:52+02:00,idt1a,0,0,0,2,0.95,12,0.97,0,0
1774899535960,2026-03-30T21:38:55+02:00,idt1a,0,0,0,2,0.95,12,0.97,0,0
1774899538963,2026-03-30T21:38:58+02:00,idt1a,0,0,0,2,0.95,12,0.97,0,0
1774899541247,2026-03-30T21:39:01+02:00,idt1a,0,0,0,2,0.95,12,0.97,0,0
1774899544241,2026-03-30T21:39:04+02:00,idt1a,0,0,0,2,0.95,12,0.97,0,0
1774899547253,2026-03-30T21:39:07+02:00,idt1a,0,0,0,2,0.95,1,0.97,0,0
1774899550245,2026-03-30T21:39:10+02:00,idt1a,0,0,0,2,0.95,1,0.97,0,0
1774899553247,2026-03-30T21:39:13+02:00,idt1a,0,0,0,2,0.95,1,0.97,0,0
1774899556254,2026-03-30T21:39:16+02:00,idt1a,0,0,0,2,0.95,1,0.97,0,0
1774899559250,2026-03-30T21:39:19+02:00,idt1a,0,0,0,2,0.95,12,0.97,0,0
1774899562263,2026-03-30T21:39:22+02:00,idt1a,0,0,0,2,0.95,12,0.97,0,0
1774899565252,2026-03-30T21:39:25+02:00,idt1a,0,0,0,2,0.95,12,0.97,0,0
1774899568243,2026-03-30T21:39:28+02:00,idt1a,0,0,0,2,0.95,1,0.97,0,0
1774899571249,2026-03-30T21:39:31+02:00,idt1a,0,0,0,2,0.95,12,0.97,0,0
1774899573524,2026-03-30T21:39:33+02:00,idt1a,0,0,0,2,0.95,12,0.97,0,0
1774899576528,2026-03-30T21:39:36+02:00,idt1a,0,0,0,2,0.95,1,0.97,0,0
1774899579522,2026-03-30T21:39:39+02:00,idt1a,0,0,0,2,0.95,1,0.97,0,0
1774899582522,2026-03-30T21:39:42+02:00,idt1a,0,0,0,2,0.95,1,0.97,0,0
1774899585522,2026-03-30T21:39:45+02:00,idt1a,0,0,0,2,0.95,12,0.97,0,0
1774899588523,2026-03-30T21:39:48+02:00,idt1a,0,0,0,2,0.95,1,0.97,0,0
1774899591520,2026-03-30T21:39:51+02:00,idt1a,0,0,0,2,0.95,1,0.97,0,0
1774899594519,2026-03-30T21:39:54+02:00,idt1a,0,0,0,2,0.95,12,0.97,0,0
1774899597523,2026-03-30T21:39:57+02:00,idt1a,0,0,0,2,0.95,1,0.97,0,0
1774899600522,2026-03-30T21:40:00+02:00,idt1a,0,0,0,2,0.95,1,0.97,0,0
1774899603522,2026-03-30T21:40:03+02:00,idt1a,0,0,0,2,0.95,1,0.97,0,0
1774899605797,2026-03-30T21:40:05+02:00,idt1a,0,0,0,2,0.95,12,0.97,0,0
1774899608795,2026-03-30T21:40:08+02:00,idt1a,0,0,0,2,0.95,12,0.97,0,0
1774899611797,2026-03-30T21:40:11+02:00,idt1a,0,0,0,2,0.95,12,0.97,0,0
1774899614799,2026-03-30T21:40:14+02:00,idt1a,0,0,0,2,0.95,12,0.97,0,0
1774899617796,2026-03-30T21:40:17+02:00,idt1a,0,0,0,2,0.95,1,0.97,0,0
1774899620796,2026-03-30T21:40:20+02:00,idt1a,0,0,0,2,0.95,12,0.97,0,0
1774899623799,2026-03-30T21:40:23+02:00,idt1a,0,0,0,2,0.95,12,0.97,0,0
1774899626798,2026-03-30T21:40:26+02:00,idt1a,0,0,0,2,0.95,1,0.97,0,0
1774899629796,2026-03-30T21:40:29+02:00,idt1a,0,0,0,2,0.95,12,0.97,0,0
1774899632796,2026-03-30T21:40:32+02:00,idt1a,0,0,0,2,0.95,12,0.97,0,0
1774899635798,2026-03-30T21:40:35+02:00,idt1a,0,0,0,2,0.95,1,0.97,0,0
1774899638079,2026-03-30T21:40:38+02:00,idt1a,0,0,0,2,0.95,12,0.97,0,0
1774899641090,2026-03-30T21:40:41+02:00,idt1a,0,0,0,2,0.95,12,0.97,0,0
1774899644090,2026-03-30T21:40:44+02:00,idt1a,0,0,0,2,0.95,1,0.97,0,0
1774899647079,2026-03-30T21:40:47+02:00,idt1a,0,0,0,2,0.95,12,0.97,0,0
1774899650078,2026-03-30T21:40:50+02:00,idt1a,0,0,0,2,0.95,12,0.97,0,0
1774899653077,2026-03-30T21:40:53+02:00,idt1a,0,0,0,2,0.95,1,0.97,0,0
1774899656076,2026-03-30T21:40:56+02:00,idt1a,0,0,0,2,0.95,12,0.97,0,0
1774899659090,2026-03-30T21:40:59+02:00,idt1a,0,0,0,2,0.95,1,0.97,0,0
1774899662078,2026-03-30T21:41:02+02:00,idt1a,0,0,0,2,0.95,12,0.97,0,0
1774899665088,2026-03-30T21:41:05+02:00,idt1a,0,0,0,2,0.95,1,0.97,0,0
1774899667370,2026-03-30T21:41:07+02:00,idt1a,0,0,0,2,0.95,1,0.97,0,0
1774899670356,2026-03-30T21:41:10+02:00,idt1a,0,0,0,2,0.95,12,0.97,0,0
1774899673371,2026-03-30T21:41:13+02:00,idt1a,0,0,0,2,0.95,12,0.97,0,0
1774899676378,2026-03-30T21:41:16+02:00,idt1a,0,0,0,2,0.95,12,0.97,0,0
1774899679379,2026-03-30T21:41:19+02:00,idt1a,0,0,0,2,0.95,12,0.97,0,0
1774899682367,2026-03-30T21:41:22+02:00,idt1a,0,0,0,2,0.95,12,0.97,0,0
1774899685357,2026-03-30T21:41:25+02:00,idt1a,0,0,0,2,0.95,12,0.97,0,0
1774899688361,2026-03-30T21:41:28+02:00,idt1a,0,0,0,2,0.95,12,0.97,0,0
1774899691359,2026-03-30T21:41:31+02:00,idt1a,0,0,0,2,0.95,1,0.97,0,0
1774899694364,2026-03-30T21:41:34+02:00,idt1a,0,0,0,2,0.95,12,0.97,0,0
1774899697358,2026-03-30T21:41:37+02:00,idt1a,0,0,0,2,0.95,12,0.97,0,0
1774899699647,2026-03-30T21:41:39+02:00,idt1a,0,0,0,2,0.95,12,0.97,0,0
1774899702645,2026-03-30T21:41:42+02:00,idt1a,0,0,0,2,0.95,12,0.97,0,0
1774899705647,2026-03-30T21:41:45+02:00,idt1a,0,0,0,2,0.95,12,0.97,0,0
1774899708648,2026-03-30T21:41:48+02:00,idt1a,0,0,0,2,0.95,1,0.97,0,0
1774899711646,2026-03-30T21:41:51+02:00,idt1a,0,0,0,2,0.95,12,0.97,0,0
1774899714646,2026-03-30T21:41:54+02:00,idt1a,0,0,0,2,0.95,12,0.97,0,0
1774899717648,2026-03-30T21:41:57+02:00,idt1a,0,0,0,2,0.95,12,0.97,0,0
1774899720648,2026-03-30T21:42:00+02:00,idt1a,0,0,0,2,0.95,12,0.97,0,0
1774899723646,2026-03-30T21:42:03+02:00,idt1a,0,0,0,2,0.95,12,0.97,0,0
1774899726646,2026-03-30T21:42:06+02:00,idt1a,0,0,0,2,0.95,1,0.97,0,0
1774899729649,2026-03-30T21:42:09+02:00,idt1a,0,0,0,2,0.95,1,0.97,0,0
1774899731963,2026-03-30T21:42:11+02:00,idt1a,0,0,0,2,0.95,12,0.97,0,0
1774899734962,2026-03-30T21:42:14+02:00,idt1a,0,0,0,2,0.95,1,0.97,0,0
1774899737961,2026-03-30T21:42:17+02:00,idt1a,0,0,0,2,0.95,1,0.97,0,0
1774899740962,2026-03-30T21:42:20+02:00,idt1a,0,0,0,2,0.95,1,0.97,0,0
1774899743963,2026-03-30T21:42:23+02:00,idt1a,0,0,0,2,0.95,1,0.97,0,0
1774899746962,2026-03-30T21:42:26+02:00,idt1a,0,0,0,2,0.95,12,0.97,0,0
1774899749963,2026-03-30T21:42:29+02:00,idt1a,0,0,0,2,0.95,1,0.97,0,0
1774899752966,2026-03-30T21:42:32+02:00,idt1a,0,0,0,2,0.95,12,0.97,0,0
1774899755963,2026-03-30T21:42:35+02:00,idt1a,0,0,0,2,0.95,12,0.97,0,0
1774899758962,2026-03-30T21:42:38+02:00,idt1a,0,0,0,2,0.95,12,0.97,0,0
1774899761972,2026-03-30T21:42:41+02:00,idt1a,0,0,0,2,0.95,12,0.97,0,0
1774899764269,2026-03-30T21:42:44+02:00,idt1a,0,0,0,2,0.95,12,0.97,0,0
1774899767265,2026-03-30T21:42:47+02:00,idt1a,0,0,0,2,0.95,12,0.97,0,0
1774899770269,2026-03-30T21:42:50+02:00,idt1a,0,0,0,2,0.95,12,0.97,0,0
1774899773265,2026-03-30T21:42:53+02:00,idt1a,0,0,0,2,0.95,1,0.97,0,0
1774899776276,2026-03-30T21:42:56+02:00,idt1a,0,0,0,2,0.95,12,0.97,0,0
1774899779266,2026-03-30T21:42:59+02:00,idt1a,0,0,0,2,0.95,1,0.97,0,0
1774899782276,2026-03-30T21:43:02+02:00,idt1a,0,0,0,2,0.95,1,0.97,0,0
1774899785270,2026-03-30T21:43:05+02:00,idt1a,0,0,0,2,0.95,1,0.97,0,0
1774899788269,2026-03-30T21:43:08+02:00,idt1a,0,0,0,2,0.95,12,0.97,0,0
1774899791266,2026-03-30T21:43:11+02:00,idt1a,0,0,0,2,0.95,1,0.97,0,0
1774899793556,2026-03-30T21:43:13+02:00,idt1a,0,0,0,2,0.95,1,0.97,0,0
1774899796555,2026-03-30T21:43:16+02:00,idt1a,0,0,0,2,0.95,12,0.97,0,0
1774899799558,2026-03-30T21:43:19+02:00,idt1a,0,0,0,2,0.95,1,0.97,0,0
1774899802557,2026-03-30T21:43:22+02:00,idt1a,0,0,0,2,0.95,12,0.97,0,0
1774899805556,2026-03-30T21:43:25+02:00,idt1a,0,0,0,2,0.95,12,0.97,0,0
1774899808564,2026-03-30T21:43:28+02:00,idt1a,0,0,0,2,0.95,12,0.97,0,0
1774899811560,2026-03-30T21:43:31+02:00,idt1a,0,0,0,2,0.95,1,0.97,0,0
1774899814555,2026-03-30T21:43:34+02:00,idt1a,0,0,0,2,0.95,12,0.97,0,0
1774899817559,2026-03-30T21:43:37+02:00,idt1a,0,0,0,2,0.95,1,0.97,0,0
1774899820577,2026-03-30T21:43:40+02:00,idt1a,0,0,0,2,0.95,1,0.97,0,0
1774899823570,2026-03-30T21:43:43+02:00,idt1a,0,0,0,2,0.95,12,0.97,0,0
1774899825851,2026-03-30T21:43:45+02:00,idt1a,0,0,0,2,0.95,12,0.97,0,0
1774899828858,2026-03-30T21:43:48+02:00,idt1a,0,0,0,2,0.95,12,0.97,0,0
1774899831861,2026-03-30T21:43:51+02:00,idt1a,0,0,0,2,0.95,12,0.97,0,0
1774899834854,2026-03-30T21:43:54+02:00,idt1a,0,0,0,2,0.95,12,0.97,0,0
1774899837852,2026-03-30T21:43:57+02:00,idt1a,0,0,0,2,0.95,12,0.97,0,0
1774899840851,2026-03-30T21:44:00+02:00,idt1a,0,0,0,2,0.95,12,0.97,0,0
1774899843860,2026-03-30T21:44:03+02:00,idt1a,0,0,0,2,0.95,12,0.97,0,0
1774899846852,2026-03-30T21:44:06+02:00,idt1a,0,0,0,2,0.95,1,0.97,0,0
1774899849852,2026-03-30T21:44:09+02:00,idt1a,0,0,0,2,0.95,12,0.97,0,0
1774899852851,2026-03-30T21:44:12+02:00,idt1a,0,0,0,2,0.95,12,0.97,0,0
1774899855867,2026-03-30T21:44:15+02:00,idt1a,0,0,0,2,0.95,12,0.97,0,0
1774899858143,2026-03-30T21:44:18+02:00,idt1a,0,0,0,2,0.95,12,0.97,0,0
1774899861144,2026-03-30T21:44:21+02:00,idt1a,0,0,0,2,0.95,12,0.97,0,0
1774899864183,2026-03-30T21:44:24+02:00,idt1a,0,0,0,2,0.95,1,0.97,0,0
1774899867159,2026-03-30T21:44:27+02:00,idt1a,0,0,0,2,0.95,12,0.97,0,0
1774899870146,2026-03-30T21:44:30+02:00,idt1a,0,0,0,2,0.95,12,0.97,0,0
1774899873143,2026-03-30T21:44:33+02:00,idt1a,0,0,0,2,0.95,12,0.97,0,0
1774899876142,2026-03-30T21:44:36+02:00,idt1a,0,0,0,2,0.95,12,0.97,0,0
1774899879143,2026-03-30T21:44:39+02:00,idt1a,0,0,0,2,0.95,1,0.97,0,0
1774899882144,2026-03-30T21:44:42+02:00,idt1a,0,0,0,2,0.95,1,0.97,0,0
1774899885142,2026-03-30T21:44:45+02:00,idt1a,0,0,0,2,0.95,12,0.97,0,0
1774899888182,2026-03-30T21:44:48+02:00,idt1a,0,0,0,2,0.95,12,0.97,0,0
1774899890431,2026-03-30T21:44:50+02:00,idt1a,0,0,0,2,0.95,12,0.97,0,0
1774899893431,2026-03-30T21:44:53+02:00,idt1a,0,0,0,2,0.95,12,0.97,0,0
1774899896433,2026-03-30T21:44:56+02:00,idt1a,0,0,0,2,0.95,1,0.97,0,0
1774899899443,2026-03-30T21:44:59+02:00,idt1a,0,0,0,2,0.95,12,0.97,0,0
1774899902432,2026-03-30T21:45:02+02:00,idt1a,0,0,0,2,0.95,1,0.97,0,0
1774899905436,2026-03-30T21:45:05+02:00,idt1a,0,0,0,2,0.95,12,0.97,0,0
1774899908431,2026-03-30T21:45:08+02:00,idt1a,0,0,0,2,0.95,12,0.97,0,0
1774899911473,2026-03-30T21:45:11+02:00,idt1a,0,0,0,2,0.95,12,0.97,0,0
1774899914449,2026-03-30T21:45:14+02:00,idt1a,0,0,0,2,0.95,12,0.97,0,0
1774899917436,2026-03-30T21:45:17+02:00,idt1a,0,0,0,2,0.95,12,0.97,0,0
1774899919723,2026-03-30T21:45:19+02:00,idt1a,0,0,0,2,0.95,12,0.97,0,0
1774899922751,2026-03-30T21:45:22+02:00,idt1a,0,0,0,2,0.95,1,0.97,0,0
1774899925733,2026-03-30T21:45:25+02:00,idt1a,0,0,0,2,0.95,12,0.97,0,0
1774899928730,2026-03-30T21:45:28+02:00,idt1a,0,0,0,2,0.95,12,0.97,0,0
1774899931720,2026-03-30T21:45:31+02:00,idt1a,0,0,0,2,0.95,12,0.97,0,0
1774899934722,2026-03-30T21:45:34+02:00,idt1a,0,0,0,2,0.95,12,0.97,0,0
1774899937721,2026-03-30T21:45:37+02:00,idt1a,0,0,0,2,0.95,1,0.97,0,0
1774899940724,2026-03-30T21:45:40+02:00,idt1a,0,0,0,2,0.95,12,0.97,0,0
1774899943723,2026-03-30T21:45:43+02:00,idt1a,0,0,0,2,0.95,12,0.97,0,0
1774899946743,2026-03-30T21:45:46+02:00,idt1a,0,0,0,2,0.95,12,0.97,0,0
1774899949720,2026-03-30T21:45:49+02:00,idt1a,0,0,0,2,0.95,12,0.97,0,0
1774899952030,2026-03-30T21:45:52+02:00,idt1a,0,0,0,2,0.95,12,0.97,0,0
1774899955030,2026-03-30T21:45:55+02:00,idt1a,0,0,0,2,0.95,12,0.97,0,0
1774899958037,2026-03-30T21:45:58+02:00,idt1a,0,0,0,2,0.95,1,0.97,0,0
1774899961046,2026-03-30T21:46:01+02:00,idt1a,0,0,0,2,0.95,1,0.97,0,0
1774899964042,2026-03-30T21:46:04+02:00,idt1a,0,0,0,2,0.95,1,0.97,0,0
1774899967030,2026-03-30T21:46:07+02:00,idt1a,0,0,0,2,0.95,1,0.97,0,0
1774899970027,2026-03-30T21:46:10+02:00,idt1a,0,0,0,2,0.95,12,0.97,0,0
1774899973046,2026-03-30T21:46:13+02:00,idt1a,0,0,0,2,0.95,12,0.97,0,0
1774899976033,2026-03-30T21:46:16+02:00,idt1a,0,0,0,2,0.95,12,0.97,0,0
1774899979029,2026-03-30T21:46:19+02:00,idt1a,0,0,0,2,0.95,1,0.97,0,0
1774899982028,2026-03-30T21:46:22+02:00,idt1a,0,0,0,2,0.95,12,0.97,0,0
1774899984387,2026-03-30T21:46:24+02:00,idt1a,0,0,0,2,0.95,1,0.97,0,0
1774899987388,2026-03-30T21:46:27+02:00,idt1a,0,0,0,2,0.95,12,0.97,0,0
1774899990388,2026-03-30T21:46:30+02:00,idt1a,0,0,0,2,0.95,12,0.97,0,0
1774899993388,2026-03-30T21:46:33+02:00,idt1a,0,0,0,2,0.95,12,0.97,0,0
1774899996402,2026-03-30T21:46:36+02:00,idt1a,0,0,0,2,0.95,12,0.97,0,0
1774899999390,2026-03-30T21:46:39+02:00,idt1a,0,0,0,2,0.95,1,0.97,0,0
1774900002387,2026-03-30T21:46:42+02:00,idt1a,0,0,0,2,0.95,1,0.97,0,0
1774900005388,2026-03-30T21:46:45+02:00,idt1a,0,0,0,2,0.95,12,0.97,0,0
1774900008387,2026-03-30T21:46:48+02:00,idt1a,0,0,0,2,0.95,1,0.97,0,0
