timestamp_ms,timestamp_iso,active_provider,on_fallback,ch4_pct,co_ppm,co2_pct,o2_pct,no2_ppm,accuracy,latency_ms,reliability,freshness_ms,degraded
1774896170992,2026-03-30T20:42:50+02:00,idt2a,0,0.0960976,5.2146,0.0369978,20.9106,0.503599,0.95,2,0.98,0,0
1774896174014,2026-03-30T20:42:54+02:00,idt2a,0,0.0909618,5.47855,0.03697,20.8843,0.501483,0.95,1,0.98,0,0
1774896176994,2026-03-30T20:42:56+02:00,idt2a,0,0.0954142,5.63265,0.0355941,20.8758,0.488022,0.95,1,0.98,0,0
1774896179987,2026-03-30T20:42:59+02:00,idt2a,0,0.0822397,5.97661,0.0373336,20.8625,0.520552,0.95,10,0.98,0,0
1774896181951,2026-03-30T20:43:01+02:00,idt2a,0,0.0948442,5.88527,0.0354121,20.8874,0.509346,0.95,10,0.98,0,0
1774896184952,2026-03-30T20:43:04+02:00,idt2a,0,0.0905152,5.87561,0.0357487,20.8904,0.496929,0.95,1,0.98,0,0
1774896187951,2026-03-30T20:43:07+02:00,idt2a,0,0.0829795,5.95724,0.0391681,20.8783,0.524608,0.95,10,0.98,0,0
1774896190953,2026-03-30T20:43:10+02:00,idt2a,0,0.0822534,5.90681,0.0385055,20.8884,0.525996,0.95,1,0.98,0,0
1774896193952,2026-03-30T20:43:13+02:00,idt2a,0,0.0955124,5.71072,0.0400227,20.9092,0.519568,0.95,10,0.98,0,0
1774896196951,2026-03-30T20:43:16+02:00,idt2a,0,0.109991,5.86781,0.0414991,20.9066,0.540939,0.95,10,0.98,0,0
1774896199951,2026-03-30T20:43:19+02:00,idt2a,0,0.116937,5.78781,0.0421665,20.873,0.559839,0.95,10,0.98,0,0
1774896202951,2026-03-30T20:43:22+02:00,idt2a,0,0.122993,6.11054,0.0401457,20.8617,0.574599,0.95,10,0.98,0,0
1774896205952,2026-03-30T20:43:25+02:00,idt2a,0,0.117543,6.00092,0.0395229,20.8735,0.596711,0.95,10,0.98,0,0
1774896208960,2026-03-30T20:43:28+02:00,idt2a,0,0.121506,5.93296,0.0394493,20.9113,0.59843,0.95,10,0.98,0,0
1774896211952,2026-03-30T20:43:31+02:00,idt2a,0,0.130089,5.9812,0.0353089,20.8778,0.578859,0.95,10,0.98,0,0
1774896213914,2026-03-30T20:43:33+02:00,idt2a,0,0.131718,6.12839,0.0383425,20.8998,0.558092,0.95,10,0.98,0,0
1774896216915,2026-03-30T20:43:36+02:00,idt2a,0,0.127646,6.00013,0.0378144,20.8991,0.545299,0.95,10,0.98,0,0
1774896219915,2026-03-30T20:43:39+02:00,idt2a,0,0.122442,5.9767,0.0410268,20.9217,0.554549,0.95,10,0.98,0,0
1774896222915,2026-03-30T20:43:42+02:00,idt2a,0,0.125085,6.17367,0.0422128,20.9477,0.545967,0.95,1,0.98,0,0
1774896225914,2026-03-30T20:43:45+02:00,idt2a,0,0.13397,6.18077,0.0421186,20.9471,0.546127,0.95,10,0.98,0,0
1774896228915,2026-03-30T20:43:48+02:00,idt2a,0,0.133033,6.08979,0.0421402,20.9393,0.550021,0.95,10,0.98,0,0
1774896231916,2026-03-30T20:43:51+02:00,idt2a,0,0.126066,6.18635,0.0432824,20.8961,0.54931,0.95,10,0.98,0,0
1774896234921,2026-03-30T20:43:54+02:00,idt2a,0,0.135546,6.01654,0.0443065,20.8985,0.504193,0.95,1,0.98,0,0
1774896237915,2026-03-30T20:43:57+02:00,idt2a,0,0.125399,5.88422,0.0439566,20.8774,0.488418,0.95,10,0.98,0,0
1774896240915,2026-03-30T20:44:00+02:00,idt2a,0,0.114278,6.1694,0.0455708,20.8655,0.489155,0.95,1,0.98,0,0
1774896243914,2026-03-30T20:44:03+02:00,idt2a,0,0.101427,6.05182,0.0474789,20.8885,0.456253,0.95,10,0.98,0,0
1774896245880,2026-03-30T20:44:05+02:00,idt2a,0,0.0901011,5.87938,0.0488817,20.8746,0.483591,0.95,1,0.98,0,0
1774896248880,2026-03-30T20:44:08+02:00,idt2a,0,0.082738,6.08807,0.0459615,20.8791,0.499356,0.95,10,0.98,0,0
1774896251880,2026-03-30T20:44:11+02:00,idt2a,0,0.0916711,6.09321,0.0451262,20.8684,0.517467,0.95,10,0.98,0,0
1774896254888,2026-03-30T20:44:14+02:00,idt2a,0,0.0895933,6.28783,0.0462706,20.9103,0.515707,0.95,1,0.98,0,0
1774896257885,2026-03-30T20:44:17+02:00,idt2a,0,0.0817825,6.29339,0.0479,20.9295,0.54281,0.95,10,0.98,0,0
1774896260884,2026-03-30T20:44:20+02:00,idt2a,0,0.0952855,6.56577,0.0466652,20.9549,0.540966,0.95,10,0.98,0,0
1774896263879,2026-03-30T20:44:23+02:00,idt2a,0,0.0963616,6.29933,0.0456458,20.9621,0.56006,0.95,10,0.98,0,0
1774896266881,2026-03-30T20:44:26+02:00,idt2a,0,0.0987801,6.12301,0.0456485,20.9362,0.556344,0.95,10,0.98,0,0
1774896269895,2026-03-30T20:44:29+02:00,idt2a,0,0.0960671,6.18191,0.0447875,20.9136,0.55481,0.95,1,0.98,0,0
1774896272880,2026-03-30T20:44:32+02:00,idt2a,0,0.0959269,6.36263,0.0461077,20.9266,0.546228,0.95,10,0.98,0,0
1774896274839,2026-03-30T20:44:34+02:00,idt2a,0,0.100813,6.51679,0.0447612,20.9161,0.561566,0.95,10,0.98,0,0
1774896277840,2026-03-30T20:44:37+02:00,idt2a,0,0.0989347,6.40906,0.0412703,20.9159,0.578763,0.95,1,0.98,0,0
1774896280838,2026-03-30T20:44:40+02:00,idt2a,0,0.0919254,6.59234,0.0415097,20.9253,0.56826,0.95,1,0.98,0,0
1774896283838,2026-03-30T20:44:43+02:00,idt2a,0,0.0880315,6.50141,0.0425681,20.9213,0.564572,0.95,10,0.98,0,0
1774896286839,2026-03-30T20:44:46+02:00,idt2a,0,0.106664,6.42916,0.0443184,20.9123,0.579776,0.95,1,0.98,0,0
1774896289839,2026-03-30T20:44:49+02:00,idt2a,0,0.113657,6.17368,0.0462121,20.9113,0.590957,0.95,10,0.98,0,0
1774896292854,2026-03-30T20:44:52+02:00,idt2a,0,0.124304,5.92814,0.0459276,20.8822,0.58329,0.95,10,0.98,0,0
1774896295839,2026-03-30T20:44:55+02:00,idt2a,0,0.134816,6.06774,0.0429606,20.8785,0.595025,0.95,10,0.98,0,0
1774896298838,2026-03-30T20:44:58+02:00,idt2a,0,0.144039,6.06128,0.0448813,20.8971,0.595215,0.95,10,0.98,0,0
1774896301846,2026-03-30T20:45:01+02:00,idt2a,0,0.150739,6.06154,0.0418044,20.8965,0.546523,0.95,10,0.98,0,0
1774896304845,2026-03-30T20:45:04+02:00,idt2a,0,0.152992,6.29708,0.0429227,20.884,0.515033,0.95,10,0.98,0,0
1774896306807,2026-03-30T20:45:06+02:00,idt2a,0,0.153446,6.43022,0.044625,20.8933,0.510021,0.95,10,0.98,0,0
1774896309808,2026-03-30T20:45:09+02:00,idt2a,0,0.159311,6.45458,0.0449331,20.9005,0.514068,0.95,10,0.98,0,0
1774896312809,2026-03-30T20:45:12+02:00,idt2a,0,0.161952,6.44709,0.0469541,20.9308,0.549419,0.95,10,0.98,0,0
1774896315808,2026-03-30T20:45:15+02:00,idt2a,0,0.155117,6.79036,0.0461936,20.9161,0.556561,0.95,10,0.98,0,0
1774896318808,2026-03-30T20:45:18+02:00,idt2a,0,0.151202,6.77191,0.049272,20.9406,0.562397,0.95,1,0.98,0,0
1774896321807,2026-03-30T20:45:21+02:00,idt2a,0,0.151009,6.71355,0.0488067,20.9789,0.570312,0.95,10,0.98,0,0
1774896324808,2026-03-30T20:45:24+02:00,idt2a,0,0.155391,6.83389,0.0472721,20.9942,0.577315,0.95,10,0.98,0,0
1774896327812,2026-03-30T20:45:27+02:00,idt2a,0,0.162229,6.90095,0.0515548,21.0033,0.611666,0.95,10,0.98,0,0
1774896330808,2026-03-30T20:45:30+02:00,idt2a,0,0.164678,7.16762,0.0547716,20.9966,0.626968,0.95,10,0.98,0,0
1774896333810,2026-03-30T20:45:33+02:00,idt2a,0,0.160077,7.02629,0.0567295,21.0112,0.616939,0.95,10,0.98,0,0
1774896336808,2026-03-30T20:45:36+02:00,idt2a,0,0.159238,7.02004,0.057105,20.9962,0.625747,0.95,1,0.98,0,0
1774896338783,2026-03-30T20:45:38+02:00,idt2a,0,0.149936,6.83004,0.056786,20.9845,0.616325,0.95,10,0.98,0,0
1774896341783,2026-03-30T20:45:41+02:00,idt2a,0,0.139663,6.82429,0.0581135,20.9904,0.601512,0.95,10,0.98,0,0
1774896344783,2026-03-30T20:45:44+02:00,idt2a,0,0.153051,6.95376,0.0585567,20.9696,0.625244,0.95,10,0.98,0,0
1774896347785,2026-03-30T20:45:47+02:00,idt2a,0,0.143245,6.62769,0.0572718,20.9636,0.618928,0.95,10,0.98,0,0
1774896350798,2026-03-30T20:45:50+02:00,idt2a,0,0.152222,6.73804,0.0580126,20.9662,0.606023,0.95,10,0.98,0,0
1774896353784,2026-03-30T20:45:53+02:00,idt2a,0,0.149665,7.11417,0.0611907,20.9417,0.584702,0.95,10,0.98,0,0
1774896356783,2026-03-30T20:45:56+02:00,idt2a,0,0.148492,6.89904,0.0637993,20.925,0.564342,0.95,10,0.98,0,0
1774896359785,2026-03-30T20:45:59+02:00,idt2a,0,0.155201,6.56288,0.0642264,20.9035,0.5801,0.95,1,0.98,0,0
1774896362783,2026-03-30T20:46:02+02:00,idt2a,0,0.152618,6.59013,0.0643718,20.8939,0.565931,0.95,1,0.98,0,0
1774896365783,2026-03-30T20:46:05+02:00,idt2a,0,0.154425,6.74717,0.0654146,20.9288,0.567458,0.95,10,0.98,0,0
1774896368784,2026-03-30T20:46:08+02:00,idt2a,0,0.149743,6.76178,0.0661505,20.9487,0.573398,0.95,10,0.98,0,0
1774896370751,2026-03-30T20:46:10+02:00,idt2a,0,0.152383,6.66378,0.0685693,20.9372,0.5834,0.95,10,0.98,0,0
1774896373759,2026-03-30T20:46:13+02:00,idt2a,0,0.143593,6.65049,0.0694879,20.9502,0.58338,0.95,10,0.98,0,0
1774896376751,2026-03-30T20:46:16+02:00,idt2a,0,0.138293,6.69206,0.067101,20.9556,0.572817,0.95,10,0.98,0,0
1774896379750,2026-03-30T20:46:19+02:00,idt2a,0,0.145782,6.80137,0.0666939,20.9156,0.579915,0.95,10,0.98,0,0
1774896382752,2026-03-30T20:46:22+02:00,idt2a,0,0.152208,6.84847,0.0641519,20.927,0.596752,0.95,10,0.98,0,0
1774896385751,2026-03-30T20:46:25+02:00,idt2a,0,0.161754,6.77346,0.0669382,20.9594,0.576501,0.95,1,0.98,0,0
1774896388751,2026-03-30T20:46:28+02:00,idt2a,0,0.163595,6.91745,0.0661469,20.9365,0.600587,0.95,10,0.98,0,0
1774896391750,2026-03-30T20:46:31+02:00,idt2a,0,0.165264,6.91477,0.0665714,20.9124,0.619027,0.95,10,0.98,0,0
1774896394766,2026-03-30T20:46:34+02:00,idt2a,0,0.165049,7.15064,0.0664558,20.9414,0.630655,0.95,1,0.98,0,0
1774896397751,2026-03-30T20:46:37+02:00,idt2a,0,0.174304,6.95317,0.0641957,20.9194,0.626638,0.95,10,0.98,0,0
1774896399729,2026-03-30T20:46:39+02:00,idt2a,0,0.166729,7.33825,0.0627982,20.9193,0.623227,0.95,10,0.98,0,0
1774896402730,2026-03-30T20:46:42+02:00,idt2a,0,0.163164,7.47752,0.0624088,20.9334,0.631289,0.95,10,0.98,0,0
1774896405731,2026-03-30T20:46:45+02:00,idt2a,0,0.147102,7.54789,0.0620546,20.9206,0.630194,0.95,10,0.98,0,0
1774896408735,2026-03-30T20:46:48+02:00,idt2a,0,0.143333,7.37705,0.0625225,20.9536,0.62585,0.95,10,0.98,0,0
1774896411730,2026-03-30T20:46:51+02:00,idt2a,0,0.148497,7.51942,0.0612243,20.9232,0.646863,0.95,10,0.98,0,0
1774896414729,2026-03-30T20:46:54+02:00,idt2a,0,0.152021,7.59731,0.0628724,20.9431,0.645724,0.95,10,0.98,0,0
1774896417737,2026-03-30T20:46:57+02:00,idt2a,0,0.152285,7.546,0.0626934,20.9612,0.66741,0.95,1,0.98,0,0
1774896420736,2026-03-30T20:47:00+02:00,idt2a,0,0.156408,7.46494,0.0606277,20.9601,0.6319,0.95,10,0.98,0,0
1774896423731,2026-03-30T20:47:03+02:00,idt2a,0,0.146868,7.57873,0.063922,20.9766,0.681408,0.95,1,0.98,0,0
1774896426729,2026-03-30T20:47:06+02:00,idt2a,0,0.142484,7.60375,0.0619536,20.9714,0.693854,0.95,10,0.98,0,0
1774896429732,2026-03-30T20:47:09+02:00,idt2a,0,0.14719,7.89768,0.0636268,20.9627,0.688425,0.95,10,0.98,0,0
1774896431705,2026-03-30T20:47:11+02:00,idt2a,0,0.158052,7.79835,0.0655583,20.9687,0.695412,0.95,1,0.98,0,0
1774896434700,2026-03-30T20:47:14+02:00,idt2a,0,0.164796,7.79592,0.0655327,20.9799,0.700623,0.95,10,0.98,0,0
1774896437700,2026-03-30T20:47:17+02:00,idt2a,0,0.170014,7.85386,0.0664251,20.9835,0.708288,0.95,10,0.98,0,0
1774896440700,2026-03-30T20:47:20+02:00,idt2a,0,0.17056,7.86502,0.0672992,20.9585,0.702393,0.95,10,0.98,0,0
1774896443706,2026-03-30T20:47:23+02:00,idt2a,0,0.163143,7.91317,0.0681892,20.9747,0.6885,0.95,10,0.98,0,0
1774896446699,2026-03-30T20:47:26+02:00,idt2a,0,0.156539,7.84228,0.0685785,20.9756,0.705002,0.95,10,0.98,0,0
1774896449701,2026-03-30T20:47:29+02:00,idt2a,0,0.174246,7.64805,0.0676347,20.9745,0.713141,0.95,1,0.98,0,0
1774896452711,2026-03-30T20:47:32+02:00,idt2a,0,0.188124,7.73378,0.0674527,20.996,0.703301,0.95,10,0.98,0,0
1774896455706,2026-03-30T20:47:35+02:00,idt2a,0,0.199692,8.03289,0.0680881,21.0129,0.719149,0.95,10,0.98,0,0
1774896458706,2026-03-30T20:47:38+02:00,idt2a,0,0.201556,8.41411,0.0684522,20.9984,0.701334,0.95,10,0.98,0,0
1774896461699,2026-03-30T20:47:41+02:00,idt2a,0,0.208077,8.34972,0.0686006,21.0134,0.720422,0.95,10,0.98,0,0
1774896463683,2026-03-30T20:47:43+02:00,idt2a,0,0.197343,8.46734,0.0688489,20.9888,0.736848,0.95,10,0.98,0,0
1774896466683,2026-03-30T20:47:46+02:00,idt2a,0,0.191362,8.68771,0.0688742,21.0061,0.716801,0.95,1,0.98,0,0
1774896469683,2026-03-30T20:47:49+02:00,idt2a,0,0.206808,8.75212,0.0689014,20.9883,0.718751,0.95,10,0.98,0,0
1774896472683,2026-03-30T20:47:52+02:00,idt2a,0,0.20532,8.69901,0.0674338,21.0043,0.739597,0.95,10,0.98,0,0
1774896475715,2026-03-30T20:47:55+02:00,idt2a,0,0.196288,8.69219,0.0673202,21.0258,0.764477,0.95,10,0.98,0,0
1774896478688,2026-03-30T20:47:58+02:00,idt2a,0,0.197866,8.54164,0.0702313,21.0208,0.758021,0.95,10,0.98,0,0
1774896481688,2026-03-30T20:48:01+02:00,idt2a,0,0.195886,8.48959,0.068027,21.0132,0.755595,0.95,1,0.98,0,0
1774896484683,2026-03-30T20:48:04+02:00,idt2a,0,0.200477,8.5837,0.0698962,21.0217,0.747958,0.95,10,0.98,0,0
1774896487691,2026-03-30T20:48:07+02:00,idt2a,0,0.20126,8.95842,0.0723498,21.0214,0.766852,0.95,1,0.98,0,0
1774896490683,2026-03-30T20:48:10+02:00,idt2a,0,0.201106,9.10724,0.0731117,21.0484,0.750065,0.95,1,0.98,0,0
1774896493690,2026-03-30T20:48:13+02:00,idt2a,0,0.209039,9.22743,0.0747005,21.063,0.722171,0.95,10,0.98,0,0
1774896495660,2026-03-30T20:48:15+02:00,idt2a,0,0.219584,8.94342,0.0745389,21.0629,0.72328,0.95,1,0.98,0,0
1774896498666,2026-03-30T20:48:18+02:00,idt2a,0,0.224077,9.05948,0.0773334,21.0202,0.71903,0.95,1,0.98,0,0
1774896501667,2026-03-30T20:48:21+02:00,idt2a,0,0.206117,9.01235,0.0759371,21.037,0.740454,0.95,1,0.98,0,0
1774896504660,2026-03-30T20:48:24+02:00,idt2a,0,0.199822,9.18506,0.0755182,21.0558,0.735267,0.95,1,0.98,0,0
1774896507661,2026-03-30T20:48:27+02:00,idt2a,0,0.195756,9.67737,0.0768079,21.0515,0.711274,0.95,1,0.98,0,0
1774896510668,2026-03-30T20:48:30+02:00,idt2a,0,0.199623,9.91266,0.0769992,21.054,0.692294,0.95,10,0.98,0,0
1774896513663,2026-03-30T20:48:33+02:00,idt2a,0,0.202709,10.0264,0.0768619,21.0757,0.675176,0.95,10,0.98,0,0
1774896516660,2026-03-30T20:48:36+02:00,idt2a,0,0.199688,10.3083,0.0757888,21.0918,0.725634,0.95,1,0.98,0,0
1774896519660,2026-03-30T20:48:39+02:00,idt2a,0,0.198759,10.3502,0.0778203,21.1088,0.718246,0.95,10,0.98,0,0
1774896522664,2026-03-30T20:48:42+02:00,idt2a,0,0.195901,10.5681,0.0772153,21.133,0.672149,0.95,1,0.98,0,0
1774896524637,2026-03-30T20:48:44+02:00,idt2a,0,0.184705,10.6248,0.0774172,21.1307,0.642361,0.95,10,0.98,0,0
1774896527643,2026-03-30T20:48:47+02:00,idt2a,0,0.178047,10.6045,0.076229,21.1091,0.636905,0.95,10,0.98,0,0
1774896530634,2026-03-30T20:48:50+02:00,idt2a,0,0.188106,10.5673,0.0779164,21.1177,0.656065,0.95,1,0.98,0,0
1774896533644,2026-03-30T20:48:53+02:00,idt2a,0,0.192285,10.6294,0.0765108,21.0986,0.668626,0.95,1,0.98,0,0
1774896536650,2026-03-30T20:48:56+02:00,idt2a,0,0.197809,10.7716,0.0779249,21.0839,0.676283,0.95,10,0.98,0,0
1774896539636,2026-03-30T20:48:59+02:00,idt2a,0,0.207936,10.861,0.0785531,21.0821,0.679636,0.95,1,0.98,0,0
1774896542636,2026-03-30T20:49:02+02:00,idt2a,0,0.21095,11.0598,0.0783605,21.0695,0.67436,0.95,1,0.98,0,0
1774896545636,2026-03-30T20:49:05+02:00,idt2a,0,0.208078,11.1568,0.0750815,21.0981,0.679122,0.95,10,0.98,0,0
1774896548635,2026-03-30T20:49:08+02:00,idt2a,0,0.215065,10.9813,0.0749065,21.1029,0.663872,0.95,10,0.98,0,0
1774896551634,2026-03-30T20:49:11+02:00,idt2a,0,0.212836,11.1976,0.0771655,21.1284,0.657911,0.95,10,0.98,0,0
1774896554635,2026-03-30T20:49:14+02:00,idt2a,0,0.214675,11.193,0.0772531,21.1236,0.64302,0.95,10,0.98,0,0
1774896556631,2026-03-30T20:49:16+02:00,idt2a,0,0.209355,11.4633,0.0774465,21.1439,0.659963,0.95,10,0.98,0,0
1774896559629,2026-03-30T20:49:19+02:00,idt2a,0,0.215982,11.6162,0.0771962,21.152,0.663845,0.95,10,0.98,0,0
1774896562619,2026-03-30T20:49:22+02:00,idt2a,0,0.221534,11.546,0.0788593,21.1614,0.640135,0.95,10,0.98,0,0
1774896565619,2026-03-30T20:49:25+02:00,idt2a,0,0.20934,11.2944,0.0824842,21.1705,0.626112,0.95,10,0.98,0,0
1774896568620,2026-03-30T20:49:28+02:00,idt2a,0,0.209692,11.5018,0.0816733,21.1742,0.62688,0.95,10,0.98,0,0
1774896571619,2026-03-30T20:49:31+02:00,idt2a,0,0.211532,11.4794,0.0830933,21.1893,0.611158,0.95,1,0.98,0,0
1774896574619,2026-03-30T20:49:34+02:00,idt2a,0,0.222222,11.7717,0.0812934,21.1467,0.607442,0.95,10,0.98,0,0
1774896577619,2026-03-30T20:49:37+02:00,idt2a,0,0.23026,11.6951,0.0830584,21.1546,0.630311,0.95,1,0.98,0,0
1774896580620,2026-03-30T20:49:40+02:00,idt2a,0,0.223102,11.7256,0.0846513,21.1854,0.648344,0.95,1,0.98,0,0
1774896583621,2026-03-30T20:49:43+02:00,idt2a,0,0.232716,11.9383,0.0836964,21.1798,0.627209,0.95,10,0.98,0,0
1774896586619,2026-03-30T20:49:46+02:00,idt2a,0,0.238232,12.2726,0.0813993,21.1602,0.64214,0.95,10,0.98,0,0
1774896588598,2026-03-30T20:49:48+02:00,idt2a,0,0.249523,12.3922,0.0797218,21.1502,0.660366,0.95,10,0.98,0,0
1774896591599,2026-03-30T20:49:51+02:00,idt2a,0,0.249524,12.3838,0.0793389,21.1524,0.677897,0.95,10,0.98,0,0
1774896594599,2026-03-30T20:49:54+02:00,idt2a,0,0.246719,12.1486,0.0802511,21.1693,0.693167,0.95,10,0.98,0,0
1774896597597,2026-03-30T20:49:57+02:00,idt2a,0,0.237763,12.1997,0.0813217,21.163,0.684116,0.95,10,0.98,0,0
1774896600598,2026-03-30T20:50:00+02:00,idt2a,0,0.230011,11.8655,0.0800978,21.1835,0.712676,0.95,10,0.98,0,0
1774896603599,2026-03-30T20:50:03+02:00,idt2a,0,0.24204,11.8027,0.0820226,21.1946,0.70579,0.95,1,0.98,0,0
1774896606598,2026-03-30T20:50:06+02:00,idt2a,0,0.252906,11.8882,0.0834018,21.1975,0.712053,0.95,1,0.98,0,0
1774896609597,2026-03-30T20:50:09+02:00,idt2a,0,0.25071,11.9038,0.0851966,21.1977,0.695909,0.95,10,0.98,0,0
1774896612598,2026-03-30T20:50:12+02:00,idt2a,0,0.251003,11.8127,0.0865394,21.2001,0.707995,0.95,1,0.98,0,0
1774896615599,2026-03-30T20:50:15+02:00,idt2a,0,0.256087,11.8831,0.0858323,21.2381,0.701386,0.95,10,0.98,0,0
1774896618598,2026-03-30T20:50:18+02:00,idt2a,0,0.263017,11.9582,0.0878851,21.2225,0.705498,0.95,1,0.98,0,0
1774896620591,2026-03-30T20:50:20+02:00,idt2a,0,0.272054,12.1987,0.0907454,21.2169,0.702168,0.95,10,0.98,0,0
1774896623592,2026-03-30T20:50:23+02:00,idt2a,0,0.26283,12.5459,0.0906035,21.2081,0.68268,0.95,10,0.98,0,0
1774896626592,2026-03-30T20:50:26+02:00,idt2a,0,0.257778,12.8356,0.0902351,21.2304,0.651601,0.95,1,0.98,0,0
1774896629591,2026-03-30T20:50:29+02:00,idt2a,0,0.258101,12.9452,0.0892066,21.2098,0.67215,0.95,10,0.98,0,0
1774896632591,2026-03-30T20:50:32+02:00,idt2a,0,0.257876,13.1158,0.0863512,21.2147,0.704503,0.95,1,0.98,0,0
1774896635591,2026-03-30T20:50:35+02:00,idt2a,0,0.263285,12.9854,0.0842624,21.2146,0.686147,0.95,10,0.98,0,0
1774896638594,2026-03-30T20:50:38+02:00,idt2a,0,0.277241,13.0207,0.0823644,21.1969,0.68173,0.95,1,0.98,0,0
1774896641591,2026-03-30T20:50:41+02:00,idt2a,0,0.287338,13.0676,0.0828712,21.2229,0.665286,0.95,10,0.98,0,0
1774896644592,2026-03-30T20:50:44+02:00,idt2a,0,0.29225,12.6486,0.0812285,21.2439,0.67394,0.95,1,0.98,0,0
1774896647592,2026-03-30T20:50:47+02:00,idt2a,0,0.27903,12.785,0.0807975,21.2286,0.723294,0.95,10,0.98,0,0
1774896649578,2026-03-30T20:50:49+02:00,idt2a,0,0.279441,12.5667,0.0778763,21.2127,0.710358,0.95,10,0.98,0,0
1774896652592,2026-03-30T20:50:52+02:00,idt2a,0,0.267023,12.5436,0.0770787,21.2269,0.701583,0.95,1,0.98,0,0
1774896655577,2026-03-30T20:50:55+02:00,idt2a,0,0.267713,12.5522,0.0759316,21.2335,0.705981,0.95,10,0.98,0,0
1774896658578,2026-03-30T20:50:58+02:00,idt2a,0,0.263039,12.5841,0.0766984,21.244,0.719427,0.95,10,0.98,0,0
1774896661578,2026-03-30T20:51:01+02:00,idt2a,0,0.266241,12.5105,0.0777088,21.26,0.708818,0.95,1,0.98,0,0
1774896664592,2026-03-30T20:51:04+02:00,idt2a,0,0.258826,12.561,0.0760427,21.2727,0.685757,0.95,10,0.98,0,0
1774896667577,2026-03-30T20:51:07+02:00,idt2a,0,0.258157,12.5121,0.0807263,21.2759,0.68866,0.95,1,0.98,0,0
1774896670576,2026-03-30T20:51:10+02:00,idt2a,0,0.257589,12.759,0.0795928,21.2686,0.698435,0.95,10,0.98,0,0
1774896673579,2026-03-30T20:51:13+02:00,idt2a,0,0.273043,12.5624,0.0776394,21.2812,0.661223,0.95,1,0.98,0,0
1774896676591,2026-03-30T20:51:16+02:00,idt2a,0,0.276935,12.8768,0.0775841,21.2937,0.667539,0.95,10,0.98,0,0
1774896679577,2026-03-30T20:51:19+02:00,idt2a,0,0.281219,12.9099,0.0769562,21.3058,0.68772,0.95,10,0.98,0,0
1774896681562,2026-03-30T20:51:21+02:00,idt2a,0,0.291199,13.2076,0.0762771,21.3099,0.720115,0.95,1,0.98,0,0
1774896684565,2026-03-30T20:51:24+02:00,idt2a,0,0.31301,13.0428,0.0739018,21.318,0.704137,0.95,1,0.98,0,0
1774896687576,2026-03-30T20:51:27+02:00,idt2a,0,0.310473,12.8344,0.0736419,21.3102,0.729908,0.95,1,0.98,0,0
1774896690562,2026-03-30T20:51:30+02:00,idt2a,0,0.316012,12.667,0.0761479,21.3224,0.701524,0.95,10,0.98,0,0
1774896693562,2026-03-30T20:51:33+02:00,idt2a,0,0.308213,12.6504,0.0791039,21.3165,0.701407,0.95,10,0.98,0,0
1774896696563,2026-03-30T20:51:36+02:00,idt2a,0,0.30723,12.5413,0.0797631,21.2996,0.701672,0.95,10,0.98,0,0
1774896699562,2026-03-30T20:51:39+02:00,idt2a,0,0.310951,12.6638,0.079713,21.296,0.688742,0.95,10,0.98,0,0
1774896702562,2026-03-30T20:51:42+02:00,idt2a,0,0.307505,12.8278,0.0795468,21.3087,0.70192,0.95,1,0.98,0,0
1774896705563,2026-03-30T20:51:45+02:00,idt2a,0,0.309939,12.6658,0.079932,21.3207,0.708036,0.95,1,0.98,0,0
1774896708563,2026-03-30T20:51:48+02:00,idt2a,0,0.313579,12.9909,0.0850453,21.3284,0.659588,0.95,10,0.98,0,0
1774896711562,2026-03-30T20:51:51+02:00,idt2a,0,0.319299,13.0589,0.0873463,21.3289,0.644551,0.95,10,0.98,0,0
1774896713555,2026-03-30T20:51:53+02:00,idt2a,0,0.330127,13.0904,0.0871547,21.3264,0.656617,0.95,1,0.98,0,0
1774896716555,2026-03-30T20:51:56+02:00,idt2a,0,0.334245,13.1249,0.0877205,21.3244,0.635702,0.95,1,0.98,0,0
1774896719557,2026-03-30T20:51:59+02:00,idt2a,0,0.343923,13.0783,0.0912638,21.36,0.641436,0.95,10,0.98,0,0
1774896722555,2026-03-30T20:52:02+02:00,idt2a,0,0.336804,13.2285,0.0910041,21.3346,0.636589,0.95,10,0.98,0,0
1774896725562,2026-03-30T20:52:05+02:00,idt2a,0,0.338064,13.2274,0.086723,21.3363,0.657517,0.95,1,0.98,0,0
1774896728556,2026-03-30T20:52:08+02:00,idt2a,0,0.349162,13.4477,0.0865231,21.3298,0.668017,0.95,1,0.98,0,0
1774896731556,2026-03-30T20:52:11+02:00,idt2a,0,0.348329,13.7012,0.0843442,21.3403,0.681394,0.95,1,0.98,0,0
1774896734555,2026-03-30T20:52:14+02:00,idt2a,0,0.347507,13.622,0.0862015,21.3194,0.673926,0.95,1,0.98,0,0
1774896737556,2026-03-30T20:52:17+02:00,idt2a,0,0.361383,13.3309,0.0858066,21.3055,0.69266,0.95,1,0.98,0,0
1774896740555,2026-03-30T20:52:20+02:00,idt2a,0,0.361878,13.3423,0.0878117,21.2931,0.71114,0.95,10,0.98,0,0
1774896743556,2026-03-30T20:52:23+02:00,idt2a,0,0.357293,13.3911,0.0924109,21.3079,0.735519,0.95,10,0.98,0,0
1774896745544,2026-03-30T20:52:25+02:00,idt2a,0,0.35545,13.4712,0.0945255,21.3053,0.738226,0.95,1,0.98,0,0
1774896748542,2026-03-30T20:52:28+02:00,idt2a,0,0.347835,13.9776,0.095538,21.3018,0.742984,0.95,10,0.98,0,0
1774896751543,2026-03-30T20:52:31+02:00,idt2a,0,0.347928,14.1978,0.0965075,21.3357,0.743834,0.95,10,0.98,0,0
1774896754542,2026-03-30T20:52:34+02:00,idt2a,0,0.347201,14.2702,0.098077,21.3309,0.749823,0.95,10,0.98,0,0
1774896757544,2026-03-30T20:52:37+02:00,idt2a,0,0.348211,14.1128,0.0941845,21.3245,0.747873,0.95,10,0.98,0,0
1774896760543,2026-03-30T20:52:40+02:00,idt2a,0,0.349986,14.2043,0.0920021,21.3619,0.716955,0.95,10,0.98,0,0
1774896763543,2026-03-30T20:52:43+02:00,idt2a,0,0.34353,14.0432,0.0920057,21.3216,0.72202,0.95,10,0.98,0,0
1774896766544,2026-03-30T20:52:46+02:00,idt2a,0,0.347791,14.2827,0.0930111,21.3146,0.746654,0.95,10,0.98,0,0
1774896769556,2026-03-30T20:52:49+02:00,idt2a,0,0.34557,14.5175,0.0908464,21.289,0.780063,0.95,10,0.98,0,0
1774896772542,2026-03-30T20:52:52+02:00,idt2a,0,0.341679,14.8774,0.0917439,21.2802,0.783619,0.95,1,0.98,0,0
1774896774554,2026-03-30T20:52:54+02:00,idt2a,0,0.348078,14.6204,0.0898586,21.2638,0.784372,0.95,10,0.98,0,0
1774896777555,2026-03-30T20:52:57+02:00,idt2a,0,0.33532,14.8054,0.0899777,21.2635,0.792683,0.95,1,0.98,0,0
1774896780569,2026-03-30T20:53:00+02:00,idt2a,0,0.335689,14.7202,0.0924191,21.2842,0.797492,0.95,1,0.98,0,0
1774896783554,2026-03-30T20:53:03+02:00,idt2a,0,0.331684,14.7066,0.0941304,21.2539,0.80281,0.95,10,0.98,0,0
1774896786553,2026-03-30T20:53:06+02:00,idt2a,0,0.337203,14.7184,0.095889,21.2156,0.793513,0.95,10,0.98,0,0
1774896789556,2026-03-30T20:53:09+02:00,idt2a,0,0.334839,14.644,0.100724,21.2229,0.783587,0.95,1,0.98,0,0
1774896792554,2026-03-30T20:53:12+02:00,idt2a,0,0.330059,14.6216,0.100042,21.2241,0.766936,0.95,1,0.98,0,0
1774896795554,2026-03-30T20:53:15+02:00,idt2a,0,0.32544,15.07,0.10035,21.2459,0.764428,0.95,10,0.98,0,0
1774896798554,2026-03-30T20:53:18+02:00,idt2a,0,0.322693,15.1129,0.10052,21.2454,0.759213,0.95,10,0.98,0,0
1774896801555,2026-03-30T20:53:21+02:00,idt2a,0,0.322968,15.2067,0.100255,21.2709,0.76655,0.95,1,0.98,0,0
1774896804553,2026-03-30T20:53:24+02:00,idt2a,0,0.322106,15.4402,0.101178,21.2402,0.753516,0.95,10,0.98,0,0
1774896806547,2026-03-30T20:53:26+02:00,idt2a,0,0.314029,15.2019,0.102421,21.2459,0.741991,0.95,10,0.98,0,0
1774896809547,2026-03-30T20:53:29+02:00,idt2a,0,0.313825,15.0612,0.101398,21.2496,0.734041,0.95,10,0.98,0,0
1774896812549,2026-03-30T20:53:32+02:00,idt2a,0,0.320724,15.1696,0.102327,21.2484,0.730967,0.95,10,0.98,0,0
1774896815549,2026-03-30T20:53:35+02:00,idt2a,0,0.318933,14.992,0.102571,21.2308,0.720152,0.95,1,0.98,0,0
1774896818547,2026-03-30T20:53:38+02:00,idt2a,0,0.31416,15.1318,0.100338,21.2264,0.713906,0.95,1,0.98,0,0
1774896821547,2026-03-30T20:53:41+02:00,idt2a,0,0.309354,15.2182,0.0995698,21.2148,0.710366,0.95,10,0.98,0,0
1774896824548,2026-03-30T20:53:44+02:00,idt2a,0,0.307037,15.0139,0.0960743,21.2132,0.715769,0.95,10,0.98,0,0
1774896827550,2026-03-30T20:53:47+02:00,idt2a,0,0.306733,14.8123,0.096937,21.2126,0.699918,0.95,1,0.98,0,0
1774896830548,2026-03-30T20:53:50+02:00,idt2a,0,0.299149,15.1219,0.100286,21.2222,0.712139,0.95,10,0.98,0,0
1774896833547,2026-03-30T20:53:53+02:00,idt2a,0,0.293921,14.9719,0.0989312,21.1992,0.715336,0.95,1,0.98,0,0
1774896836549,2026-03-30T20:53:56+02:00,idt2a,0,0.29442,14.6763,0.100398,21.1803,0.737765,0.95,10,0.98,0,0
1774896838551,2026-03-30T20:53:58+02:00,idt2a,0,0.28361,14.9654,0.102376,21.1952,0.718236,0.95,10,0.98,0,0
1774896841542,2026-03-30T20:54:01+02:00,idt2a,0,0.292857,14.9695,0.101333,21.1806,0.724277,0.95,10,0.98,0,0
1774896844542,2026-03-30T20:54:04+02:00,idt2a,0,0.295335,14.782,0.100994,21.1605,0.689905,0.95,10,0.98,0,0
1774896847543,2026-03-30T20:54:07+02:00,idt2a,0,0.291196,15.0123,0.1022,21.1786,0.698197,0.95,1,0.98,0,0
1774896850544,2026-03-30T20:54:10+02:00,idt2a,0,0.300162,14.8709,0.101265,21.1832,0.660367,0.95,1,0.98,0,0
1774896853542,2026-03-30T20:54:13+02:00,idt2a,0,0.303888,14.9472,0.10258,21.1609,0.648432,0.95,10,0.98,0,0
1774896856541,2026-03-30T20:54:16+02:00,idt2a,0,0.3016,15.1493,0.102035,21.1419,0.669814,0.95,10,0.98,0,0
1774896859543,2026-03-30T20:54:19+02:00,idt2a,0,0.312127,15.0044,0.101043,21.1928,0.689591,0.95,1,0.98,0,0
1774896862542,2026-03-30T20:54:22+02:00,idt2a,0,0.315652,15.1364,0.098682,21.212,0.677342,0.95,1,0.98,0,0
1774896865549,2026-03-30T20:54:25+02:00,idt2a,0,0.31788,15.2107,0.0992593,21.2537,0.645615,0.95,10,0.98,0,0
1774896868542,2026-03-30T20:54:28+02:00,idt2a,0,0.314771,15.4036,0.100916,21.2822,0.666473,0.95,10,0.98,0,0
1774896870544,2026-03-30T20:54:30+02:00,idt2a,0,0.323956,15.4441,0.101252,21.2705,0.644766,0.95,10,0.98,0,0
1774896873545,2026-03-30T20:54:33+02:00,idt2a,0,0.328666,15.3743,0.103077,21.2787,0.651716,0.95,10,0.98,0,0
1774896876557,2026-03-30T20:54:36+02:00,idt2a,0,0.331567,15.3851,0.103158,21.2534,0.700709,0.95,10,0.98,0,0
1774896879543,2026-03-30T20:54:39+02:00,idt2a,0,0.336777,15.4374,0.101323,21.2488,0.701776,0.95,1,0.98,0,0
1774896882590,2026-03-30T20:54:42+02:00,idt2a,0,0.343808,15.3118,0.100505,21.2676,0.706499,0.95,1,0.98,0,0
1774896885542,2026-03-30T20:54:45+02:00,idt2a,0,0.339974,15.498,0.0987099,21.2702,0.698892,0.95,10,0.98,0,0
1774896888543,2026-03-30T20:54:48+02:00,idt2a,0,0.35068,15.488,0.095655,21.2697,0.697842,0.95,10,0.98,0,0
1774896891544,2026-03-30T20:54:51+02:00,idt2a,0,0.352509,15.7401,0.0957239,21.2507,0.693607,0.95,1,0.98,0,0
1774896894589,2026-03-30T20:54:54+02:00,idt2a,0,0.357082,15.7064,0.0988765,21.2244,0.683967,0.95,10,0.98,0,0
1774896897542,2026-03-30T20:54:57+02:00,idt2a,0,0.357944,15.6021,0.0989524,21.2206,0.656182,0.95,10,0.98,0,0
1774896899546,2026-03-30T20:54:59+02:00,idt2a,0,0.358836,15.5477,0.0988591,21.2028,0.645993,0.95,10,0.98,0,0
1774896902546,2026-03-30T20:55:02+02:00,idt2a,0,0.341552,15.4941,0.0967935,21.2301,0.616116,0.95,10,0.98,0,0
1774896905550,2026-03-30T20:55:05+02:00,idt2a,0,0.353585,15.3758,0.0982307,21.2381,0.639981,0.95,10,0.98,0,0
1774896908560,2026-03-30T20:55:08+02:00,idt2a,0,0.346766,15.4258,0.0995703,21.2279,0.607774,0.95,10,0.98,0,0
1774896911557,2026-03-30T20:55:11+02:00,idt2a,0,0.346495,15.4442,0.100704,21.2182,0.605459,0.95,10,0.98,0,0
1774896914546,2026-03-30T20:55:14+02:00,idt2a,0,0.353275,15.552,0.100556,21.2122,0.596991,0.95,10,0.98,0,0
1774896917570,2026-03-30T20:55:17+02:00,idt2a,0,0.34965,15.6171,0.103677,21.1872,0.593751,0.95,10,0.98,0,0
1774896920560,2026-03-30T20:55:20+02:00,idt2a,0,0.343343,16.1185,0.102031,21.1779,0.593009,0.95,10,0.98,0,0
1774896923554,2026-03-30T20:55:23+02:00,idt2a,0,0.346676,16.1779,0.102495,21.2152,0.597052,0.95,10,0.98,0,0
1774896926546,2026-03-30T20:55:26+02:00,idt2a,0,0.333417,16.2521,0.103244,21.1973,0.614372,0.95,10,0.98,0,0
1774896929554,2026-03-30T20:55:29+02:00,idt2a,0,0.337231,16.0513,0.103062,21.1887,0.628269,0.95,1,0.98,0,0
1774896931568,2026-03-30T20:55:31+02:00,idt2a,0,0.338084,16.0607,0.104183,21.1892,0.605378,0.95,10,0.98,0,0
1774896934555,2026-03-30T20:55:34+02:00,idt2a,0,0.340195,16.0266,0.107245,21.1953,0.607517,0.95,10,0.98,0,0
1774896937555,2026-03-30T20:55:37+02:00,idt2a,0,0.338869,16.2557,0.104441,21.1822,0.621712,0.95,10,0.98,0,0
1774896940597,2026-03-30T20:55:40+02:00,idt2a,0,0.333677,16.6229,0.106286,21.2124,0.618361,0.95,1,0.98,0,0
1774896943569,2026-03-30T20:55:43+02:00,idt2a,0,0.333509,16.7258,0.103576,21.2036,0.601454,0.95,10,0.98,0,0
1774896946555,2026-03-30T20:55:46+02:00,idt2a,0,0.33894,17.0823,0.103917,21.2091,0.579773,0.95,10,0.98,0,0
1774896949555,2026-03-30T20:55:49+02:00,idt2a,0,0.347093,17.1838,0.10173,21.1975,0.620275,0.95,1,0.98,0,0
1774896952602,2026-03-30T20:55:52+02:00,idt2a,0,0.347257,17.433,0.0978382,21.1874,0.601241,0.95,10,0.98,0,0
1774896955571,2026-03-30T20:55:55+02:00,idt2a,0,0.347436,17.3716,0.1005,21.1832,0.621981,0.95,1,0.98,0,0
1774896958560,2026-03-30T20:55:58+02:00,idt2a,0,0.348792,17.5277,0.101487,21.2045,0.642794,0.95,10,0.98,0,0
1774896961554,2026-03-30T20:56:01+02:00,idt2a,0,0.345702,17.3287,0.0987409,21.1648,0.639273,0.95,10,0.98,0,0
1774896963587,2026-03-30T20:56:03+02:00,idt2a,0,0.341455,17.2928,0.0975631,21.1633,0.624814,0.95,10,0.98,0,0
1774896966591,2026-03-30T20:56:06+02:00,idt2a,0,0.348993,17.4534,0.0966162,21.1655,0.640554,0.95,10,0.98,0,0
1774896969585,2026-03-30T20:56:09+02:00,idt2a,0,0.343207,17.5038,0.0987808,21.1828,0.618164,0.95,1,0.98,0,0
1774896972585,2026-03-30T20:56:12+02:00,idt2a,0,0.349181,17.6503,0.0998022,21.2005,0.593772,0.95,10,0.98,0,0
1774896975618,2026-03-30T20:56:15+02:00,idt2a,0,0.341743,17.3853,0.101435,21.1692,0.600703,0.95,1,0.98,0,0
1774896978585,2026-03-30T20:56:18+02:00,idt2a,0,0.347214,17.1159,0.101365,21.1738,0.623464,0.95,10,0.98,0,0
1774896981585,2026-03-30T20:56:21+02:00,idt2a,0,0.342497,17.0912,0.0990241,21.1631,0.644192,0.95,10,0.98,0,0
1774896984585,2026-03-30T20:56:24+02:00,idt2a,0,0.348768,17.0463,0.0993992,21.1519,0.642265,0.95,1,0.98,0,0
1774896987587,2026-03-30T20:56:27+02:00,idt2a,0,0.345058,16.9974,0.0982349,21.117,0.647695,0.95,1,0.98,0,0
1774896990585,2026-03-30T20:56:30+02:00,idt2a,0,0.345374,17.1228,0.0997842,21.0961,0.632029,0.95,10,0.98,0,0
1774896993585,2026-03-30T20:56:33+02:00,idt2a,0,0.347584,16.9279,0.0999594,21.0939,0.619294,0.95,10,0.98,0,0
1774896995623,2026-03-30T20:56:35+02:00,idt2a,0,0.34047,16.9527,0.0989146,21.0887,0.611301,0.95,10,0.98,0,0
1774896998625,2026-03-30T20:56:38+02:00,idt2a,0,0.34307,16.8713,0.0979188,21.1057,0.584601,0.95,10,0.98,0,0
1774897001639,2026-03-30T20:56:41+02:00,idt2a,0,0.3523,17.1282,0.0963218,21.1078,0.570649,0.95,10,0.98,0,0
1774897004624,2026-03-30T20:56:44+02:00,idt2a,0,0.361766,16.9807,0.0956322,21.106,0.599471,0.95,10,0.98,0,0
1774897007624,2026-03-30T20:56:47+02:00,idt2a,0,0.358881,17.0232,0.0940022,21.0963,0.600789,0.95,10,0.98,0,0
1774897010635,2026-03-30T20:56:50+02:00,idt2a,0,0.371768,17.1638,0.0938875,21.0928,0.604531,0.95,10,0.98,0,0
1774897013623,2026-03-30T20:56:53+02:00,idt2a,0,0.373731,17.3652,0.0934375,21.053,0.579736,0.95,10,0.98,0,0
1774897016624,2026-03-30T20:56:56+02:00,idt2a,0,0.376943,17.2711,0.0943037,21.0517,0.595568,0.95,10,0.98,0,0
1774897019624,2026-03-30T20:56:59+02:00,idt2a,0,0.3808,17.6428,0.0969889,21.0367,0.609148,0.95,1,0.98,0,0
1774897022624,2026-03-30T20:57:02+02:00,idt2a,0,0.392422,17.3436,0.0968822,21.0474,0.617137,0.95,1,0.98,0,0
1774897024642,2026-03-30T20:57:04+02:00,idt2a,0,0.404912,17.5082,0.0975403,21.0651,0.623924,0.95,10,0.98,0,0
1774897027641,2026-03-30T20:57:07+02:00,idt2a,0,0.408122,17.4175,0.0991797,21.0696,0.630594,0.95,10,0.98,0,0
1774897030641,2026-03-30T20:57:10+02:00,idt2a,0,0.402512,17.695,0.100003,21.0896,0.633691,0.95,10,0.98,0,0
1774897033664,2026-03-30T20:57:13+02:00,idt2a,0,0.396161,17.4181,0.100535,21.1021,0.647194,0.95,10,0.98,0,0
1774897036656,2026-03-30T20:57:16+02:00,idt2a,0,0.382591,17.4655,0.099145,21.0951,0.64785,0.95,1,0.98,0,0
1774897039642,2026-03-30T20:57:19+02:00,idt2a,0,0.385943,17.3034,0.096985,21.1015,0.64495,0.95,1,0.98,0,0
1774897042642,2026-03-30T20:57:22+02:00,idt2a,0,0.391785,17.4474,0.097732,21.1185,0.652237,0.95,10,0.98,0,0
1774897045643,2026-03-30T20:57:25+02:00,idt2a,0,0.405975,17.206,0.0994729,21.1449,0.682592,0.95,10,0.98,0,0
1774897048654,2026-03-30T20:57:28+02:00,idt2a,0,0.417495,17.3138,0.0997691,21.1618,0.70209,0.95,1,0.98,0,0
1774897051642,2026-03-30T20:57:31+02:00,idt2a,0,0.410192,17.4821,0.0997558,21.1564,0.688745,0.95,1,0.98,0,0
1774897054642,2026-03-30T20:57:34+02:00,idt2a,0,0.409496,17.5511,0.100881,21.1334,0.721669,0.95,1,0.98,0,0
1774897056660,2026-03-30T20:57:36+02:00,idt2a,0,0.410337,17.6293,0.102599,21.1215,0.72001,0.95,1,0.98,0,0
1774897059659,2026-03-30T20:57:39+02:00,idt2a,0,0.408613,17.7477,0.101932,21.0997,0.718836,0.95,10,0.98,0,0
1774897062659,2026-03-30T20:57:42+02:00,idt2a,0,0.407932,18.0842,0.100509,21.1099,0.753698,0.95,10,0.98,0,0
1774897065660,2026-03-30T20:57:45+02:00,idt2a,0,0.413595,18.0595,0.0995068,21.074,0.757786,0.95,1,0.98,0,0
1774897068663,2026-03-30T20:57:48+02:00,idt2a,0,0.416655,17.9992,0.101558,21.0761,0.757926,0.95,10,0.98,0,0
1774897071658,2026-03-30T20:57:51+02:00,idt2a,0,0.436269,18.0815,0.101726,21.0639,0.756597,0.95,10,0.98,0,0
1774897074667,2026-03-30T20:57:54+02:00,idt2a,0,0.433439,17.9086,0.099653,21.0728,0.753996,0.95,10,0.98,0,0
1774897077659,2026-03-30T20:57:57+02:00,idt2a,0,0.428536,17.8334,0.0991831,21.0698,0.734266,0.95,10,0.98,0,0
1774897080691,2026-03-30T20:58:00+02:00,idt2a,0,0.433492,17.947,0.0950434,21.0696,0.738326,0.95,10,0.98,0,0
1774897083672,2026-03-30T20:58:03+02:00,idt2a,0,0.432614,18.2752,0.0957242,21.0702,0.774546,0.95,10,0.98,0,0
1774897086659,2026-03-30T20:58:06+02:00,idt2a,0,0.426103,18.0628,0.0958027,21.0648,0.768869,0.95,10,0.98,0,0
1774897088674,2026-03-30T20:58:08+02:00,idt2a,0,0.427041,18.1627,0.0972395,21.0565,0.78063,0.95,10,0.98,0,0
1774897091676,2026-03-30T20:58:11+02:00,idt2a,0,0.419675,18.1942,0.094856,21.0571,0.758744,0.95,10,0.98,0,0
1774897094675,2026-03-30T20:58:14+02:00,idt2a,0,0.420662,18.5402,0.0933239,21.0395,0.771042,0.95,10,0.98,0,0
1774897097675,2026-03-30T20:58:17+02:00,idt2a,0,0.425721,18.5869,0.094177,21.0192,0.786458,0.95,10,0.98,0,0
1774897100675,2026-03-30T20:58:20+02:00,idt2a,0,0.430867,18.3696,0.0894558,20.9965,0.792889,0.95,10,0.98,0,0
1774897103676,2026-03-30T20:58:23+02:00,idt2a,0,0.427115,18.3175,0.0868649,21.0068,0.784147,0.95,1,0.98,0,0
1774897106688,2026-03-30T20:58:26+02:00,idt2a,0,0.43454,18.5479,0.0877183,20.9961,0.774357,0.95,1,0.98,0,0
1774897109675,2026-03-30T20:58:29+02:00,idt2a,0,0.4333,18.9005,0.0908746,20.9849,0.757236,0.95,10,0.98,0,0
1774897112675,2026-03-30T20:58:32+02:00,idt2a,0,0.443335,19.0605,0.0883253,20.9591,0.772643,0.95,10,0.98,0,0
1774897115676,2026-03-30T20:58:35+02:00,idt2a,0,0.448884,18.916,0.0874328,20.9617,0.827402,0.95,1,0.98,0,0
1774897118688,2026-03-30T20:58:38+02:00,idt2a,0,0.46306,18.9749,0.0873656,20.9553,0.821983,0.95,10,0.98,0,0
1774897120745,2026-03-30T20:58:40+02:00,idt2a,0,0.45928,19.1742,0.0890779,20.9549,0.860176,0.95,10,0.98,0,0
1774897123745,2026-03-30T20:58:43+02:00,idt2a,0,0.468429,19.2156,0.0911445,20.9768,0.866561,0.95,10,0.98,0,0
1774897126746,2026-03-30T20:58:46+02:00,idt2a,0,0.47422,18.9016,0.0885534,21.0176,0.880124,0.95,10,0.98,0,0
1774897129758,2026-03-30T20:58:49+02:00,idt2a,0,0.477886,18.8095,0.0900266,21.0012,0.862234,0.95,10,0.98,0,0
1774897132752,2026-03-30T20:58:52+02:00,idt2a,0,0.482289,18.7277,0.0898786,21.0222,0.869372,0.95,10,0.98,0,0
1774897135745,2026-03-30T20:58:55+02:00,idt2a,0,0.476104,18.6317,0.0878597,20.9981,0.924697,0.95,1,0.98,0,0
1774897138771,2026-03-30T20:58:58+02:00,idt2a,0,0.466402,18.851,0.0852576,20.9965,0.956995,0.95,1,0.98,0,0
1774897141756,2026-03-30T20:59:01+02:00,idt2a,0,0.466336,18.7861,0.0834586,21.0025,0.964249,0.95,10,0.98,0,0
1774897144758,2026-03-30T20:59:04+02:00,idt2a,0,0.469336,19.0583,0.0820905,21.0159,0.97547,0.95,10,0.98,0,0
1774897147746,2026-03-30T20:59:07+02:00,idt2a,0,0.455012,19.1951,0.0798225,21.0292,0.976493,0.95,1,0.98,0,0
1774897149770,2026-03-30T20:59:09+02:00,idt2a,0,0.447261,19.3861,0.0794916,21.0135,1.00824,0.95,1,0.98,0,0
1774897152779,2026-03-30T20:59:12+02:00,idt2a,0,0.445051,19.3884,0.0825065,20.9954,0.9806,0.95,1,0.98,0,0
1774897155792,2026-03-30T20:59:15+02:00,idt2a,0,0.444885,19.6033,0.0800445,20.9833,0.985801,0.95,10,0.98,0,0
1774897158771,2026-03-30T20:59:18+02:00,idt2a,0,0.445984,19.7668,0.0805921,20.9929,1.00915,0.95,10,0.98,0,0
1774897161770,2026-03-30T20:59:21+02:00,idt2a,0,0.452509,19.5631,0.0812917,20.9736,1.05351,0.95,1,0.98,0,0
1774897164770,2026-03-30T20:59:24+02:00,idt2a,0,0.459823,19.5156,0.0823552,20.9921,1.06457,0.95,10,0.98,0,0
1774897167771,2026-03-30T20:59:27+02:00,idt2a,0,0.452625,19.7306,0.0822993,20.9897,1.07421,0.95,1,0.98,0,0
1774897170770,2026-03-30T20:59:30+02:00,idt2a,0,0.440769,19.6665,0.0805337,20.9812,1.0465,0.95,1,0.98,0,0
1774897173787,2026-03-30T20:59:33+02:00,idt2a,0,0.445959,19.6362,0.0796656,21.0061,1.05674,0.95,10,0.98,0,0
1774897176785,2026-03-30T20:59:36+02:00,idt2a,0,0.458322,19.6807,0.0815433,21.0142,1.05087,0.95,10,0.98,0,0
1774897179770,2026-03-30T20:59:39+02:00,idt2a,0,0.454103,19.7442,0.0804582,21.024,1.0649,0.95,10,0.98,0,0
1774897181793,2026-03-30T20:59:41+02:00,idt2a,0,0.435419,19.826,0.0784472,21.0407,1.08063,0.95,10,0.98,0,0
1774897184795,2026-03-30T20:59:44+02:00,idt2a,0,0.433624,20.074,0.0773766,21.0364,1.10795,0.95,1,0.98,0,0
1774897187793,2026-03-30T20:59:47+02:00,idt2a,0,0.438798,20.181,0.0776216,21.0354,1.10172,0.95,1,0.98,0,0
1774897190800,2026-03-30T20:59:50+02:00,idt2a,0,0.435709,20.1546,0.0765272,21.0584,1.112,0.95,1,0.98,0,0
1774897193794,2026-03-30T20:59:53+02:00,idt2a,0,0.434549,20.3768,0.0757788,21.041,1.12532,0.95,1,0.98,0,0
1774897196802,2026-03-30T20:59:56+02:00,idt2a,0,0.444082,20.3836,0.0755173,21.0134,1.14587,0.95,1,0.98,0,0
1774897199799,2026-03-30T20:59:59+02:00,idt2a,0,0.452148,20.5818,0.0761723,21.0074,1.12991,0.95,10,0.98,0,0
1774897202793,2026-03-30T21:00:02+02:00,idt2a,0,0.447194,20.4839,0.0773212,20.9946,1.1192,0.95,10,0.98,0,0
1774897205792,2026-03-30T21:00:05+02:00,idt2a,0,0.453701,20.5079,0.076359,20.979,1.11728,0.95,10,0.98,0,0
1774897208795,2026-03-30T21:00:08+02:00,idt2a,0,0.459805,20.4207,0.0776715,20.9687,1.12638,0.95,1,0.98,0,0
1774897211794,2026-03-30T21:00:11+02:00,idt2a,0,0.463268,20.2726,0.0777379,20.9878,1.12508,0.95,1,0.98,0,0
1774897213823,2026-03-30T21:00:13+02:00,idt2a,0,0.467239,20.4474,0.0755556,20.9576,1.16127,0.95,10,0.98,0,0
1774897216823,2026-03-30T21:00:16+02:00,idt2a,0,0.458605,20.3092,0.0733864,20.9677,1.14712,0.95,10,0.98,0,0
1774897219831,2026-03-30T21:00:19+02:00,idt2a,0,0.455125,20.4425,0.0703778,20.9766,1.13512,0.95,10,0.98,0,0
1774897222824,2026-03-30T21:00:22+02:00,idt2a,0,0.447564,20.54,0.0713183,20.9832,1.12879,0.95,10,0.98,0,0
1774897225823,2026-03-30T21:00:25+02:00,idt2a,0,0.459843,20.7136,0.0716234,20.9804,1.10112,0.95,10,0.98,0,0
1774897228824,2026-03-30T21:00:28+02:00,idt2a,0,0.46243,20.4571,0.0725638,20.9881,1.09038,0.95,10,0.98,0,0
1774897231871,2026-03-30T21:00:31+02:00,idt2a,0,0.468088,20.6478,0.0721455,20.99,1.08696,0.95,1,0.98,0,0
1774897234824,2026-03-30T21:00:34+02:00,idt2a,0,0.472025,20.8663,0.0699864,20.9891,1.08928,0.95,10,0.98,0,0
1774897237824,2026-03-30T21:00:37+02:00,idt2a,0,0.473244,20.8267,0.0718186,21.0139,1.09468,0.95,10,0.98,0,0
1774897240824,2026-03-30T21:00:40+02:00,idt2a,0,0.479222,20.7861,0.0714544,20.9739,1.06263,0.95,1,0.98,0,0
1774897243825,2026-03-30T21:00:43+02:00,idt2a,0,0.482135,20.911,0.0712332,20.9538,1.09077,0.95,1,0.98,0,0
1774897245844,2026-03-30T21:00:45+02:00,idt2a,0,0.494688,20.9361,0.0738219,20.9539,1.11152,0.95,1,0.98,0,0
1774897248842,2026-03-30T21:00:48+02:00,idt2a,0,0.491687,21.0004,0.0726757,20.9762,1.10139,0.95,10,0.98,0,0
1774897251842,2026-03-30T21:00:51+02:00,idt2a,0,0.483386,21.2304,0.074205,20.9774,1.09668,0.95,10,0.98,0,0
1774897254848,2026-03-30T21:00:54+02:00,idt2a,0,0.481567,21.2577,0.0731013,20.9612,1.09408,0.95,10,0.98,0,0
1774897257844,2026-03-30T21:00:57+02:00,idt2a,0,0.487686,21.5123,0.0739361,20.9278,1.07916,0.95,1,0.98,0,0
1774897260843,2026-03-30T21:01:00+02:00,idt2a,0,0.482698,21.3039,0.0754561,20.9348,1.05746,0.95,1,0.98,0,0
1774897263842,2026-03-30T21:01:03+02:00,idt2a,0,0.481109,21.434,0.0759856,20.9367,1.05662,0.95,10,0.98,0,0
1774897266863,2026-03-30T21:01:06+02:00,idt2a,0,0.470126,21.4002,0.0774603,20.9315,1.04241,0.95,10,0.98,0,0
1774897269857,2026-03-30T21:01:09+02:00,idt2a,0,0.452164,21.2365,0.0777203,20.8993,1.04427,0.95,1,0.98,0,0
1774897272843,2026-03-30T21:01:12+02:00,idt2a,0,0.453855,21.2233,0.0787999,20.9168,1.05741,0.95,1,0.98,0,0
1774897274994,2026-03-30T21:01:14+02:00,idt2a,0,0.453054,20.8108,0.0791032,20.9126,1.06859,0.95,10,0.98,0,0
1774897277996,2026-03-30T21:01:17+02:00,idt2a,0,0.456984,20.8964,0.0773279,20.9132,1.07703,0.95,10,0.98,0,0
1774897280996,2026-03-30T21:01:20+02:00,idt2a,0,0.470219,20.6064,0.0784073,20.9011,1.09647,0.95,10,0.98,0,0
1774897283995,2026-03-30T21:01:23+02:00,idt2a,0,0.476427,20.4701,0.0804762,20.8964,1.11573,0.95,1,0.98,0,0
1774897286995,2026-03-30T21:01:26+02:00,idt2a,0,0.477133,20.4593,0.0837319,20.8776,1.10814,0.95,1,0.98,0,0
1774897290008,2026-03-30T21:01:30+02:00,idt2a,0,0.476919,20.4226,0.0811124,20.8806,1.09569,0.95,10,0.98,0,0
1774897292994,2026-03-30T21:01:32+02:00,idt2a,0,0.476111,20.4046,0.080616,20.8864,1.1129,0.95,10,0.98,0,0
1774897295995,2026-03-30T21:01:35+02:00,idt2a,0,0.483587,20.4013,0.0812365,20.865,1.11753,0.95,1,0.98,0,0
1774897298995,2026-03-30T21:01:38+02:00,idt2a,0,0.480326,20.5738,0.0823035,20.8502,1.11887,0.95,10,0.98,0,0
1774897301995,2026-03-30T21:01:41+02:00,idt2a,0,0.477842,20.9141,0.0799943,20.8487,1.10286,0.95,10,0.98,0,0
1774897304996,2026-03-30T21:01:44+02:00,idt2a,0,0.490282,21.069,0.07767,20.8357,1.09832,0.95,10,0.98,0,0
1774897307095,2026-03-30T21:01:47+02:00,idt2a,0,0.491025,20.9043,0.0762673,20.8135,1.11084,0.95,10,0.98,0,0
1774897310096,2026-03-30T21:01:50+02:00,idt2a,0,0.497925,21.0963,0.0781143,20.8468,1.112,0.95,1,0.98,0,0
1774897313097,2026-03-30T21:01:53+02:00,idt2a,0,0.504943,21.1947,0.0789539,20.8592,1.11543,0.95,10,0.98,0,0
1774897316097,2026-03-30T21:01:56+02:00,idt2a,0,0.516984,21.0081,0.0785843,20.8973,1.1315,0.95,1,0.98,0,0
1774897319096,2026-03-30T21:01:59+02:00,idt2a,0,0.522081,20.9356,0.0801201,20.8739,1.14606,0.95,1,0.98,0,0
1774897322097,2026-03-30T21:02:02+02:00,idt2a,0,0.517434,20.9652,0.0813472,20.8818,1.16007,0.95,1,0.98,0,0
1774897325096,2026-03-30T21:02:05+02:00,idt2a,0,0.516174,21.1762,0.0821433,20.883,1.15676,0.95,1,0.98,0,0
1774897328097,2026-03-30T21:02:08+02:00,idt2a,0,0.516039,21.3506,0.0826959,20.9062,1.16201,0.95,1,0.98,0,0
1774897331097,2026-03-30T21:02:11+02:00,idt2a,0,0.521821,21.5848,0.0832936,20.9376,1.16529,0.95,1,0.98,0,0
1774897334097,2026-03-30T21:02:14+02:00,idt2a,0,0.531173,21.779,0.0848671,20.9392,1.15873,0.95,10,0.98,0,0
1774897337097,2026-03-30T21:02:17+02:00,idt2a,0,0.527448,21.9238,0.0858087,20.9214,1.17949,0.95,10,0.98,0,0
1774897339188,2026-03-30T21:02:19+02:00,idt2a,0,0.533328,21.836,0.0888663,20.9109,1.1813,0.95,10,0.98,0,0
1774897342188,2026-03-30T21:02:22+02:00,idt2a,0,0.529519,21.9907,0.0889776,20.9183,1.1864,0.95,10,0.98,0,0
1774897345187,2026-03-30T21:02:25+02:00,idt2a,0,0.52696,22.0613,0.089231,20.9408,1.16815,0.95,1,0.98,0,0
1774897348189,2026-03-30T21:02:28+02:00,idt2a,0,0.52817,22.12,0.0919368,20.9254,1.16148,0.95,10,0.98,0,0
1774897351187,2026-03-30T21:02:31+02:00,idt2a,0,0.528717,22.6405,0.0928985,20.9555,1.18102,0.95,10,0.98,0,0
1774897354187,2026-03-30T21:02:34+02:00,idt2a,0,0.526423,22.5394,0.0919861,20.9598,1.17424,0.95,1,0.98,0,0
1774897357189,2026-03-30T21:02:37+02:00,idt2a,0,0.529497,22.9754,0.0899724,20.9468,1.16332,0.95,1,0.98,0,0
1774897360200,2026-03-30T21:02:40+02:00,idt2a,0,0.535428,22.958,0.0932678,20.9806,1.18945,0.95,10,0.98,0,0
1774897363188,2026-03-30T21:02:43+02:00,idt2a,0,0.535113,23.0028,0.0950985,21.0263,1.18799,0.95,10,0.98,0,0
1774897366188,2026-03-30T21:02:46+02:00,idt2a,0,0.539306,22.9126,0.0930778,21.023,1.20397,0.95,1,0.98,0,0
1774897369187,2026-03-30T21:02:49+02:00,idt2a,0,0.54575,23.0466,0.0919827,21.0259,1.20277,0.95,10,0.98,0,0
1774897371341,2026-03-30T21:02:51+02:00,idt2a,0,0.544017,23.4091,0.0906363,21.0185,1.19823,0.95,1,0.98,0,0
1774897374341,2026-03-30T21:02:54+02:00,idt2a,0,0.558244,23.1499,0.0885401,21.0417,1.19252,0.95,10,0.98,0,0
1774897377339,2026-03-30T21:02:57+02:00,idt2a,0,0.568555,22.8404,0.089517,21.0402,1.20775,0.95,10,0.98,0,0
1774897380339,2026-03-30T21:03:00+02:00,idt2a,0,0.557541,23.1675,0.089036,21.0168,1.2157,0.95,10,0.98,0,0
1774897383340,2026-03-30T21:03:03+02:00,idt2a,0,0.571332,22.9136,0.0913932,20.9856,1.18423,0.95,10,0.98,0,0
1774897386358,2026-03-30T21:03:06+02:00,idt2a,0,0.572791,22.8379,0.0898028,20.977,1.1557,0.95,10,0.98,0,0
1774897389339,2026-03-30T21:03:09+02:00,idt2a,0,0.575113,22.7785,0.0923439,20.9801,1.1534,0.95,10,0.98,0,0
1774897392340,2026-03-30T21:03:12+02:00,idt2a,0,0.577191,22.8198,0.0900183,20.9972,1.17292,0.95,1,0.98,0,0
1774897395341,2026-03-30T21:03:15+02:00,idt2a,0,0.572395,22.8727,0.0893619,20.9967,1.19616,0.95,10,0.98,0,0
1774897398340,2026-03-30T21:03:18+02:00,idt2a,0,0.571348,22.8168,0.0909456,21.0147,1.1809,0.95,10,0.98,0,0
1774897400501,2026-03-30T21:03:20+02:00,idt2a,0,0.573214,22.929,0.0890327,21.0035,1.1853,0.95,10,0.98,0,0
1774897403501,2026-03-30T21:03:23+02:00,idt2a,0,0.586065,22.6743,0.0907607,20.993,1.19863,0.95,10,0.98,0,0
1774897406508,2026-03-30T21:03:26+02:00,idt2a,0,0.587339,22.8125,0.0903496,20.9926,1.19231,0.95,10,0.98,0,0
1774897409506,2026-03-30T21:03:29+02:00,idt2a,0,0.591245,22.9712,0.0903233,21.0103,1.20163,0.95,1,0.98,0,0
1774897412501,2026-03-30T21:03:32+02:00,idt2a,0,0.599444,22.8038,0.0896454,20.9847,1.20497,0.95,10,0.98,0,0
1774897415503,2026-03-30T21:03:35+02:00,idt2a,0,0.592516,22.8676,0.0893642,20.9745,1.21813,0.95,1,0.98,0,0
1774897418519,2026-03-30T21:03:38+02:00,idt2a,0,0.600265,22.7467,0.0900578,20.9773,1.23136,0.95,1,0.98,0,0
1774897421519,2026-03-30T21:03:41+02:00,idt2a,0,0.597257,22.6318,0.0898699,20.9746,1.23724,0.95,10,0.98,0,0
1774897424501,2026-03-30T21:03:44+02:00,idt2a,0,0.597826,22.6178,0.0922039,20.9932,1.23505,0.95,10,0.98,0,0
1774897427501,2026-03-30T21:03:47+02:00,idt2a,0,0.599981,23.0895,0.092095,20.9837,1.23713,0.95,1,0.98,0,0
1774897430503,2026-03-30T21:03:50+02:00,idt2a,0,0.60095,23.2585,0.0943941,20.9771,1.23615,0.95,1,0.98,0,0
1774897432658,2026-03-30T21:03:52+02:00,idt2a,0,0.604125,23.1763,0.0955813,20.9821,1.25671,0.95,10,0.98,0,0
1774897435659,2026-03-30T21:03:55+02:00,idt2a,0,0.597059,23.2052,0.097395,21.0076,1.26345,0.95,1,0.98,0,0
1774897438658,2026-03-30T21:03:58+02:00,idt2a,0,0.586642,23.4197,0.096605,21.0185,1.27661,0.95,10,0.98,0,0
1774897441661,2026-03-30T21:04:01+02:00,idt2a,0,0.606722,23.4569,0.0978675,21.0351,1.27106,0.95,10,0.98,0,0
1774897444675,2026-03-30T21:04:04+02:00,idt2a,0,0.596813,23.6203,0.0996588,21.0551,1.31193,0.95,10,0.98,0,0
1774897447659,2026-03-30T21:04:07+02:00,idt2a,0,0.592984,23.6731,0.100174,21.0649,1.33666,0.95,10,0.98,0,0
1774897450658,2026-03-30T21:04:10+02:00,idt2a,0,0.577624,23.6774,0.100929,21.0605,1.31792,0.95,10,0.98,0,0
1774897453687,2026-03-30T21:04:13+02:00,idt2a,0,0.579662,23.6638,0.100213,21.0492,1.3428,0.95,10,0.98,0,0
1774897456659,2026-03-30T21:04:16+02:00,idt2a,0,0.579138,23.5407,0.101452,21.0341,1.35479,0.95,10,0.98,0,0
1774897459675,2026-03-30T21:04:19+02:00,idt2a,0,0.569862,23.7412,0.100756,21.0245,1.38666,0.95,10,0.98,0,0
1774897462659,2026-03-30T21:04:22+02:00,idt2a,0,0.57115,23.7084,0.0996231,21.0105,1.38124,0.95,1,0.98,0,0
1774897464819,2026-03-30T21:04:24+02:00,idt2a,0,0.570062,23.6099,0.0974664,21.0173,1.39544,0.95,10,0.98,0,0
1774897467818,2026-03-30T21:04:27+02:00,idt2a,0,0.578728,23.6456,0.095492,20.9995,1.41211,0.95,10,0.98,0,0
1774897470819,2026-03-30T21:04:30+02:00,idt2a,0,0.589707,23.5755,0.0956628,20.9667,1.38556,0.95,10,0.98,0,0
1774897473817,2026-03-30T21:04:33+02:00,idt2a,0,0.600133,23.7493,0.0926919,20.939,1.39366,0.95,10,0.98,0,0
1774897476819,2026-03-30T21:04:36+02:00,idt2a,0,0.614361,23.5606,0.0915607,20.941,1.40295,0.95,10,0.98,0,0
1774897479819,2026-03-30T21:04:39+02:00,idt2a,0,0.617943,23.6729,0.0927765,20.9215,1.37276,0.95,1,0.98,0,0
1774897482818,2026-03-30T21:04:42+02:00,idt2a,0,0.62013,23.5791,0.091999,20.9448,1.38562,0.95,10,0.98,0,0
1774897485818,2026-03-30T21:04:45+02:00,idt2a,0,0.622397,23.4852,0.0913607,20.9428,1.40052,0.95,10,0.98,0,0
1774897488823,2026-03-30T21:04:48+02:00,idt2a,0,0.622041,23.3745,0.087499,20.9554,1.41467,0.95,10,0.98,0,0
1774897491827,2026-03-30T21:04:51+02:00,idt2a,0,0.622616,23.2644,0.0879688,20.9254,1.41817,0.95,10,0.98,0,0
1774897494818,2026-03-30T21:04:54+02:00,idt2a,0,0.611361,23.1777,0.0883541,20.949,1.39378,0.95,10,0.98,0,0
1774897497003,2026-03-30T21:04:57+02:00,idt2a,0,0.619911,23.1572,0.0910878,20.9895,1.3853,0.95,10,0.98,0,0
1774897500004,2026-03-30T21:05:00+02:00,idt2a,0,0.617614,23.012,0.0936311,21.0009,1.39024,0.95,1,0.98,0,0
1774897503017,2026-03-30T21:05:03+02:00,idt2a,0,0.61714,23.2393,0.0919651,21.0222,1.41721,0.95,10,0.98,0,0
1774897506007,2026-03-30T21:05:06+02:00,idt2a,0,0.629346,23.3262,0.0940434,21.0271,1.42893,0.95,1,0.98,0,0
1774897509004,2026-03-30T21:05:09+02:00,idt2a,0,0.633618,23.5315,0.0957705,21.0333,1.44707,0.95,10,0.98,0,0
1774897512056,2026-03-30T21:05:12+02:00,idt2a,0,0.621972,23.6339,0.0945667,21.0453,1.47117,0.95,1,0.98,0,0
1774897515004,2026-03-30T21:05:15+02:00,idt2a,0,0.617577,23.5864,0.0948383,21.0505,1.49556,0.95,10,0.98,0,0
1774897518013,2026-03-30T21:05:18+02:00,idt2a,0,0.627051,23.6436,0.0963922,21.0529,1.49536,0.95,1,0.98,0,0
1774897521003,2026-03-30T21:05:21+02:00,idt2a,0,0.639406,23.7545,0.0958575,21.0584,1.51616,0.95,10,0.98,0,0
1774897524005,2026-03-30T21:05:24+02:00,idt2a,0,0.633176,23.6982,0.0994917,21.0633,1.53373,0.95,10,0.98,0,0
1774897526222,2026-03-30T21:05:26+02:00,idt2a,0,0.632941,23.8371,0.100871,21.053,1.53211,0.95,1,0.98,0,0
1774897529228,2026-03-30T21:05:29+02:00,idt2a,0,0.636709,24.2187,0.101022,21.0559,1.5078,0.95,10,0.98,0,0
1774897532222,2026-03-30T21:05:32+02:00,idt2a,0,0.634208,24.0226,0.100252,21.059,1.4971,0.95,1,0.98,0,0
1774897535247,2026-03-30T21:05:35+02:00,idt2a,0,0.638817,24.1075,0.0991736,21.0385,1.48498,0.95,2,0.98,0,0
1774897538223,2026-03-30T21:05:38+02:00,idt2a,0,0.638497,24.4257,0.100498,20.997,1.46047,0.95,10,0.98,0,0
1774897541223,2026-03-30T21:05:41+02:00,idt2a,0,0.632866,24.4405,0.101709,20.9706,1.43665,0.95,1,0.98,0,0
1774897544222,2026-03-30T21:05:44+02:00,idt2a,0,0.633739,24.6259,0.102484,20.9572,1.4303,0.95,10,0.98,0,0
1774897547226,2026-03-30T21:05:47+02:00,idt2a,0,0.636705,24.7395,0.101958,20.9722,1.45434,0.95,1,0.98,0,0
1774897550222,2026-03-30T21:05:50+02:00,idt2a,0,0.636737,24.9382,0.104112,20.9466,1.44789,0.95,10,0.98,0,0
1774897553231,2026-03-30T21:05:53+02:00,idt2a,0,0.636126,25.2363,0.10413,20.9491,1.47297,0.95,10,0.98,0,0
1774897556222,2026-03-30T21:05:56+02:00,idt2a,0,0.635606,25.0126,0.103967,20.9719,1.48098,0.95,10,0.98,0,0
1774897558411,2026-03-30T21:05:58+02:00,idt2a,0,0.627997,25.2034,0.10371,20.9424,1.49339,0.95,1,0.98,0,0
1774897561416,2026-03-30T21:06:01+02:00,idt2a,0,0.630378,25.398,0.104836,20.942,1.51641,0.95,6,0.98,0,0
1774897564411,2026-03-30T21:06:04+02:00,idt2a,0,0.6319,25.633,0.104216,20.9636,1.52422,0.95,1,0.98,0,0
1774897567411,2026-03-30T21:06:07+02:00,idt2a,0,0.642956,25.523,0.102277,20.964,1.48736,0.95,10,0.98,0,0
1774897570411,2026-03-30T21:06:10+02:00,idt2a,0,0.639694,25.6865,0.102456,20.961,1.52256,0.95,10,0.98,0,0
1774897573411,2026-03-30T21:06:13+02:00,idt2a,0,0.638898,25.4628,0.103149,20.9426,1.51386,0.95,10,0.98,0,0
1774897576411,2026-03-30T21:06:16+02:00,idt2a,0,0.644263,25.5816,0.105952,20.9675,1.54293,0.95,10,0.98,0,0
1774897579411,2026-03-30T21:06:19+02:00,idt2a,0,0.638671,25.8384,0.11001,20.9775,1.52197,0.95,1,0.98,0,0
1774897582411,2026-03-30T21:06:22+02:00,idt2a,0,0.648262,25.8693,0.109298,20.9703,1.53013,0.95,1,0.98,0,0
1774897585411,2026-03-30T21:06:25+02:00,idt2a,0,0.650286,25.6868,0.111273,20.9911,1.55153,0.95,1,0.98,0,0
1774897588410,2026-03-30T21:06:28+02:00,idt2a,0,0.654936,25.5138,0.11159,20.9743,1.55018,0.95,10,0.98,0,0
1774897590545,2026-03-30T21:06:30+02:00,idt2a,0,0.657514,25.3464,0.108472,20.9601,1.54185,0.95,10,0.98,0,0
1774897593547,2026-03-30T21:06:33+02:00,idt2a,0,0.658308,25.7059,0.10562,20.9448,1.56324,0.95,10,0.98,0,0
1774897596546,2026-03-30T21:06:36+02:00,idt2a,0,0.667149,25.5535,0.105956,20.9573,1.57726,0.95,10,0.98,0,0
1774897599546,2026-03-30T21:06:39+02:00,idt2a,0,0.660286,25.7081,0.106873,20.9497,1.59953,0.95,10,0.98,0,0
1774897602546,2026-03-30T21:06:42+02:00,idt2a,0,0.670031,25.6493,0.108663,20.9824,1.6403,0.95,10,0.98,0,0
1774897605546,2026-03-30T21:06:45+02:00,idt2a,0,0.667585,25.6494,0.109169,20.9898,1.62958,0.95,10,0.98,0,0
1774897608547,2026-03-30T21:06:48+02:00,idt2a,0,0.667952,25.5622,0.106988,20.9702,1.59022,0.95,10,0.98,0,0
1774897611545,2026-03-30T21:06:51+02:00,idt2a,0,0.674578,25.2979,0.108788,20.9791,1.59793,0.95,10,0.98,0,0
1774897614547,2026-03-30T21:06:54+02:00,idt2a,0,0.660148,24.9988,0.108848,20.9632,1.59889,0.95,1,0.98,0,0
1774897617548,2026-03-30T21:06:57+02:00,idt2a,0,0.654405,24.9439,0.109932,20.9696,1.61618,0.95,1,0.98,0,0
1774897620546,2026-03-30T21:07:00+02:00,idt2a,0,0.650319,24.9355,0.113071,20.9768,1.58774,0.95,1,0.98,0,0
1774897622725,2026-03-30T21:07:02+02:00,idt2a,0,0.65565,25.0831,0.111878,20.9822,1.57312,0.95,10,0.98,0,0
1774897625716,2026-03-30T21:07:05+02:00,idt2a,0,0.654867,24.9667,0.113605,20.9794,1.58534,0.95,1,0.98,0,0
1774897628727,2026-03-30T21:07:08+02:00,idt2a,0,0.653351,25.0565,0.111397,20.9852,1.61752,0.95,10,0.98,0,0
1774897631718,2026-03-30T21:07:11+02:00,idt2a,0,0.653594,25.0148,0.109838,20.9912,1.62178,0.95,1,0.98,0,0
1774897634715,2026-03-30T21:07:14+02:00,idt2a,0,0.655287,24.8453,0.111412,21.0003,1.63486,0.95,1,0.98,0,0
1774897637716,2026-03-30T21:07:17+02:00,idt2a,0,0.662985,24.617,0.112117,20.9885,1.62391,0.95,1,0.98,0,0
1774897640716,2026-03-30T21:07:20+02:00,idt2a,0,0.671451,24.6697,0.113301,20.9802,1.64823,0.95,10,0.98,0,0
1774897643716,2026-03-30T21:07:23+02:00,idt2a,0,0.664146,24.9449,0.114096,20.9744,1.64056,0.95,10,0.98,0,0
1774897646718,2026-03-30T21:07:26+02:00,idt2a,0,0.671034,24.9476,0.11848,20.9815,1.65037,0.95,10,0.98,0,0
1774897649727,2026-03-30T21:07:29+02:00,idt2a,0,0.660305,24.9157,0.115559,20.9829,1.6744,0.95,10,0.98,0,0
1774897651888,2026-03-30T21:07:31+02:00,idt2a,0,0.668934,24.6948,0.115088,20.9844,1.66536,0.95,10,0.98,0,0
1774897654887,2026-03-30T21:07:34+02:00,idt2a,0,0.660008,24.628,0.115302,20.9722,1.65328,0.95,1,0.98,0,0
1774897657887,2026-03-30T21:07:37+02:00,idt2a,0,0.665969,24.8884,0.115472,20.9869,1.66462,0.95,1,0.98,0,0
1774897660887,2026-03-30T21:07:40+02:00,idt2a,0,0.671747,24.6447,0.113379,20.9686,1.66452,0.95,10,0.98,0,0
1774897663888,2026-03-30T21:07:43+02:00,idt2a,0,0.674178,24.7837,0.111235,20.9698,1.65843,0.95,1,0.98,0,0
1774897666888,2026-03-30T21:07:46+02:00,idt2a,0,0.665014,24.9564,0.113691,20.948,1.66739,0.95,1,0.98,0,0
1774897669887,2026-03-30T21:07:49+02:00,idt2a,0,0.669624,25.0945,0.116594,20.9513,1.66124,0.95,10,0.98,0,0
1774897672886,2026-03-30T21:07:52+02:00,idt2a,0,0.667966,25.0462,0.117292,20.9414,1.66399,0.95,10,0.98,0,0
1774897675889,2026-03-30T21:07:55+02:00,idt2a,0,0.679311,24.8619,0.118511,20.9284,1.66116,0.95,10,0.98,0,0
1774897678891,2026-03-30T21:07:58+02:00,idt2a,0,0.678531,25.0049,0.118365,20.9233,1.63188,0.95,10,0.98,0,0
1774897681887,2026-03-30T21:08:01+02:00,idt2a,0,0.686787,24.9848,0.116903,20.9408,1.60264,0.95,1,0.98,0,0
1774897684060,2026-03-30T21:08:04+02:00,idt2a,0,0.688898,24.7075,0.116498,20.9366,1.63292,0.95,10,0.98,0,0
1774897687061,2026-03-30T21:08:07+02:00,idt2a,0,0.691252,24.4936,0.114452,20.9329,1.65115,0.95,10,0.98,0,0
1774897690065,2026-03-30T21:08:10+02:00,idt2a,0,0.705328,24.1357,0.11535,20.9311,1.65361,0.95,10,0.98,0,0
1774897693059,2026-03-30T21:08:13+02:00,idt2a,0,0.709331,24.3175,0.11805,20.9134,1.66648,0.95,10,0.98,0,0
1774897696059,2026-03-30T21:08:16+02:00,idt2a,0,0.704102,24.3026,0.11764,20.8975,1.68006,0.95,10,0.98,0,0
1774897699060,2026-03-30T21:08:19+02:00,idt2a,0,0.707924,24.4839,0.115904,20.8973,1.71793,0.95,10,0.98,0,0
1774897702066,2026-03-30T21:08:22+02:00,idt2a,0,0.713515,24.7486,0.118793,20.9403,1.70628,0.95,10,0.98,0,0
1774897705059,2026-03-30T21:08:25+02:00,idt2a,0,0.708258,24.5885,0.119752,20.9662,1.71377,0.95,10,0.98,0,0
1774897708061,2026-03-30T21:08:28+02:00,idt2a,0,0.712707,24.5375,0.118823,20.9971,1.72571,0.95,1,0.98,0,0
1774897711070,2026-03-30T21:08:31+02:00,idt2a,0,0.716065,24.5197,0.118078,20.9748,1.72337,0.95,10,0.98,0,0
1774897714060,2026-03-30T21:08:34+02:00,idt2a,0,0.72336,24.7399,0.117092,20.9803,1.70303,0.95,1,0.98,0,0
1774897716236,2026-03-30T21:08:36+02:00,idt2a,0,0.724805,24.6962,0.117745,20.9813,1.69309,0.95,10,0.98,0,0
1774897719234,2026-03-30T21:08:39+02:00,idt2a,0,0.731624,24.894,0.119514,20.9855,1.68818,0.95,10,0.98,0,0
1774897722237,2026-03-30T21:08:42+02:00,idt2a,0,0.722861,24.8763,0.11988,20.9791,1.69529,0.95,10,0.98,0,0
1774897725236,2026-03-30T21:08:45+02:00,idt2a,0,0.721144,25.0129,0.120653,21.0053,1.69785,0.95,1,0.98,0,0
1774897728235,2026-03-30T21:08:48+02:00,idt2a,0,0.724054,24.9763,0.123022,21.0058,1.66715,0.95,10,0.98,0,0
1774897731234,2026-03-30T21:08:51+02:00,idt2a,0,0.730131,25.0449,0.121142,21.0178,1.68622,0.95,10,0.98,0,0
1774897734236,2026-03-30T21:08:54+02:00,idt2a,0,0.741841,24.88,0.122204,21.033,1.69941,0.95,10,0.98,0,0
1774897737235,2026-03-30T21:08:57+02:00,idt2a,0,0.748496,24.6547,0.122779,21.0598,1.66621,0.95,10,0.98,0,0
1774897740240,2026-03-30T21:09:00+02:00,idt2a,0,0.747693,24.8728,0.1243,21.0658,1.65654,0.95,10,0.98,0,0
1774897743235,2026-03-30T21:09:03+02:00,idt2a,0,0.747233,25.1094,0.124609,21.0557,1.66345,0.95,10,0.98,0,0
1774897746237,2026-03-30T21:09:06+02:00,idt2a,0,0.738036,25.1025,0.120309,21.0415,1.64835,0.95,1,0.98,0,0
1774897748409,2026-03-30T21:09:08+02:00,idt2a,0,0.738123,25.2597,0.119906,21.053,1.67273,0.95,10,0.98,0,0
1774897751409,2026-03-30T21:09:11+02:00,idt2a,0,0.736867,25.6595,0.118315,21.0133,1.68888,0.95,10,0.98,0,0
1774897754409,2026-03-30T21:09:14+02:00,idt2a,0,0.732678,25.8231,0.120234,21.0044,1.67118,0.95,10,0.98,0,0
1774897757410,2026-03-30T21:09:17+02:00,idt2a,0,0.725186,25.7984,0.117415,21.0052,1.67333,0.95,10,0.98,0,0
1774897760409,2026-03-30T21:09:20+02:00,idt2a,0,0.732091,25.6967,0.118754,21.0095,1.67723,0.95,1,0.98,0,0
1774897763413,2026-03-30T21:09:23+02:00,idt2a,0,0.732348,25.6127,0.118972,20.9959,1.69453,0.95,10,0.98,0,0
1774897766409,2026-03-30T21:09:26+02:00,idt2a,0,0.728507,25.7752,0.122988,21.0248,1.70055,0.95,1,0.98,0,0
1774897769425,2026-03-30T21:09:29+02:00,idt2a,0,0.730252,26.0571,0.123847,21.0185,1.68754,0.95,10,0.98,0,0
1774897772420,2026-03-30T21:09:32+02:00,idt2a,0,0.728996,25.9239,0.122128,21.0124,1.69044,0.95,10,0.98,0,0
1774897775409,2026-03-30T21:09:35+02:00,idt2a,0,0.725861,25.5484,0.123956,20.9966,1.66446,0.95,10,0.98,0,0
1774897777582,2026-03-30T21:09:37+02:00,idt2a,0,0.733155,25.7682,0.123008,20.9614,1.68166,0.95,10,0.98,0,0
1774897780584,2026-03-30T21:09:40+02:00,idt2a,0,0.742959,25.9408,0.123101,20.9593,1.68193,0.95,10,0.98,0,0
1774897783590,2026-03-30T21:09:43+02:00,idt2a,0,0.732296,26.0585,0.122133,20.9443,1.71709,0.95,1,0.98,0,0
1774897786582,2026-03-30T21:09:46+02:00,idt2a,0,0.736413,26.1338,0.124861,20.9422,1.72275,0.95,10,0.98,0,0
1774897789583,2026-03-30T21:09:49+02:00,idt2a,0,0.740303,25.9925,0.125895,20.9614,1.7513,0.95,10,0.98,0,0
1774897792584,2026-03-30T21:09:52+02:00,idt2a,0,0.738576,26.3285,0.123999,20.9616,1.78026,0.95,1,0.98,0,0
1774897795594,2026-03-30T21:09:55+02:00,idt2a,0,0.735723,26.5389,0.122569,20.9437,1.77671,0.95,10,0.98,0,0
1774897798582,2026-03-30T21:09:58+02:00,idt2a,0,0.736029,26.5415,0.121327,20.927,1.78393,0.95,1,0.98,0,0
1774897801582,2026-03-30T21:10:01+02:00,idt2a,0,0.744775,26.678,0.120654,20.9415,1.82134,0.95,10,0.98,0,0
1774897804590,2026-03-30T21:10:04+02:00,idt2a,0,0.73142,26.9167,0.121212,20.9548,1.817,0.95,1,0.98,0,0
1774897807594,2026-03-30T21:10:07+02:00,idt2a,0,0.729545,26.6716,0.123276,20.9443,1.79438,0.95,10,0.98,0,0
1774897809758,2026-03-30T21:10:09+02:00,idt2a,0,0.731114,26.2782,0.125159,20.935,1.81503,0.95,1,0.98,0,0
1774897812757,2026-03-30T21:10:12+02:00,idt2a,0,0.735837,26.4018,0.125295,20.9089,1.83522,0.95,10,0.98,0,0
1774897815758,2026-03-30T21:10:15+02:00,idt2a,0,0.742883,26.1557,0.124464,20.9086,1.8472,0.95,10,0.98,0,0
1774897818760,2026-03-30T21:10:18+02:00,idt2a,0,0.750679,26.185,0.120975,20.9212,1.85633,0.95,1,0.98,0,0
1774897821757,2026-03-30T21:10:21+02:00,idt2a,0,0.747617,26.3373,0.122727,20.9664,1.86064,0.95,10,0.98,0,0
1774897824757,2026-03-30T21:10:24+02:00,idt2a,0,0.744395,26.4279,0.120852,20.9722,1.82483,0.95,1,0.98,0,0
1774897827758,2026-03-30T21:10:27+02:00,idt2a,0,0.737446,26.4909,0.121697,20.9822,1.82954,0.95,1,0.98,0,0
1774897830758,2026-03-30T21:10:30+02:00,idt2a,0,0.735554,26.8278,0.121326,20.9649,1.85237,0.95,1,0.98,0,0
1774897833757,2026-03-30T21:10:33+02:00,idt2a,0,0.73388,26.863,0.117283,20.9529,1.88198,0.95,10,0.98,0,0
1774897836758,2026-03-30T21:10:36+02:00,idt2a,0,0.723608,26.9117,0.116867,20.9664,1.8743,0.95,10,0.98,0,0
1774897839758,2026-03-30T21:10:39+02:00,idt2a,0,0.724549,26.6322,0.118244,20.9849,1.89705,0.95,10,0.98,0,0
1774897841942,2026-03-30T21:10:41+02:00,idt2a,0,0.717831,26.7328,0.115827,20.9956,1.90476,0.95,10,0.98,0,0
1774897844934,2026-03-30T21:10:44+02:00,idt2a,0,0.715481,27.027,0.115008,20.9783,1.90102,0.95,10,0.98,0,0
1774897847933,2026-03-30T21:10:47+02:00,idt2a,0,0.708705,27.1135,0.114715,20.9602,1.89726,0.95,10,0.98,0,0
1774897850938,2026-03-30T21:10:50+02:00,idt2a,0,0.699973,27.1364,0.112769,20.9582,1.89656,0.95,1,0.98,0,0
1774897853943,2026-03-30T21:10:53+02:00,idt2a,0,0.699788,26.9757,0.109928,20.9364,1.91105,0.95,1,0.98,0,0
1774897856934,2026-03-30T21:10:56+02:00,idt2a,0,0.698253,26.7429,0.111728,20.9517,1.90728,0.95,10,0.98,0,0
1774897859934,2026-03-30T21:10:59+02:00,idt2a,0,0.704933,26.5647,0.111405,20.9485,1.88512,0.95,1,0.98,0,0
1774897862940,2026-03-30T21:11:02+02:00,idt2a,0,0.72198,26.6937,0.113536,20.9441,1.87107,0.95,10,0.98,0,0
1774897865936,2026-03-30T21:11:05+02:00,idt2a,0,0.734611,26.7682,0.114567,20.9689,1.86764,0.95,10,0.98,0,0
1774897868939,2026-03-30T21:11:08+02:00,idt2a,0,0.748163,27.098,0.112503,20.9849,1.88384,0.95,1,0.98,0,0
1774897871934,2026-03-30T21:11:11+02:00,idt2a,0,0.748192,27.2185,0.110931,20.974,1.88894,0.95,1,0.98,0,0
1774897874111,2026-03-30T21:11:14+02:00,idt2a,0,0.747048,27.2508,0.108869,20.9637,1.88413,0.95,1,0.98,0,0
1774897877122,2026-03-30T21:11:17+02:00,idt2a,0,0.741694,27.3583,0.107499,20.9967,1.90485,0.95,1,0.98,0,0
1774897880112,2026-03-30T21:11:20+02:00,idt2a,0,0.733836,27.4167,0.10703,20.9946,1.8778,0.95,10,0.98,0,0
1774897883109,2026-03-30T21:11:23+02:00,idt2a,0,0.735407,27.2396,0.106097,20.9897,1.90529,0.95,10,0.98,0,0
1774897886121,2026-03-30T21:11:26+02:00,idt2a,0,0.7457,27.0578,0.104018,20.9897,1.90054,0.95,10,0.98,0,0
1774897889110,2026-03-30T21:11:29+02:00,idt2a,0,0.751745,27.1624,0.104576,21.0029,1.89194,0.95,10,0.98,0,0
1774897892110,2026-03-30T21:11:32+02:00,idt2a,0,0.757928,27.5126,0.103026,20.998,1.87393,0.95,10,0.98,0,0
1774897895110,2026-03-30T21:11:35+02:00,idt2a,0,0.76102,27.5408,0.106359,20.9873,1.91198,0.95,1,0.98,0,0
1774897898122,2026-03-30T21:11:38+02:00,idt2a,0,0.76139,27.6763,0.104964,20.9735,1.91718,0.95,1,0.98,0,0
1774897901122,2026-03-30T21:11:41+02:00,idt2a,0,0.768444,27.7717,0.105402,20.9575,1.90598,0.95,1,0.98,0,0
1774897903298,2026-03-30T21:11:43+02:00,idt2a,0,0.76883,27.9409,0.1044,20.9691,1.91923,0.95,10,0.98,0,0
1774897906298,2026-03-30T21:11:46+02:00,idt2a,0,0.770839,27.9383,0.104704,20.9531,1.93999,0.95,10,0.98,0,0
1774897909324,2026-03-30T21:11:49+02:00,idt2a,0,0.775349,28.2787,0.106187,20.9308,1.96893,0.95,1,0.98,0,0
1774897912298,2026-03-30T21:11:52+02:00,idt2a,0,0.78164,28.137,0.105895,20.9321,1.96153,0.95,1,0.98,0,0
1774897915317,2026-03-30T21:11:55+02:00,idt2a,0,0.777723,28.182,0.106899,20.9412,1.9928,0.95,1,0.98,0,0
1774897918297,2026-03-30T21:11:58+02:00,idt2a,0,0.778752,28.2614,0.109949,20.923,1.97169,0.95,10,0.98,0,0
1774897921317,2026-03-30T21:12:01+02:00,idt2a,0,0.774627,28.3243,0.109842,20.9129,1.98182,0.95,10,0.98,0,0
1774897924298,2026-03-30T21:12:04+02:00,idt2a,0,0.760556,28.4464,0.111035,20.8748,1.96053,0.95,10,0.98,0,0
1774897927302,2026-03-30T21:12:07+02:00,idt2a,0,0.768022,28.5135,0.111574,20.8457,1.93681,0.95,1,0.98,0,0
1774897930298,2026-03-30T21:12:10+02:00,idt2a,0,0.770189,28.4449,0.111995,20.8343,1.96154,0.95,10,0.98,0,0
1774897933299,2026-03-30T21:12:13+02:00,idt2a,0,0.770215,28.3582,0.114493,20.8245,1.97082,0.95,10,0.98,0,0
1774897935517,2026-03-30T21:12:15+02:00,idt2a,0,0.779442,28.5737,0.116509,20.8504,2.00219,0.95,1,0.98,0,0
1774897938507,2026-03-30T21:12:18+02:00,idt2a,0,0.791867,28.4682,0.114591,20.8492,2.00388,0.95,10,0.98,0,0
1774897941507,2026-03-30T21:12:21+02:00,idt2a,0,0.800253,28.7178,0.116826,20.8805,2.00491,0.95,1,0.98,0,0
1774897944531,2026-03-30T21:12:24+02:00,idt2a,0,0.806729,28.8513,0.118023,20.8976,2.02269,0.95,10,0.98,0,0
1774897947508,2026-03-30T21:12:27+02:00,idt2a,0,0.79823,28.5283,0.117805,20.9313,2.01994,0.95,1,0.98,0,0
1774897950509,2026-03-30T21:12:30+02:00,idt2a,0,0.79929,28.3628,0.116816,20.9292,2.04792,0.95,10,0.98,0,0
1774897953507,2026-03-30T21:12:33+02:00,idt2a,0,0.806989,28.6116,0.115196,20.9115,2.04807,0.95,1,0.98,0,0
1774897956510,2026-03-30T21:12:36+02:00,idt2a,0,0.792004,28.7329,0.116035,20.9215,2.04948,0.95,10,0.98,0,0
1774897959508,2026-03-30T21:12:39+02:00,idt2a,0,0.803411,28.9123,0.116378,20.9155,2.06011,0.95,1,0.98,0,0
1774897962507,2026-03-30T21:12:42+02:00,idt2a,0,0.79494,29.0797,0.117398,20.9102,2.08305,0.95,1,0.98,0,0
1774897965507,2026-03-30T21:12:45+02:00,idt2a,0,0.800396,29.2305,0.119144,20.8784,2.04872,0.95,10,0.98,0,0
1774897967768,2026-03-30T21:12:47+02:00,idt2a,0,0.802294,29.2328,0.118007,20.8676,2.0276,0.95,1,0.98,0,0
1774897970767,2026-03-30T21:12:50+02:00,idt2a,0,0.813728,29.0143,0.119339,20.8528,2.02927,0.95,1,0.98,0,0
1774897973766,2026-03-30T21:12:53+02:00,idt2a,0,0.816767,29.2409,0.122141,20.8516,2.04559,0.95,10,0.98,0,0
1774897976767,2026-03-30T21:12:56+02:00,idt2a,0,0.819356,29.1137,0.121445,20.811,2.03332,0.95,1,0.98,0,0
1774897979775,2026-03-30T21:12:59+02:00,idt2a,0,0.807471,28.8772,0.121913,20.826,2.0321,0.95,10,0.98,0,0
1774897982767,2026-03-30T21:13:02+02:00,idt2a,0,0.814738,28.5873,0.120439,20.8205,2.03547,0.95,10,0.98,0,0
1774897985767,2026-03-30T21:13:05+02:00,idt2a,0,0.819705,28.575,0.117882,20.8273,2.04782,0.95,10,0.98,0,0
1774897988766,2026-03-30T21:13:08+02:00,idt2a,0,0.829725,28.2713,0.116381,20.8181,2.06618,0.95,10,0.98,0,0
1774897991774,2026-03-30T21:13:11+02:00,idt2a,0,0.833714,28.5627,0.119799,20.8161,2.07119,0.95,10,0.98,0,0
1774897994766,2026-03-30T21:13:14+02:00,idt2a,0,0.827803,28.3744,0.122353,20.8418,2.08271,0.95,10,0.98,0,0
1774897997767,2026-03-30T21:13:17+02:00,idt2a,0,0.833833,28.5446,0.120668,20.8051,2.09679,0.95,10,0.98,0,0
1774897999962,2026-03-30T21:13:19+02:00,idt2a,0,0.836944,28.5726,0.121876,20.81,2.0981,0.95,1,0.98,0,0
1774898002963,2026-03-30T21:13:22+02:00,idt2a,0,0.834144,28.6423,0.120564,20.7951,2.08866,0.95,10,0.98,0,0
1774898005963,2026-03-30T21:13:25+02:00,idt2a,0,0.834952,28.38,0.122266,20.8075,2.08743,0.95,1,0.98,0,0
1774898008962,2026-03-30T21:13:28+02:00,idt2a,0,0.829025,28.6715,0.124172,20.79,2.07334,0.95,10,0.98,0,0
1774898011962,2026-03-30T21:13:31+02:00,idt2a,0,0.82928,28.8616,0.126126,20.7809,2.06391,0.95,1,0.98,0,0
1774898014980,2026-03-30T21:13:34+02:00,idt2a,0,0.819573,29.2581,0.125958,20.8204,2.02863,0.95,10,0.98,0,0
1774898017961,2026-03-30T21:13:37+02:00,idt2a,0,0.82913,29.1628,0.124682,20.837,2.02254,0.95,10,0.98,0,0
1774898020962,2026-03-30T21:13:40+02:00,idt2a,0,0.82126,29.3487,0.124124,20.8823,2.01417,0.95,1,0.98,0,0
1774898023962,2026-03-30T21:13:43+02:00,idt2a,0,0.821985,29.5873,0.122857,20.8733,2.00992,0.95,10,0.98,0,0
1774898026963,2026-03-30T21:13:46+02:00,idt2a,0,0.825892,30.055,0.121932,20.8734,2.03039,0.95,10,0.98,0,0
1774898029055,2026-03-30T21:13:49+02:00,idt2a,0,0.823081,30.1687,0.117758,20.8821,2.03945,0.95,10,0.98,0,0
1774898032055,2026-03-30T21:13:52+02:00,idt2a,0,0.829598,30.5748,0.114521,20.886,2.00639,0.95,1,0.98,0,0
1774898035054,2026-03-30T21:13:55+02:00,idt2a,0,0.819246,30.3606,0.115686,20.8988,1.98823,0.95,1,0.98,0,0
1774898038056,2026-03-30T21:13:58+02:00,idt2a,0,0.820973,30.3265,0.117234,20.8844,1.98315,0.95,10,0.98,0,0
1774898041055,2026-03-30T21:14:01+02:00,idt2a,0,0.806093,30.5238,0.114722,20.885,1.96644,0.95,10,0.98,0,0
1774898044055,2026-03-30T21:14:04+02:00,idt2a,0,0.815703,30.7284,0.117416,20.8756,1.97258,0.95,10,0.98,0,0
1774898047055,2026-03-30T21:14:07+02:00,idt2a,0,0.810978,30.8101,0.115632,20.8675,1.9657,0.95,10,0.98,0,0
1774898050055,2026-03-30T21:14:10+02:00,idt2a,0,0.805566,30.9789,0.115233,20.8923,1.96262,0.95,10,0.98,0,0
1774898053055,2026-03-30T21:14:13+02:00,idt2a,0,0.810313,30.8198,0.118186,20.8652,1.92947,0.95,1,0.98,0,0
1774898056054,2026-03-30T21:14:16+02:00,idt2a,0,0.820507,30.6578,0.118011,20.8525,1.91272,0.95,10,0.98,0,0
1774898059056,2026-03-30T21:14:19+02:00,idt2a,0,0.831652,30.7461,0.118448,20.877,1.89288,0.95,1,0.98,0,0
1774898061178,2026-03-30T21:14:21+02:00,idt2a,0,0.82377,30.7514,0.119136,20.8655,1.89917,0.95,1,0.98,0,0
1774898064177,2026-03-30T21:14:24+02:00,idt2a,0,0.830154,30.658,0.117683,20.8645,1.88292,0.95,1,0.98,0,0
1774898067177,2026-03-30T21:14:27+02:00,idt2a,0,0.820079,30.5829,0.117495,20.8213,1.87352,0.95,1,0.98,0,0
1774898070177,2026-03-30T21:14:30+02:00,idt2a,0,0.820212,30.6199,0.120061,20.8313,1.86002,0.95,10,0.98,0,0
1774898073210,2026-03-30T21:14:33+02:00,idt2a,0,0.836072,30.8046,0.119736,20.8298,1.83765,0.95,1,0.98,0,0
1774898076176,2026-03-30T21:14:36+02:00,idt2a,0,0.830946,30.6951,0.120071,20.8344,1.82468,0.95,10,0.98,0,0
1774898079177,2026-03-30T21:14:39+02:00,idt2a,0,0.842386,30.678,0.117016,20.8279,1.83261,0.95,1,0.98,0,0
1774898082175,2026-03-30T21:14:42+02:00,idt2a,0,0.844111,30.6549,0.115086,20.8387,1.81939,0.95,10,0.98,0,0
1774898085178,2026-03-30T21:14:45+02:00,idt2a,0,0.851616,30.636,0.116857,20.854,1.80113,0.95,1,0.98,0,0
1774898088177,2026-03-30T21:14:48+02:00,idt2a,0,0.852062,30.7968,0.116961,20.874,1.83399,0.95,1,0.98,0,0
1774898091176,2026-03-30T21:14:51+02:00,idt2a,0,0.84789,30.8066,0.11572,20.8836,1.88848,0.95,10,0.98,0,0
1774898093462,2026-03-30T21:14:53+02:00,idt2a,0,0.852194,30.6315,0.11622,20.8627,1.89508,0.95,10,0.98,0,0
1774898096488,2026-03-30T21:14:56+02:00,idt2a,0,0.844787,30.5111,0.114572,20.8815,1.9311,0.95,10,0.98,0,0
1774898099462,2026-03-30T21:14:59+02:00,idt2a,0,0.841279,30.9542,0.1155,20.8791,1.91112,0.95,10,0.98,0,0
1774898102462,2026-03-30T21:15:02+02:00,idt2a,0,0.847511,31.2018,0.117191,20.8837,1.9314,0.95,1,0.98,0,0
1774898105462,2026-03-30T21:15:05+02:00,idt2a,0,0.847685,31.3904,0.118177,20.8689,1.92916,0.95,1,0.98,0,0
1774898108464,2026-03-30T21:15:08+02:00,idt2a,0,0.842354,31.2859,0.117714,20.8781,1.91922,0.95,10,0.98,0,0
1774898111462,2026-03-30T21:15:11+02:00,idt2a,0,0.84158,31.3589,0.112895,20.8687,1.91986,0.95,10,0.98,0,0
1774898114462,2026-03-30T21:15:14+02:00,idt2a,0,0.836129,31.3734,0.112998,20.8861,1.90345,0.95,10,0.98,0,0
1774898117462,2026-03-30T21:15:17+02:00,idt2a,0,0.853085,31.2967,0.109572,20.8871,1.87878,0.95,10,0.98,0,0
1774898120464,2026-03-30T21:15:20+02:00,idt2a,0,0.861176,31.5219,0.111236,20.9043,1.84769,0.95,10,0.98,0,0
1774898123473,2026-03-30T21:15:23+02:00,idt2a,0,0.856998,31.7979,0.110768,20.8979,1.82483,0.95,10,0.98,0,0
1774898125647,2026-03-30T21:15:25+02:00,idt2a,0,0.852157,31.9293,0.110844,20.9335,1.8076,0.95,10,0.98,0,0
1774898128646,2026-03-30T21:15:28+02:00,idt2a,0,0.864826,31.7846,0.113229,20.9041,1.81245,0.95,1,0.98,0,0
1774898131646,2026-03-30T21:15:31+02:00,idt2a,0,0.86451,32.093,0.115316,20.8956,1.86047,0.95,1,0.98,0,0
1774898134646,2026-03-30T21:15:34+02:00,idt2a,0,0.872189,31.8944,0.118894,20.9093,1.88894,0.95,1,0.98,0,0
1774898137645,2026-03-30T21:15:37+02:00,idt2a,0,0.879722,31.9634,0.116354,20.936,1.91695,0.95,10,0.98,0,0
1774898140645,2026-03-30T21:15:40+02:00,idt2a,0,0.899012,31.9129,0.11425,20.9254,1.90953,0.95,10,0.98,0,0
1774898143647,2026-03-30T21:15:43+02:00,idt2a,0,0.891411,31.8125,0.113213,20.9374,1.95033,0.95,10,0.98,0,0
1774898146657,2026-03-30T21:15:46+02:00,idt2a,0,0.892526,31.9871,0.113796,20.9352,1.98644,0.95,1,0.98,0,0
1774898149646,2026-03-30T21:15:49+02:00,idt2a,0,0.897587,32.1819,0.11578,20.8953,1.96849,0.95,10,0.98,0,0
1774898152646,2026-03-30T21:15:52+02:00,idt2a,0,0.891345,32.0519,0.116148,20.9146,1.9647,0.95,1,0.98,0,0
1774898154844,2026-03-30T21:15:54+02:00,idt2a,0,0.894464,31.8345,0.116179,20.9442,1.95659,0.95,1,0.98,0,0
1774898157842,2026-03-30T21:15:57+02:00,idt2a,0,0.884064,31.8407,0.113717,20.9411,1.93927,0.95,10,0.98,0,0
1774898160843,2026-03-30T21:16:00+02:00,idt2a,0,0.88224,31.9279,0.116458,20.9257,1.93238,0.95,10,0.98,0,0
1774898163843,2026-03-30T21:16:03+02:00,idt2a,0,0.881365,32.1526,0.115992,20.9472,1.93528,0.95,1,0.98,0,0
1774898166844,2026-03-30T21:16:06+02:00,idt2a,0,0.884394,31.8378,0.117909,20.94,1.93059,0.95,1,0.98,0,0
1774898169843,2026-03-30T21:16:09+02:00,idt2a,0,0.87665,31.9124,0.118372,20.9346,1.9277,0.95,1,0.98,0,0
1774898172845,2026-03-30T21:16:12+02:00,idt2a,0,0.868446,31.8744,0.11855,20.943,1.92775,0.95,10,0.98,0,0
1774898175843,2026-03-30T21:16:15+02:00,idt2a,0,0.869241,32.2082,0.117758,20.9423,1.94707,0.95,10,0.98,0,0
1774898178882,2026-03-30T21:16:18+02:00,idt2a,0,0.866104,32.0901,0.116704,20.9233,1.93039,0.95,1,0.98,0,0
1774898181842,2026-03-30T21:16:21+02:00,idt2a,0,0.865162,32.1656,0.11783,20.9356,1.92038,0.95,10,0.98,0,0
1774898184843,2026-03-30T21:16:24+02:00,idt2a,0,0.864504,32.2274,0.118587,20.9439,1.90526,0.95,10,0.98,0,0
1774898187050,2026-03-30T21:16:27+02:00,idt2a,0,0.872918,32.5412,0.120113,20.9246,1.8727,0.95,10,0.98,0,0
1774898190050,2026-03-30T21:16:30+02:00,idt2a,0,0.882923,32.596,0.120732,20.8991,1.90271,0.95,10,0.98,0,0
1774898193053,2026-03-30T21:16:33+02:00,idt2a,0,0.887859,32.844,0.116725,20.9533,1.89919,0.95,10,0.98,0,0
1774898196049,2026-03-30T21:16:36+02:00,idt2a,0,0.890693,32.9336,0.118293,20.9678,1.87569,0.95,10,0.98,0,0
1774898199051,2026-03-30T21:16:39+02:00,idt2a,0,0.898855,33.0296,0.116601,20.9544,1.85542,0.95,10,0.98,0,0
1774898202051,2026-03-30T21:16:42+02:00,idt2a,0,0.909089,33.1489,0.116849,20.9716,1.89233,0.95,10,0.98,0,0
1774898205051,2026-03-30T21:16:45+02:00,idt2a,0,0.905847,33.3108,0.117153,20.9504,1.90559,0.95,1,0.98,0,0
1774898208050,2026-03-30T21:16:48+02:00,idt2a,0,0.910373,33.2684,0.117758,20.955,1.90547,0.95,10,0.98,0,0
1774898211050,2026-03-30T21:16:51+02:00,idt2a,0,0.904669,33.5437,0.115818,20.9704,1.90956,0.95,1,0.98,0,0
1774898214052,2026-03-30T21:16:54+02:00,idt2a,0,0.907054,33.7439,0.114735,20.9753,1.87234,0.95,10,0.98,0,0
1774898217051,2026-03-30T21:16:57+02:00,idt2a,0,0.905584,33.5477,0.114859,20.9832,1.89058,0.95,10,0.98,0,0
1774898219316,2026-03-30T21:16:59+02:00,idt2a,0,0.903242,33.6894,0.112376,20.9816,1.88157,0.95,10,0.98,0,0
1774898222315,2026-03-30T21:17:02+02:00,idt2a,0,0.912631,33.6709,0.111856,20.9969,1.88063,0.95,10,0.98,0,0
1774898225317,2026-03-30T21:17:05+02:00,idt2a,0,0.921452,33.9865,0.109576,20.9879,1.89827,0.95,10,0.98,0,0
1774898228320,2026-03-30T21:17:08+02:00,idt2a,0,0.924829,34.0276,0.109228,20.9672,1.90579,0.95,1,0.98,0,0
1774898231317,2026-03-30T21:17:11+02:00,idt2a,0,0.921775,33.8193,0.111953,20.9781,1.8919,0.95,1,0.98,0,0
1774898234316,2026-03-30T21:17:14+02:00,idt2a,0,0.919261,34.0095,0.113191,21.0208,1.9321,0.95,10,0.98,0,0
1774898237316,2026-03-30T21:17:17+02:00,idt2a,0,0.912864,33.9983,0.111798,21.0213,1.97521,0.95,10,0.98,0,0
1774898240317,2026-03-30T21:17:20+02:00,idt2a,0,0.916782,34.1836,0.110857,20.9908,1.9452,0.95,1,0.98,0,0
1774898243315,2026-03-30T21:17:23+02:00,idt2a,0,0.935867,34.1907,0.106934,20.9951,1.93993,0.95,10,0.98,0,0
1774898246316,2026-03-30T21:17:26+02:00,idt2a,0,0.92962,34.1841,0.105116,21.0265,1.93745,0.95,10,0.98,0,0
1774898249336,2026-03-30T21:17:29+02:00,idt2a,0,0.932145,33.9277,0.101553,21.0047,1.95948,0.95,1,0.98,0,0
1774898251523,2026-03-30T21:17:31+02:00,idt2a,0,0.934177,34.0118,0.103586,21.0003,1.94404,0.95,1,0.98,0,0
1774898254523,2026-03-30T21:17:34+02:00,idt2a,0,0.931485,34.103,0.104674,21.0139,1.95684,0.95,1,0.98,0,0
1774898257523,2026-03-30T21:17:37+02:00,idt2a,0,0.935823,34.1621,0.103578,21.0134,1.96846,0.95,10,0.98,0,0
1774898260524,2026-03-30T21:17:40+02:00,idt2a,0,0.927606,34.2714,0.105324,21.0408,1.95256,0.95,10,0.98,0,0
1774898263523,2026-03-30T21:17:43+02:00,idt2a,0,0.931813,34.3653,0.107312,21.033,1.95946,0.95,10,0.98,0,0
1774898266523,2026-03-30T21:17:46+02:00,idt2a,0,0.928005,34.2108,0.109195,21.024,1.94414,0.95,1,0.98,0,0
1774898269523,2026-03-30T21:17:49+02:00,idt2a,0,0.930271,33.9863,0.10876,21.002,1.92841,0.95,1,0.98,0,0
1774898272524,2026-03-30T21:17:52+02:00,idt2a,0,0.930668,34.2362,0.106724,21.0083,1.93506,0.95,10,0.98,0,0
1774898275524,2026-03-30T21:17:55+02:00,idt2a,0,0.922538,34.5552,0.106891,21.0249,1.91562,0.95,1,0.98,0,0
1774898278523,2026-03-30T21:17:58+02:00,idt2a,0,0.928031,34.5111,0.107691,21.0511,1.91495,0.95,10,0.98,0,0
1774898280745,2026-03-30T21:18:00+02:00,idt2a,0,0.916573,34.6805,0.106257,21.0367,1.9093,0.95,10,0.98,0,0
1774898283746,2026-03-30T21:18:03+02:00,idt2a,0,0.926283,34.4596,0.105262,21.0339,1.93723,0.95,1,0.98,0,0
1774898286746,2026-03-30T21:18:06+02:00,idt2a,0,0.930348,34.8366,0.104647,21.0088,1.92951,0.95,1,0.98,0,0
1774898289745,2026-03-30T21:18:09+02:00,idt2a,0,0.93647,34.8604,0.103594,21.0049,1.94268,0.95,10,0.98,0,0
1774898292745,2026-03-30T21:18:12+02:00,idt2a,0,0.937175,35.0196,0.103102,21.0034,1.94666,0.95,1,0.98,0,0
1774898295746,2026-03-30T21:18:15+02:00,idt2a,0,0.945088,34.9438,0.102648,20.9754,1.97985,0.95,1,0.98,0,0
1774898298746,2026-03-30T21:18:18+02:00,idt2a,0,0.944106,35.0806,0.101469,20.9905,1.98261,0.95,1,0.98,0,0
1774898301745,2026-03-30T21:18:21+02:00,idt2a,0,0.956552,34.9544,0.0997994,20.9968,2.01223,0.95,10,0.98,0,0
1774898304745,2026-03-30T21:18:24+02:00,idt2a,0,0.958333,34.7907,0.100641,20.9649,2.01769,0.95,10,0.98,0,0
1774898307745,2026-03-30T21:18:27+02:00,idt2a,0,0.966607,34.522,0.0996516,20.9746,2.0018,0.95,10,0.98,0,0
1774898310745,2026-03-30T21:18:30+02:00,idt2a,0,0.959772,34.4634,0.0987672,20.9662,1.99358,0.95,10,0.98,0,0
1774898312952,2026-03-30T21:18:32+02:00,idt2a,0,0.95446,34.2935,0.0974423,20.9413,1.9772,0.95,10,0.98,0,0
1774898315952,2026-03-30T21:18:35+02:00,idt2a,0,0.949148,34.3817,0.096016,20.9316,1.94944,0.95,10,0.98,0,0
1774898318953,2026-03-30T21:18:38+02:00,idt2a,0,0.950319,34.4286,0.095243,20.942,1.94037,0.95,10,0.98,0,0
1774898321952,2026-03-30T21:18:41+02:00,idt2a,0,0.941035,34.2449,0.0984462,20.9594,1.94758,0.95,1,0.98,0,0
1774898324953,2026-03-30T21:18:44+02:00,idt2a,0,0.943216,34.5092,0.0981673,20.9406,1.95817,0.95,1,0.98,0,0
1774898327953,2026-03-30T21:18:47+02:00,idt2a,0,0.93011,34.3733,0.0980076,20.9295,1.99633,0.95,1,0.98,0,0
1774898330955,2026-03-30T21:18:50+02:00,idt2a,0,0.926958,34.474,0.0991708,20.9414,1.97892,0.95,10,0.98,0,0
1774898333952,2026-03-30T21:18:53+02:00,idt2a,0,0.928994,34.368,0.100384,20.9252,1.95557,0.95,10,0.98,0,0
1774898336953,2026-03-30T21:18:56+02:00,idt2a,0,0.940931,34.2464,0.0992875,20.9315,1.95003,0.95,1,0.98,0,0
1774898339952,2026-03-30T21:18:59+02:00,idt2a,0,0.948542,34.3099,0.0979952,20.9511,1.96014,0.95,10,0.98,0,0
1774898342954,2026-03-30T21:19:02+02:00,idt2a,0,0.95133,34.6748,0.098107,20.9107,1.97251,0.95,1,0.98,0,0
1774898345171,2026-03-30T21:19:05+02:00,idt2a,0,0.955016,34.4901,0.0970476,20.9096,1.97881,0.95,1,0.98,0,0
1774898348160,2026-03-30T21:19:08+02:00,idt2a,0,0.946379,34.5587,0.0982227,20.906,1.99764,0.95,1,0.98,0,0
1774898351160,2026-03-30T21:19:11+02:00,idt2a,0,0.949634,34.5998,0.0993534,20.9249,1.97179,0.95,10,0.98,0,0
1774898354162,2026-03-30T21:19:14+02:00,idt2a,0,0.953903,34.3427,0.0985075,20.9123,1.99641,0.95,1,0.98,0,0
1774898357161,2026-03-30T21:19:17+02:00,idt2a,0,0.950627,34.3555,0.100234,20.9098,1.96481,0.95,1,0.98,0,0
1774898360160,2026-03-30T21:19:20+02:00,idt2a,0,0.956472,34.5186,0.0996491,20.926,1.96833,0.95,10,0.98,0,0
1774898363160,2026-03-30T21:19:23+02:00,idt2a,0,0.967285,34.5504,0.102387,20.944,1.95187,0.95,10,0.98,0,0
1774898366166,2026-03-30T21:19:26+02:00,idt2a,0,0.97312,34.4035,0.100582,20.9481,1.96075,0.95,10,0.98,0,0
1774898369161,2026-03-30T21:19:29+02:00,idt2a,0,0.97657,34.1068,0.101454,20.9523,1.95569,0.95,10,0.98,0,0
1774898372161,2026-03-30T21:19:32+02:00,idt2a,0,0.981523,33.956,0.103306,20.9332,1.9599,0.95,10,0.98,0,0
1774898375161,2026-03-30T21:19:35+02:00,idt2a,0,0.972623,34.1798,0.10065,20.9485,1.94818,0.95,1,0.98,0,0
1774898377375,2026-03-30T21:19:37+02:00,idt2a,0,0.966193,34.4318,0.102673,20.9489,1.96709,0.95,10,0.98,0,0
1774898380368,2026-03-30T21:19:40+02:00,idt2a,0,0.975698,34.3858,0.106768,20.966,1.9667,0.95,1,0.98,0,0
1774898383368,2026-03-30T21:19:43+02:00,idt2a,0,0.980659,34.4941,0.106645,20.9677,1.96399,0.95,10,0.98,0,0
1774898386368,2026-03-30T21:19:46+02:00,idt2a,0,0.970069,34.5685,0.107377,21.0054,1.97235,0.95,10,0.98,0,0
1774898389369,2026-03-30T21:19:49+02:00,idt2a,0,0.973351,34.5357,0.109788,21.0099,1.93319,0.95,10,0.98,0,0
1774898392367,2026-03-30T21:19:52+02:00,idt2a,0,0.986679,34.3499,0.110178,20.9961,1.95985,0.95,10,0.98,0,0
1774898395367,2026-03-30T21:19:55+02:00,idt2a,0,0.997264,34.6195,0.111988,21.0129,1.96844,0.95,10,0.98,0,0
1774898398368,2026-03-30T21:19:58+02:00,idt2a,0,1.00284,34.3298,0.113184,21.0201,1.94648,0.95,10,0.98,0,0
1774898401370,2026-03-30T21:20:01+02:00,idt2a,0,0.997513,34.2708,0.113538,21.0206,1.96696,0.95,10,0.98,0,0
1774898404368,2026-03-30T21:20:04+02:00,idt2a,0,1.0077,34.2441,0.114322,21.0375,1.94018,0.95,1,0.98,0,0
1774898406566,2026-03-30T21:20:06+02:00,idt2a,0,1.00838,34.0403,0.114062,21.014,1.95085,0.95,10,0.98,0,0
1774898409567,2026-03-30T21:20:09+02:00,idt2a,0,1.01263,33.9458,0.113741,21.0296,1.9564,0.95,1,0.98,0,0
1774898412571,2026-03-30T21:20:12+02:00,idt2a,0,1.01823,34.0889,0.111536,21.03,1.95486,0.95,10,0.98,0,0
1774898415565,2026-03-30T21:20:15+02:00,idt2a,0,1.01873,34.3361,0.111446,21.0028,1.94292,0.95,10,0.98,0,0
1774898418566,2026-03-30T21:20:18+02:00,idt2a,0,1.01501,34.0165,0.111346,21.0224,1.95639,0.95,10,0.98,0,0
1774898421566,2026-03-30T21:20:21+02:00,idt2a,0,1.03098,33.9705,0.11227,20.9984,1.97057,0.95,10,0.98,0,0
1774898424565,2026-03-30T21:20:24+02:00,idt2a,0,1.03072,34.0678,0.112622,20.9885,1.97139,0.95,10,0.98,0,0
1774898427566,2026-03-30T21:20:27+02:00,idt2a,0,1.03431,34.1742,0.111748,20.9908,1.98981,0.95,1,0.98,0,0
1774898430565,2026-03-30T21:20:30+02:00,idt2a,0,1.03762,33.945,0.111337,20.9644,1.98423,0.95,10,0.98,0,0
1774898433565,2026-03-30T21:20:33+02:00,idt2a,0,1.02211,33.7287,0.10882,20.9427,1.97138,0.95,10,0.98,0,0
1774898436567,2026-03-30T21:20:36+02:00,idt2a,0,1.01293,33.471,0.107779,20.961,1.95904,0.95,10,0.98,0,0
1774898438842,2026-03-30T21:20:38+02:00,idt2a,0,1.01849,33.3186,0.107302,20.9677,2.00555,0.95,1,0.98,0,0
1774898441842,2026-03-30T21:20:41+02:00,idt2a,0,1.02044,33.084,0.109685,20.9849,1.99218,0.95,10,0.98,0,0
1774898444841,2026-03-30T21:20:44+02:00,idt2a,0,1.01875,32.9974,0.111493,20.952,2.01274,0.95,10,0.98,0,0
1774898447841,2026-03-30T21:20:47+02:00,idt2a,0,1.02327,32.942,0.113527,20.9614,2.01111,0.95,10,0.98,0,0
1774898450842,2026-03-30T21:20:50+02:00,idt2a,0,1.03696,32.9031,0.113204,20.9617,2.03634,0.95,1,0.98,0,0
1774898453841,2026-03-30T21:20:53+02:00,idt2a,0,1.04377,32.8687,0.110357,20.979,2.05114,0.95,10,0.98,0,0
1774898456841,2026-03-30T21:20:56+02:00,idt2a,0,1.04011,33.3144,0.111403,20.97,2.02544,0.95,10,0.98,0,0
1774898459842,2026-03-30T21:20:59+02:00,idt2a,0,1.03559,33.4172,0.108984,20.9965,2.0289,0.95,10,0.98,0,0
1774898462841,2026-03-30T21:21:02+02:00,idt2a,0,1.03231,33.3928,0.110425,21.0273,2.01474,0.95,1,0.98,0,0
1774898465842,2026-03-30T21:21:05+02:00,idt2a,0,1.04087,33.5116,0.112644,21.0157,2.02072,0.95,10,0.98,0,0
1774898468841,2026-03-30T21:21:08+02:00,idt2a,0,1.05923,33.4898,0.114008,21.0295,2.0393,0.95,10,0.98,0,0
1774898471081,2026-03-30T21:21:11+02:00,idt2a,0,1.06633,33.4114,0.118885,21.0577,2.03088,0.95,10,0.98,0,0
1774898474081,2026-03-30T21:21:14+02:00,idt2a,0,1.07865,33.3098,0.121212,21.0378,2.04708,0.95,1,0.98,0,0
1774898477081,2026-03-30T21:21:17+02:00,idt2a,0,1.0836,33.6517,0.119195,21.0455,2.03786,0.95,10,0.98,0,0
1774898480080,2026-03-30T21:21:20+02:00,idt2a,0,1.09011,33.6332,0.116872,21.0494,2.02664,0.95,10,0.98,0,0
1774898483080,2026-03-30T21:21:23+02:00,idt2a,0,1.08661,33.9502,0.12035,21.0607,2.06526,0.95,10,0.98,0,0
1774898486081,2026-03-30T21:21:26+02:00,idt2a,0,1.08819,34.1112,0.118695,21.0379,2.0843,0.95,1,0.98,0,0
1774898489080,2026-03-30T21:21:29+02:00,idt2a,0,1.09166,34.3245,0.117574,21.0181,2.10765,0.95,10,0.98,0,0
1774898492081,2026-03-30T21:21:32+02:00,idt2a,0,1.08823,34.4661,0.117949,21.0184,2.14157,0.95,1,0.98,0,0
1774898495081,2026-03-30T21:21:35+02:00,idt2a,0,1.08278,34.3811,0.117768,21.0018,2.1639,0.95,10,0.98,0,0
1774898498080,2026-03-30T21:21:38+02:00,idt2a,0,1.08536,34.4364,0.117157,20.9836,2.16944,0.95,1,0.98,0,0
1774898501080,2026-03-30T21:21:41+02:00,idt2a,0,1.07882,34.6636,0.120551,20.9808,2.1846,0.95,10,0.98,0,0
1774898503312,2026-03-30T21:21:43+02:00,idt2a,0,1.09043,34.6223,0.124405,20.9957,2.19112,0.95,1,0.98,0,0
1774898506313,2026-03-30T21:21:46+02:00,idt2a,0,1.08614,34.7142,0.12213,20.9751,2.18014,0.95,10,0.98,0,0
1774898509313,2026-03-30T21:21:49+02:00,idt2a,0,1.08148,34.7138,0.122025,20.9888,2.15946,0.95,1,0.98,0,0
1774898512312,2026-03-30T21:21:52+02:00,idt2a,0,1.08077,35.0065,0.126059,21.0002,2.15494,0.95,10,0.98,0,0
1774898515313,2026-03-30T21:21:55+02:00,idt2a,0,1.0792,35.2243,0.128645,20.9827,2.15551,0.95,10,0.98,0,0
1774898518314,2026-03-30T21:21:58+02:00,idt2a,0,1.09017,35.363,0.128741,20.986,2.13802,0.95,1,0.98,0,0
1774898521313,2026-03-30T21:22:01+02:00,idt2a,0,1.09032,35.7847,0.132219,20.9793,2.15442,0.95,10,0.98,0,0
1774898524312,2026-03-30T21:22:04+02:00,idt2a,0,1.09518,35.5677,0.131034,20.9491,2.15844,0.95,10,0.98,0,0
1774898527312,2026-03-30T21:22:07+02:00,idt2a,0,1.09397,35.4325,0.128552,20.9659,2.16867,0.95,10,0.98,0,0
1774898530313,2026-03-30T21:22:10+02:00,idt2a,0,1.08726,35.2718,0.130488,20.9529,2.17955,0.95,1,0.98,0,0
1774898532534,2026-03-30T21:22:12+02:00,idt2a,0,1.09204,35.1248,0.131729,20.9714,2.21126,0.95,10,0.98,0,0
1774898535533,2026-03-30T21:22:15+02:00,idt2a,0,1.08864,35.0603,0.130015,20.9565,2.23443,0.95,10,0.98,0,0
1774898538533,2026-03-30T21:22:18+02:00,idt2a,0,1.09818,35.606,0.128166,20.9662,2.26015,0.95,10,0.98,0,0
1774898541535,2026-03-30T21:22:21+02:00,idt2a,0,1.10306,35.2713,0.128074,20.952,2.25025,0.95,10,0.98,0,0
1774898544533,2026-03-30T21:22:24+02:00,idt2a,0,1.10534,35.1407,0.126783,20.957,2.24782,0.95,10,0.98,0,0
1774898547534,2026-03-30T21:22:27+02:00,idt2a,0,1.11847,35.0719,0.127005,20.9817,2.23665,0.95,10,0.98,0,0
1774898550533,2026-03-30T21:22:30+02:00,idt2a,0,1.11519,34.9903,0.126936,20.9789,2.23363,0.95,10,0.98,0,0
1774898553536,2026-03-30T21:22:33+02:00,idt2a,0,1.12656,35.1394,0.129093,20.994,2.22885,0.95,1,0.98,0,0
1774898556534,2026-03-30T21:22:36+02:00,idt2a,0,1.11722,34.9484,0.130044,21.0086,2.26134,0.95,10,0.98,0,0
1774898559534,2026-03-30T21:22:39+02:00,idt2a,0,1.13057,34.8545,0.131175,21.0258,2.29339,0.95,10,0.98,0,0
1774898562534,2026-03-30T21:22:42+02:00,idt2a,0,1.12873,34.6944,0.131996,21.0284,2.30945,0.95,10,0.98,0,0
1774898564769,2026-03-30T21:22:44+02:00,idt2a,0,1.1312,34.8658,0.130913,21.0263,2.32963,0.95,1,0.98,0,0
1774898567754,2026-03-30T21:22:47+02:00,idt2a,0,1.13602,34.9559,0.131763,21.0484,2.33759,0.95,10,0.98,0,0
1774898570755,2026-03-30T21:22:50+02:00,idt2a,0,1.14877,35.2666,0.13043,21.0287,2.31027,0.95,1,0.98,0,0
1774898573755,2026-03-30T21:22:53+02:00,idt2a,0,1.14683,35.3294,0.131898,21.0561,2.28765,0.95,10,0.98,0,0
1774898576756,2026-03-30T21:22:56+02:00,idt2a,0,1.13461,35.3056,0.131969,21.0697,2.30662,0.95,1,0.98,0,0
1774898579760,2026-03-30T21:22:59+02:00,idt2a,0,1.12931,35.1556,0.128327,21.0642,2.31952,0.95,10,0.98,0,0
1774898582754,2026-03-30T21:23:02+02:00,idt2a,0,1.12741,34.908,0.129124,21.0877,2.30328,0.95,10,0.98,0,0
1774898585755,2026-03-30T21:23:05+02:00,idt2a,0,1.12695,35.2192,0.129562,21.0754,2.3176,0.95,10,0.98,0,0
1774898588763,2026-03-30T21:23:08+02:00,idt2a,0,1.13734,35.3303,0.128008,21.1016,2.30048,0.95,1,0.98,0,0
1774898591755,2026-03-30T21:23:11+02:00,idt2a,0,1.13672,35.5007,0.126663,21.0954,2.28532,0.95,10,0.98,0,0
1774898594756,2026-03-30T21:23:14+02:00,idt2a,0,1.14799,35.5362,0.128563,21.0894,2.29771,0.95,10,0.98,0,0
1774898596976,2026-03-30T21:23:16+02:00,idt2a,0,1.15048,35.4818,0.12433,21.0745,2.29978,0.95,10,0.98,0,0
1774898599981,2026-03-30T21:23:19+02:00,idt2a,0,1.14983,35.3099,0.124478,21.0688,2.26579,0.95,1,0.98,0,0
1774898602976,2026-03-30T21:23:22+02:00,idt2a,0,1.15212,35.6245,0.126175,21.0941,2.28564,0.95,1,0.98,0,0
1774898605975,2026-03-30T21:23:25+02:00,idt2a,0,1.15533,35.5964,0.128154,21.0803,2.27039,0.95,10,0.98,0,0
1774898608976,2026-03-30T21:23:28+02:00,idt2a,0,1.16084,35.8517,0.129027,21.07,2.26996,0.95,1,0.98,0,0
1774898611976,2026-03-30T21:23:31+02:00,idt2a,0,1.16964,35.8387,0.127119,21.0866,2.2686,0.95,10,0.98,0,0
1774898614976,2026-03-30T21:23:34+02:00,idt2a,0,1.16189,36.0573,0.12677,21.1017,2.308,0.95,10,0.98,0,0
1774898617976,2026-03-30T21:23:37+02:00,idt2a,0,1.16959,35.8549,0.126849,21.1215,2.29375,0.95,10,0.98,0,0
1774898620977,2026-03-30T21:23:40+02:00,idt2a,0,1.17325,35.6726,0.125595,21.1044,2.31268,0.95,1,0.98,0,0
1774898623977,2026-03-30T21:23:43+02:00,idt2a,0,1.16834,35.7147,0.126229,21.0801,2.29622,0.95,10,0.98,0,0
1774898626977,2026-03-30T21:23:46+02:00,idt2a,0,1.17724,35.7968,0.12492,21.1136,2.27627,0.95,1,0.98,0,0
1774898629200,2026-03-30T21:23:49+02:00,idt2a,0,1.17936,35.5868,0.12369,21.082,2.26902,0.95,1,0.98,0,0
1774898632201,2026-03-30T21:23:52+02:00,idt2a,0,1.19272,35.5693,0.125122,21.0977,2.23271,0.95,10,0.98,0,0
1774898635202,2026-03-30T21:23:55+02:00,idt2a,0,1.19205,35.5045,0.123642,21.059,2.21135,0.95,1,0.98,0,0
1774898638206,2026-03-30T21:23:58+02:00,idt2a,0,1.1992,35.3361,0.125449,21.0605,2.25563,0.95,1,0.98,0,0
1774898641200,2026-03-30T21:24:01+02:00,idt2a,0,1.19454,35.5449,0.12269,21.0443,2.26507,0.95,10,0.98,0,0
1774898644201,2026-03-30T21:24:04+02:00,idt2a,0,1.2097,35.8651,0.121811,21.0275,2.2811,0.95,1,0.98,0,0
1774898647201,2026-03-30T21:24:07+02:00,idt2a,0,1.22088,35.8085,0.122815,21.0302,2.3033,0.95,10,0.98,0,0
1774898650206,2026-03-30T21:24:10+02:00,idt2a,0,1.22912,36.1817,0.124319,21.0603,2.3398,0.95,10,0.98,0,0
1774898653201,2026-03-30T21:24:13+02:00,idt2a,0,1.22251,36.3035,0.12177,21.0763,2.30608,0.95,10,0.98,0,0
1774898656201,2026-03-30T21:24:16+02:00,idt2a,0,1.23026,36.5454,0.122656,21.0777,2.29302,0.95,1,0.98,0,0
1774898658428,2026-03-30T21:24:18+02:00,idt2a,0,1.2325,36.674,0.122517,21.0795,2.29806,0.95,1,0.98,0,0
1774898661433,2026-03-30T21:24:21+02:00,idt2a,0,1.23228,36.6607,0.122689,21.0761,2.29041,0.95,10,0.98,0,0
1774898664426,2026-03-30T21:24:24+02:00,idt2a,0,1.24201,36.8591,0.122769,21.0611,2.3214,0.95,10,0.98,0,0
1774898667426,2026-03-30T21:24:27+02:00,idt2a,0,1.23838,36.77,0.12564,21.0637,2.34236,0.95,1,0.98,0,0
1774898670428,2026-03-30T21:24:30+02:00,idt2a,0,1.24367,36.8042,0.123392,21.0822,2.35474,0.95,1,0.98,0,0
1774898673428,2026-03-30T21:24:33+02:00,idt2a,0,1.24104,36.9351,0.121757,21.0841,2.3942,0.95,1,0.98,0,0
1774898676426,2026-03-30T21:24:36+02:00,idt2a,0,1.24232,36.9606,0.122818,21.0867,2.41262,0.95,10,0.98,0,0
1774898679426,2026-03-30T21:24:39+02:00,idt2a,0,1.24277,36.959,0.124306,21.0891,2.40313,0.95,10,0.98,0,0
1774898682426,2026-03-30T21:24:42+02:00,idt2a,0,1.25073,37.2487,0.125802,21.0881,2.40843,0.95,10,0.98,0,0
1774898685426,2026-03-30T21:24:45+02:00,idt2a,0,1.2576,37.128,0.125447,21.079,2.41508,0.95,10,0.98,0,0
1774898688426,2026-03-30T21:24:48+02:00,idt2a,0,1.26722,36.7683,0.123274,21.0692,2.42796,0.95,10,0.98,0,0
1774898690649,2026-03-30T21:24:50+02:00,idt2a,0,1.27253,37.0571,0.124137,21.0574,2.43951,0.95,1,0.98,0,0
1774898693652,2026-03-30T21:24:53+02:00,idt2a,0,1.27517,36.97,0.124577,21.0731,2.46274,0.95,10,0.98,0,0
1774898696649,2026-03-30T21:24:56+02:00,idt2a,0,1.28083,37.175,0.124904,21.1026,2.46332,0.95,1,0.98,0,0
1774898699648,2026-03-30T21:24:59+02:00,idt2a,0,1.28892,37.2219,0.124912,21.1015,2.49671,0.95,10,0.98,0,0
1774898702648,2026-03-30T21:25:02+02:00,idt2a,0,1.28639,37.2691,0.125994,21.0672,2.51864,0.95,10,0.98,0,0
1774898705656,2026-03-30T21:25:05+02:00,idt2a,0,1.28847,37.0418,0.126174,21.0716,2.52442,0.95,1,0.98,0,0
1774898708649,2026-03-30T21:25:08+02:00,idt2a,0,1.29205,36.9911,0.127146,21.069,2.51524,0.95,1,0.98,0,0
1774898711648,2026-03-30T21:25:11+02:00,idt2a,0,1.30187,36.803,0.12824,21.0649,2.52161,0.95,10,0.98,0,0
1774898714648,2026-03-30T21:25:14+02:00,idt2a,0,1.30355,36.8613,0.127697,21.0758,2.53057,0.95,1,0.98,0,0
1774898717648,2026-03-30T21:25:17+02:00,idt2a,0,1.30262,37.1231,0.124458,21.0934,2.52311,0.95,1,0.98,0,0
1774898720649,2026-03-30T21:25:20+02:00,idt2a,0,1.29999,37.2436,0.125906,21.0685,2.52504,0.95,10,0.98,0,0
1774898722888,2026-03-30T21:25:22+02:00,idt2a,0,1.30694,37.2671,0.12493,21.0752,2.5101,0.95,1,0.98,0,0
1774898725888,2026-03-30T21:25:25+02:00,idt2a,0,1.31205,37.1053,0.123478,21.061,2.51245,0.95,10,0.98,0,0
1774898728889,2026-03-30T21:25:28+02:00,idt2a,0,1.30126,37.1941,0.124069,21.0444,2.50866,0.95,10,0.98,0,0
1774898731889,2026-03-30T21:25:31+02:00,idt2a,0,1.30225,37.0946,0.125299,21.0457,2.52789,0.95,1,0.98,0,0
1774898734888,2026-03-30T21:25:34+02:00,idt2a,0,1.31175,37.4102,0.127859,21.0417,2.49565,0.95,1,0.98,0,0
1774898737888,2026-03-30T21:25:37+02:00,idt2a,0,1.30348,37.48,0.127484,21.0555,2.48574,0.95,10,0.98,0,0
1774898740889,2026-03-30T21:25:40+02:00,idt2a,0,1.3003,37.4356,0.129436,21.0435,2.46355,0.95,1,0.98,0,0
1774898743888,2026-03-30T21:25:43+02:00,idt2a,0,1.29965,37.3705,0.129528,21.0547,2.45923,0.95,1,0.98,0,0
1774898746888,2026-03-30T21:25:46+02:00,idt2a,0,1.29765,37.2078,0.130975,21.0236,2.49146,0.95,1,0.98,0,0
1774898749888,2026-03-30T21:25:49+02:00,idt2a,0,1.30082,37.2649,0.129375,21.0203,2.48575,0.95,1,0.98,0,0
1774898752890,2026-03-30T21:25:52+02:00,idt2a,0,1.29392,36.9604,0.131506,21.0316,2.50978,0.95,1,0.98,0,0
1774898755166,2026-03-30T21:25:55+02:00,idt2a,0,1.29363,37.0818,0.128891,21.0199,2.53509,0.95,1,0.98,0,0
1774898758156,2026-03-30T21:25:58+02:00,idt2a,0,1.29416,37.3337,0.129398,21.0065,2.53271,0.95,1,0.98,0,0
1774898761156,2026-03-30T21:26:01+02:00,idt2a,0,1.30089,37.2189,0.128151,21.0041,2.53674,0.95,1,0.98,0,0
1774898764178,2026-03-30T21:26:04+02:00,idt2a,0,1.29615,37.488,0.12967,20.9897,2.53559,0.95,1,0.98,0,0
1774898767156,2026-03-30T21:26:07+02:00,idt2a,0,1.29015,37.7744,0.131733,20.9717,2.54651,0.95,1,0.98,0,0
1774898770156,2026-03-30T21:26:10+02:00,idt2a,0,1.29394,37.8793,0.130803,20.9825,2.55658,0.95,1,0.98,0,0
1774898773156,2026-03-30T21:26:13+02:00,idt2a,0,1.30441,38.0803,0.131597,20.9628,2.56478,0.95,1,0.98,0,0
