timestamp_ms,timestamp_iso,source_cdt,active_provider,on_fallback,ch4_avg,co_avg,o2_avg,accuracy,latency_ms,reliability,qos_degraded,safe_for_entry,gate_status
1774896174939,2026-03-30T20:42:54+02:00,cdt2,idt2a,0,0.0909618,5.47855,20.8843,0.95,1,0.98,0,1,open
1774896178957,2026-03-30T20:42:58+02:00,cdt2,idt2a,0,0.0954142,5.63265,20.8758,0.95,1,0.98,0,1,open
1774896181921,2026-03-30T20:43:01+02:00,cdt2,idt2a,0,0.0822397,5.97661,20.8625,0.95,10,0.98,0,1,open
1774896185921,2026-03-30T20:43:05+02:00,cdt2,idt2a,0,0.0905152,5.87561,20.8904,0.95,1,0.98,0,1,open
1774896189900,2026-03-30T20:43:09+02:00,cdt2,idt2a,0,0.0829795,5.95724,20.8783,0.95,10,0.98,0,1,open
1774896193901,2026-03-30T20:43:13+02:00,cdt2,idt2a,0,0.0822534,5.90681,20.8884,0.95,1,0.98,0,1,open
1774896197904,2026-03-30T20:43:17+02:00,cdt2,idt2a,0,0.109991,5.86781,20.9066,0.95,10,0.98,0,1,open
1774896201901,2026-03-30T20:43:21+02:00,cdt2,idt2a,0,0.116937,5.78781,20.873,0.95,10,0.98,0,1,open
1774896205911,2026-03-30T20:43:25+02:00,cdt2,idt2a,0,0.122993,6.11054,20.8617,0.95,10,0.98,0,1,open
1774896209916,2026-03-30T20:43:29+02:00,cdt2,idt2a,0,0.121506,5.93296,20.9113,0.95,10,0.98,0,1,open
1774896212864,2026-03-30T20:43:32+02:00,cdt2,idt2a,0,0.130089,5.9812,20.8778,0.95,10,0.98,0,1,open
1774896216874,2026-03-30T20:43:36+02:00,cdt2,idt2a,0,0.131718,6.12839,20.8998,0.95,10,0.98,0,1,open
1774896220874,2026-03-30T20:43:40+02:00,cdt2,idt2a,0,0.122442,5.9767,20.9217,0.95,10,0.98,0,1,open
1774896224884,2026-03-30T20:43:44+02:00,cdt2,idt2a,0,0.125085,6.17367,20.9477,0.95,1,0.98,0,1,open
1774896228867,2026-03-30T20:43:48+02:00,cdt2,idt2a,0,0.13397,6.18077,20.9471,0.95,10,0.98,0,1,open
1774896232873,2026-03-30T20:43:52+02:00,cdt2,idt2a,0,0.126066,6.18635,20.8961,0.95,10,0.98,0,1,open
1774896236944,2026-03-30T20:43:56+02:00,cdt2,idt2a,0,0.135546,6.01654,20.8985,0.95,1,0.98,0,1,open
1774896240876,2026-03-30T20:44:00+02:00,cdt2,idt2a,0,0.125399,5.88422,20.8774,0.95,10,0.98,0,1,open
1774896243905,2026-03-30T20:44:03+02:00,cdt2,idt2a,0,0.101427,6.05182,20.8885,0.95,10,0.98,0,1,open
1774896247853,2026-03-30T20:44:07+02:00,cdt2,idt2a,0,0.0901011,5.87938,20.8746,0.95,1,0.98,0,1,open
1774896251857,2026-03-30T20:44:11+02:00,cdt2,idt2a,0,0.082738,6.08807,20.8791,0.95,10,0.98,0,1,open
1774896255906,2026-03-30T20:44:15+02:00,cdt2,idt2a,0,0.0895933,6.28783,20.9103,0.95,1,0.98,0,1,open
1774896259854,2026-03-30T20:44:19+02:00,cdt2,idt2a,0,0.0817825,6.29339,20.9295,0.95,10,0.98,0,1,open
1774896263853,2026-03-30T20:44:23+02:00,cdt2,idt2a,0,0.0952855,6.56577,20.9549,0.95,10,0.98,0,1,open
1774896267828,2026-03-30T20:44:27+02:00,cdt2,idt2a,0,0.0987801,6.12301,20.9362,0.95,10,0.98,0,1,open
1774896271859,2026-03-30T20:44:31+02:00,cdt2,idt2a,0,0.0960671,6.18191,20.9136,0.95,1,0.98,0,1,open
1774896274788,2026-03-30T20:44:34+02:00,cdt2,idt2a,0,0.0959269,6.36263,20.9266,0.95,10,0.98,0,1,open
1774896278805,2026-03-30T20:44:38+02:00,cdt2,idt2a,0,0.0989347,6.40906,20.9159,0.95,1,0.98,0,1,open
1774896282789,2026-03-30T20:44:42+02:00,cdt2,idt2a,0,0.0919254,6.59234,20.9253,0.95,1,0.98,0,1,open
1774896286803,2026-03-30T20:44:46+02:00,cdt2,idt2a,0,0.0880315,6.50141,20.9213,0.95,10,0.98,0,1,open
1774896290789,2026-03-30T20:44:50+02:00,cdt2,idt2a,0,0.113657,6.17368,20.9113,0.95,10,0.98,0,1,open
1774896294786,2026-03-30T20:44:54+02:00,cdt2,idt2a,0,0.124304,5.92814,20.8822,0.95,10,0.98,0,1,open
1774896298802,2026-03-30T20:44:58+02:00,cdt2,idt2a,0,0.134816,6.06774,20.8785,0.95,10,0.98,0,1,open
1774896302790,2026-03-30T20:45:02+02:00,cdt2,idt2a,0,0.150739,6.06154,20.8965,0.95,10,0.98,0,1,open
1774896306803,2026-03-30T20:45:06+02:00,cdt2,idt2a,0,0.152992,6.29708,20.884,0.95,10,0.98,0,1,open
1774896309770,2026-03-30T20:45:09+02:00,cdt2,idt2a,0,0.153446,6.43022,20.8933,0.95,10,0.98,0,1,open
1774896313770,2026-03-30T20:45:13+02:00,cdt2,idt2a,0,0.161952,6.44709,20.9308,0.95,10,0.98,0,1,open
1774896317769,2026-03-30T20:45:17+02:00,cdt2,idt2a,0,0.155117,6.79036,20.9161,0.95,10,0.98,0,1,open
1774896321757,2026-03-30T20:45:21+02:00,cdt2,idt2a,0,0.151202,6.77191,20.9406,0.95,1,0.98,0,1,open
1774896325808,2026-03-30T20:45:25+02:00,cdt2,idt2a,0,0.155391,6.83389,20.9942,0.95,10,0.98,0,1,open
1774896329834,2026-03-30T20:45:29+02:00,cdt2,idt2a,0,0.162229,6.90095,21.0033,0.95,10,0.98,0,1,open
1774896333820,2026-03-30T20:45:33+02:00,cdt2,idt2a,0,0.160077,7.02629,21.0112,0.95,10,0.98,0,1,open
1774896337785,2026-03-30T20:45:37+02:00,cdt2,idt2a,0,0.159238,7.02004,20.9962,0.95,1,0.98,0,1,open
1774896340734,2026-03-30T20:45:40+02:00,cdt2,idt2a,0,0.149936,6.83004,20.9845,0.95,10,0.98,0,1,open
1774896344734,2026-03-30T20:45:44+02:00,cdt2,idt2a,0,0.139663,6.82429,20.9904,0.95,10,0.98,0,1,open
1774896348731,2026-03-30T20:45:48+02:00,cdt2,idt2a,0,0.143245,6.62769,20.9636,0.95,10,0.98,0,1,open
1774896352736,2026-03-30T20:45:52+02:00,cdt2,idt2a,0,0.152222,6.73804,20.9662,0.95,10,0.98,0,1,open
1774896356735,2026-03-30T20:45:56+02:00,cdt2,idt2a,0,0.149665,7.11417,20.9417,0.95,10,0.98,0,0,conditional
1774896360734,2026-03-30T20:46:00+02:00,cdt2,idt2a,0,0.155201,6.56288,20.9035,0.95,1,0.98,0,0,conditional
1774896364732,2026-03-30T20:46:04+02:00,cdt2,idt2a,0,0.152618,6.59013,20.8939,0.95,1,0.98,0,0,conditional
1774896368735,2026-03-30T20:46:08+02:00,cdt2,idt2a,0,0.154425,6.74717,20.9288,0.95,10,0.98,0,0,conditional
1774896371702,2026-03-30T20:46:11+02:00,cdt2,idt2a,0,0.152383,6.66378,20.9372,0.95,10,0.98,0,0,closed
1774896375703,2026-03-30T20:46:15+02:00,cdt2,idt2a,0,0.143593,6.65049,20.9502,0.95,10,0.98,0,0,closed
1774896379701,2026-03-30T20:46:19+02:00,cdt2,idt2a,0,0.138293,6.69206,20.9556,0.95,10,0.98,0,0,closed
1774896383703,2026-03-30T20:46:23+02:00,cdt2,idt2a,0,0.152208,6.84847,20.927,0.95,10,0.98,0,0,closed
1774896387778,2026-03-30T20:46:27+02:00,cdt2,idt2a,0,0.161754,6.77346,20.9594,0.95,1,0.98,0,0,closed
1774896391713,2026-03-30T20:46:31+02:00,cdt2,idt2a,0,0.163595,6.91745,20.9365,0.95,10,0.98,0,0,closed
1774896395718,2026-03-30T20:46:35+02:00,cdt2,idt2a,0,0.165049,7.15064,20.9414,0.95,1,0.98,0,0,closed
1774896399717,2026-03-30T20:46:39+02:00,cdt2,idt2a,0,0.174304,6.95317,20.9194,0.95,10,0.98,0,0,closed
1774896402680,2026-03-30T20:46:42+02:00,cdt2,idt2a,0,0.166729,7.33825,20.9193,0.95,10,0.98,0,0,closed
1774896406685,2026-03-30T20:46:46+02:00,cdt2,idt2a,0,0.147102,7.54789,20.9206,0.95,10,0.98,0,0,closed
1774896410682,2026-03-30T20:46:50+02:00,cdt2,idt2a,0,0.143333,7.37705,20.9536,0.95,10,0.98,0,0,closed
1774896414682,2026-03-30T20:46:54+02:00,cdt2,idt2a,0,0.148497,7.51942,20.9232,0.95,10,0.98,0,0,closed
1774896418682,2026-03-30T20:46:58+02:00,cdt2,idt2a,0,0.152285,7.546,20.9612,0.95,1,0.98,0,0,closed
1774896422681,2026-03-30T20:47:02+02:00,cdt2,idt2a,0,0.156408,7.46494,20.9601,0.95,10,0.98,0,0,closed
1774896426707,2026-03-30T20:47:06+02:00,cdt2,idt2a,0,0.146868,7.57873,20.9766,0.95,1,0.98,0,0,closed
1774896430679,2026-03-30T20:47:10+02:00,cdt2,idt2a,0,0.14719,7.89768,20.9627,0.95,10,0.98,0,0,closed
1774896433651,2026-03-30T20:47:13+02:00,cdt2,idt2a,0,0.158052,7.79835,20.9687,0.95,1,0.98,0,0,closed
1774896437651,2026-03-30T20:47:17+02:00,cdt2,idt2a,0,0.164796,7.79592,20.9799,0.95,10,0.98,0,0,closed
1774896441652,2026-03-30T20:47:21+02:00,cdt2,idt2a,0,0.17056,7.86502,20.9585,0.95,10,0.98,0,0,closed
1774896445670,2026-03-30T20:47:25+02:00,cdt2,idt2a,0,0.163143,7.91317,20.9747,0.95,10,0.98,0,0,closed
1774896449657,2026-03-30T20:47:29+02:00,cdt2,idt2a,0,0.156539,7.84228,20.9756,0.95,10,0.98,0,0,closed
1774896453672,2026-03-30T20:47:33+02:00,cdt2,idt2a,0,0.188124,7.73378,20.996,0.95,10,0.98,0,0,closed
1774896457684,2026-03-30T20:47:37+02:00,cdt2,idt2a,0,0.199692,8.03289,21.0129,0.95,10,0.98,0,0,closed
1774896461648,2026-03-30T20:47:41+02:00,cdt2,idt2a,0,0.201556,8.41411,20.9984,0.95,10,0.98,0,0,closed
1774896464652,2026-03-30T20:47:44+02:00,cdt2,idt2a,0,0.197343,8.46734,20.9888,0.95,10,0.98,0,0,closed
1774896468692,2026-03-30T20:47:48+02:00,cdt2,idt2a,0,0.191362,8.68771,21.0061,0.95,1,0.98,0,0,closed
1774896472632,2026-03-30T20:47:52+02:00,cdt2,idt2a,0,0.206808,8.75212,20.9883,0.95,10,0.98,0,0,closed
1774896476630,2026-03-30T20:47:56+02:00,cdt2,idt2a,0,0.196288,8.69219,21.0258,0.95,10,0.98,0,0,closed
1774896480658,2026-03-30T20:48:00+02:00,cdt2,idt2a,0,0.197866,8.54164,21.0208,0.95,10,0.98,0,0,closed
1774896484659,2026-03-30T20:48:04+02:00,cdt2,idt2a,0,0.195886,8.48959,21.0132,0.95,1,0.98,0,0,closed
1774896488652,2026-03-30T20:48:08+02:00,cdt2,idt2a,0,0.20126,8.95842,21.0214,0.95,1,0.98,0,0,closed
1774896492663,2026-03-30T20:48:12+02:00,cdt2,idt2a,0,0.201106,9.10724,21.0484,0.95,1,0.98,0,0,closed
1774896495654,2026-03-30T20:48:15+02:00,cdt2,idt2a,0,0.209039,9.22743,21.063,0.95,10,0.98,0,0,closed
1774896499619,2026-03-30T20:48:19+02:00,cdt2,idt2a,0,0.224077,9.05948,21.0202,0.95,1,0.98,0,0,closed
1774896503639,2026-03-30T20:48:23+02:00,cdt2,idt2a,0,0.206117,9.01235,21.037,0.95,1,0.98,0,0,closed
1774896507627,2026-03-30T20:48:27+02:00,cdt2,idt2a,0,0.199822,9.18506,21.0558,0.95,1,0.98,0,0,closed
1774896511624,2026-03-30T20:48:31+02:00,cdt2,idt2a,0,0.199623,9.91266,21.054,0.95,10,0.98,0,0,closed
1774896515619,2026-03-30T20:48:35+02:00,cdt2,idt2a,0,0.202709,10.0264,21.0757,0.95,10,0.98,0,0,closed
1774896519617,2026-03-30T20:48:39+02:00,cdt2,idt2a,0,0.199688,10.3083,21.0918,0.95,1,0.98,0,0,closed
1774896523630,2026-03-30T20:48:43+02:00,cdt2,idt2a,0,0.195901,10.5681,21.133,0.95,1,0.98,0,0,closed
1774896526588,2026-03-30T20:48:46+02:00,cdt2,idt2a,0,0.184705,10.6248,21.1307,0.95,10,0.98,0,0,closed
1774896530601,2026-03-30T20:48:50+02:00,cdt2,idt2a,0,0.178047,10.6045,21.1091,0.95,10,0.98,0,0,closed
1774896534606,2026-03-30T20:48:54+02:00,cdt2,idt2a,0,0.192285,10.6294,21.0986,0.95,1,0.98,0,0,closed
1774896538602,2026-03-30T20:48:58+02:00,cdt2,idt2a,0,0.197809,10.7716,21.0839,0.95,10,0.98,0,0,closed
1774896542584,2026-03-30T20:49:02+02:00,cdt2,idt2a,0,0.207936,10.861,21.0821,0.95,1,0.98,0,0,closed
1774896546582,2026-03-30T20:49:06+02:00,cdt2,idt2a,0,0.208078,11.1568,21.0981,0.95,10,0.98,0,0,closed
1774896550583,2026-03-30T20:49:10+02:00,cdt2,idt2a,0,0.215065,10.9813,21.1029,0.95,10,0.98,0,0,closed
1774896554588,2026-03-30T20:49:14+02:00,cdt2,idt2a,0,0.212836,11.1976,21.1284,0.95,10,0.98,0,0,closed
1774896557590,2026-03-30T20:49:17+02:00,cdt2,idt2a,0,0.209355,11.4633,21.1439,0.95,10,0.98,0,0,closed
1774896561567,2026-03-30T20:49:21+02:00,cdt2,idt2a,0,0.215982,11.6162,21.152,0.95,10,0.98,0,0,closed
1774896565568,2026-03-30T20:49:25+02:00,cdt2,idt2a,0,0.221534,11.546,21.1614,0.95,10,0.98,0,0,closed
1774896569568,2026-03-30T20:49:29+02:00,cdt2,idt2a,0,0.209692,11.5018,21.1742,0.95,10,0.98,0,0,closed
1774896573575,2026-03-30T20:49:33+02:00,cdt2,idt2a,0,0.211532,11.4794,21.1893,0.95,1,0.98,0,0,closed
1774896577568,2026-03-30T20:49:37+02:00,cdt2,idt2a,0,0.222222,11.7717,21.1467,0.95,10,0.98,0,0,closed
1774896581575,2026-03-30T20:49:41+02:00,cdt2,idt2a,0,0.223102,11.7256,21.1854,0.95,1,0.98,0,0,closed
1774896585572,2026-03-30T20:49:45+02:00,cdt2,idt2a,0,0.232716,11.9383,21.1798,0.95,10,0.98,0,0,closed
1774896588548,2026-03-30T20:49:48+02:00,cdt2,idt2a,0,0.238232,12.2726,21.1602,0.95,10,0.98,0,0,closed
1774896592546,2026-03-30T20:49:52+02:00,cdt2,idt2a,0,0.249524,12.3838,21.1524,0.95,10,0.98,0,0,closed
1774896596574,2026-03-30T20:49:56+02:00,cdt2,idt2a,0,0.246719,12.1486,21.1693,0.95,10,0.98,0,0,closed
1774896600578,2026-03-30T20:50:00+02:00,cdt2,idt2a,0,0.237763,12.1997,21.163,0.95,10,0.98,0,0,closed
1774896604574,2026-03-30T20:50:04+02:00,cdt2,idt2a,0,0.24204,11.8027,21.1946,0.95,1,0.98,0,0,closed
1774896608552,2026-03-30T20:50:08+02:00,cdt2,idt2a,0,0.252906,11.8882,21.1975,0.95,1,0.98,0,0,closed
1774896612567,2026-03-30T20:50:12+02:00,cdt2,idt2a,0,0.25071,11.9038,21.1977,0.95,10,0.98,0,0,closed
1774896616562,2026-03-30T20:50:16+02:00,cdt2,idt2a,0,0.256087,11.8831,21.2381,0.95,10,0.98,0,0,closed
1774896619554,2026-03-30T20:50:19+02:00,cdt2,idt2a,0,0.263017,11.9582,21.2225,0.95,1,0.98,0,0,closed
1774896623551,2026-03-30T20:50:23+02:00,cdt2,idt2a,0,0.272054,12.1987,21.2169,0.95,10,0.98,0,0,closed
1774896627548,2026-03-30T20:50:27+02:00,cdt2,idt2a,0,0.257778,12.8356,21.2304,0.95,1,0.98,0,0,closed
1774896631546,2026-03-30T20:50:31+02:00,cdt2,idt2a,0,0.258101,12.9452,21.2098,0.95,10,0.98,0,0,closed
1774896635542,2026-03-30T20:50:35+02:00,cdt2,idt2a,0,0.257876,13.1158,21.2147,0.95,1,0.98,0,0,closed
1774896639541,2026-03-30T20:50:39+02:00,cdt2,idt2a,0,0.277241,13.0207,21.1969,0.95,1,0.98,0,0,closed
1774896643569,2026-03-30T20:50:43+02:00,cdt2,idt2a,0,0.287338,13.0676,21.2229,0.95,10,0.98,0,0,closed
1774896647567,2026-03-30T20:50:47+02:00,cdt2,idt2a,0,0.29225,12.6486,21.2439,0.95,1,0.98,0,0,closed
1774896650549,2026-03-30T20:50:50+02:00,cdt2,idt2a,0,0.279441,12.5667,21.2127,0.95,10,0.98,0,0,closed
1774896654526,2026-03-30T20:50:54+02:00,cdt2,idt2a,0,0.267023,12.5436,21.2269,0.95,1,0.98,0,0,closed
1774896658527,2026-03-30T20:50:58+02:00,cdt2,idt2a,0,0.267713,12.5522,21.2335,0.95,10,0.98,0,0,closed
1774896662548,2026-03-30T20:51:02+02:00,cdt2,idt2a,0,0.266241,12.5105,21.26,0.95,1,0.98,0,0,closed
1774896666526,2026-03-30T20:51:06+02:00,cdt2,idt2a,0,0.258826,12.561,21.2727,0.95,10,0.98,0,0,closed
1774896670526,2026-03-30T20:51:10+02:00,cdt2,idt2a,0,0.258157,12.5121,21.2759,0.95,1,0.98,0,0,closed
1774896674544,2026-03-30T20:51:14+02:00,cdt2,idt2a,0,0.273043,12.5624,21.2812,0.95,1,0.98,0,0,closed
1774896678554,2026-03-30T20:51:18+02:00,cdt2,idt2a,0,0.276935,12.8768,21.2937,0.95,10,0.98,0,0,closed
1774896681527,2026-03-30T20:51:21+02:00,cdt2,idt2a,0,0.281219,12.9099,21.3058,0.95,10,0.98,0,0,closed
1774896685525,2026-03-30T20:51:25+02:00,cdt2,idt2a,0,0.31301,13.0428,21.318,0.95,1,0.98,0,0,closed
1774896689521,2026-03-30T20:51:29+02:00,cdt2,idt2a,0,0.310473,12.8344,21.3102,0.95,1,0.98,0,0,closed
1774896693518,2026-03-30T20:51:33+02:00,cdt2,idt2a,0,0.316012,12.667,21.3224,0.95,10,0.98,0,0,closed
1774896697510,2026-03-30T20:51:37+02:00,cdt2,idt2a,0,0.30723,12.5413,21.2996,0.95,10,0.98,0,0,closed
1774896701526,2026-03-30T20:51:41+02:00,cdt2,idt2a,0,0.310951,12.6638,21.296,0.95,10,0.98,0,0,closed
1774896705511,2026-03-30T20:51:45+02:00,cdt2,idt2a,0,0.307505,12.8278,21.3087,0.95,1,0.98,0,0,closed
1774896709511,2026-03-30T20:51:49+02:00,cdt2,idt2a,0,0.313579,12.9909,21.3284,0.95,10,0.98,0,0,closed
1774896712521,2026-03-30T20:51:52+02:00,cdt2,idt2a,0,0.319299,13.0589,21.3289,0.95,10,0.98,0,0,closed
1774896716531,2026-03-30T20:51:56+02:00,cdt2,idt2a,0,0.330127,13.0904,21.3264,0.95,1,0.98,0,0,closed
1774896720534,2026-03-30T20:52:00+02:00,cdt2,idt2a,0,0.343923,13.0783,21.36,0.95,10,0.98,0,0,closed
1774896724532,2026-03-30T20:52:04+02:00,cdt2,idt2a,0,0.336804,13.2285,21.3346,0.95,10,0.98,0,0,closed
1774896728513,2026-03-30T20:52:08+02:00,cdt2,idt2a,0,0.338064,13.2274,21.3363,0.95,1,0.98,0,0,closed
1774896732533,2026-03-30T20:52:12+02:00,cdt2,idt2a,0,0.348329,13.7012,21.3403,0.95,1,0.98,0,0,closed
1774896736531,2026-03-30T20:52:16+02:00,cdt2,idt2a,0,0.347507,13.622,21.3194,0.95,1,0.98,0,0,closed
1774896740530,2026-03-30T20:52:20+02:00,cdt2,idt2a,0,0.361383,13.3309,21.3055,0.95,1,0.98,0,0,closed
1774896743499,2026-03-30T20:52:23+02:00,cdt2,idt2a,0,0.357293,13.3911,21.3079,0.95,10,0.98,0,0,closed
1774896747505,2026-03-30T20:52:27+02:00,cdt2,idt2a,0,0.35545,13.4712,21.3053,0.95,1,0.98,0,0,closed
1774896751511,2026-03-30T20:52:31+02:00,cdt2,idt2a,0,0.347835,13.9776,21.3018,0.95,10,0.98,0,0,closed
1774896755515,2026-03-30T20:52:35+02:00,cdt2,idt2a,0,0.347201,14.2702,21.3309,0.95,10,0.98,0,0,closed
1774896759509,2026-03-30T20:52:39+02:00,cdt2,idt2a,0,0.348211,14.1128,21.3245,0.95,10,0.98,0,0,closed
1774896763573,2026-03-30T20:52:43+02:00,cdt2,idt2a,0,0.34353,14.0432,21.3216,0.95,10,0.98,0,0,closed
1774896767523,2026-03-30T20:52:47+02:00,cdt2,idt2a,0,0.347791,14.2827,21.3146,0.95,10,0.98,0,0,closed
1774896771551,2026-03-30T20:52:51+02:00,cdt2,idt2a,0,0.34557,14.5175,21.289,0.95,10,0.98,0,0,closed
1774896774515,2026-03-30T20:52:54+02:00,cdt2,idt2a,0,0.341679,14.8774,21.2802,0.95,1,0.98,0,0,closed
1774896778514,2026-03-30T20:52:58+02:00,cdt2,idt2a,0,0.33532,14.8054,21.2635,0.95,1,0.98,0,0,closed
1774896782512,2026-03-30T20:53:02+02:00,cdt2,idt2a,0,0.335689,14.7202,21.2842,0.95,1,0.98,0,0,closed
1774896786512,2026-03-30T20:53:06+02:00,cdt2,idt2a,0,0.331684,14.7066,21.2539,0.95,10,0.98,0,0,closed
1774896790509,2026-03-30T20:53:10+02:00,cdt2,idt2a,0,0.334839,14.644,21.2229,0.95,1,0.98,0,0,closed
1774896794506,2026-03-30T20:53:14+02:00,cdt2,idt2a,0,0.330059,14.6216,21.2241,0.95,1,0.98,0,0,closed
1774896798503,2026-03-30T20:53:18+02:00,cdt2,idt2a,0,0.32544,15.07,21.2459,0.95,10,0.98,0,0,closed
1774896802530,2026-03-30T20:53:22+02:00,cdt2,idt2a,0,0.322968,15.2067,21.2709,0.95,1,0.98,0,0,closed
1774896806526,2026-03-30T20:53:26+02:00,cdt2,idt2a,0,0.322106,15.4402,21.2402,0.95,10,0.98,0,0,closed
1774896809512,2026-03-30T20:53:29+02:00,cdt2,idt2a,0,0.314029,15.2019,21.2459,0.95,10,0.98,0,0,closed
1774896813508,2026-03-30T20:53:33+02:00,cdt2,idt2a,0,0.320724,15.1696,21.2484,0.95,10,0.98,0,0,closed
1774896817507,2026-03-30T20:53:37+02:00,cdt2,idt2a,0,0.318933,14.992,21.2308,0.95,1,0.98,0,0,closed
1774896821525,2026-03-30T20:53:41+02:00,cdt2,idt2a,0,0.31416,15.1318,21.2264,0.95,1,0.98,0,0,closed
1774896825524,2026-03-30T20:53:45+02:00,cdt2,idt2a,0,0.307037,15.0139,21.2132,0.95,10,0.98,0,0,closed
1774896829518,2026-03-30T20:53:49+02:00,cdt2,idt2a,0,0.306733,14.8123,21.2126,0.95,1,0.98,0,0,closed
1774896833523,2026-03-30T20:53:53+02:00,cdt2,idt2a,0,0.299149,15.1219,21.2222,0.95,10,0.98,0,0,closed
1774896837521,2026-03-30T20:53:57+02:00,cdt2,idt2a,0,0.29442,14.6763,21.1803,0.95,10,0.98,0,0,closed
1774896840490,2026-03-30T20:54:00+02:00,cdt2,idt2a,0,0.28361,14.9654,21.1952,0.95,10,0.98,0,0,closed
1774896844490,2026-03-30T20:54:04+02:00,cdt2,idt2a,0,0.292857,14.9695,21.1806,0.95,10,0.98,0,0,closed
1774896848490,2026-03-30T20:54:08+02:00,cdt2,idt2a,0,0.291196,15.0123,21.1786,0.95,1,0.98,0,0,closed
1774896852493,2026-03-30T20:54:12+02:00,cdt2,idt2a,0,0.300162,14.8709,21.1832,0.95,1,0.98,0,0,closed
1774896856514,2026-03-30T20:54:16+02:00,cdt2,idt2a,0,0.303888,14.9472,21.1609,0.95,10,0.98,0,0,closed
1774896860510,2026-03-30T20:54:20+02:00,cdt2,idt2a,0,0.312127,15.0044,21.1928,0.95,1,0.98,0,0,closed
1774896864512,2026-03-30T20:54:24+02:00,cdt2,idt2a,0,0.315652,15.1364,21.212,0.95,1,0.98,0,0,closed
1774896868502,2026-03-30T20:54:28+02:00,cdt2,idt2a,0,0.31788,15.2107,21.2537,0.95,10,0.98,0,0,closed
1774896871518,2026-03-30T20:54:31+02:00,cdt2,idt2a,0,0.323956,15.4441,21.2705,0.95,10,0.98,0,0,closed
1774896875518,2026-03-30T20:54:35+02:00,cdt2,idt2a,0,0.328666,15.3743,21.2787,0.95,10,0.98,0,0,closed
1774896879512,2026-03-30T20:54:39+02:00,cdt2,idt2a,0,0.331567,15.3851,21.2534,0.95,10,0.98,0,0,closed
1774896883514,2026-03-30T20:54:43+02:00,cdt2,idt2a,0,0.343808,15.3118,21.2676,0.95,1,0.98,0,0,closed
1774896887513,2026-03-30T20:54:47+02:00,cdt2,idt2a,0,0.339974,15.498,21.2702,0.95,10,0.98,0,0,closed
1774896891501,2026-03-30T20:54:51+02:00,cdt2,idt2a,0,0.35068,15.488,21.2697,0.95,10,0.98,0,0,closed
1774896895496,2026-03-30T20:54:55+02:00,cdt2,idt2a,0,0.357082,15.7064,21.2244,0.95,10,0.98,0,0,closed
1774896899494,2026-03-30T20:54:59+02:00,cdt2,idt2a,0,0.357944,15.6021,21.2206,0.95,10,0.98,0,0,closed
1774896902508,2026-03-30T20:55:02+02:00,cdt2,idt2a,0,0.358836,15.5477,21.2028,0.95,10,0.98,0,0,closed
1774896906504,2026-03-30T20:55:06+02:00,cdt2,idt2a,0,0.353585,15.3758,21.2381,0.95,10,0.98,0,0,closed
1774896910501,2026-03-30T20:55:10+02:00,cdt2,idt2a,0,0.346766,15.4258,21.2279,0.95,10,0.98,0,0,closed
1774896914497,2026-03-30T20:55:14+02:00,cdt2,idt2a,0,0.346495,15.4442,21.2182,0.95,10,0.98,0,0,closed
1774896918492,2026-03-30T20:55:18+02:00,cdt2,idt2a,0,0.34965,15.6171,21.1872,0.95,10,0.98,0,0,closed
1774896922523,2026-03-30T20:55:22+02:00,cdt2,idt2a,0,0.343343,16.1185,21.1779,0.95,10,0.98,0,0,closed
1774896926504,2026-03-30T20:55:26+02:00,cdt2,idt2a,0,0.346676,16.1779,21.2152,0.95,10,0.98,0,0,closed
1774896930517,2026-03-30T20:55:30+02:00,cdt2,idt2a,0,0.337231,16.0513,21.1887,0.95,1,0.98,0,0,closed
1774896933524,2026-03-30T20:55:33+02:00,cdt2,idt2a,0,0.338084,16.0607,21.1892,0.95,10,0.98,0,0,closed
1774896937517,2026-03-30T20:55:37+02:00,cdt2,idt2a,0,0.340195,16.0266,21.1953,0.95,10,0.98,0,0,closed
1774896941515,2026-03-30T20:55:41+02:00,cdt2,idt2a,0,0.333677,16.6229,21.2124,0.95,1,0.98,0,0,closed
1774896945524,2026-03-30T20:55:45+02:00,cdt2,idt2a,0,0.333509,16.7258,21.2036,0.95,10,0.98,0,0,closed
1774896949522,2026-03-30T20:55:49+02:00,cdt2,idt2a,0,0.33894,17.0823,21.2091,0.95,10,0.98,0,0,closed
1774896953519,2026-03-30T20:55:53+02:00,cdt2,idt2a,0,0.347257,17.433,21.1874,0.95,10,0.98,0,0,closed
1774896957517,2026-03-30T20:55:57+02:00,cdt2,idt2a,0,0.347436,17.3716,21.1832,0.95,1,0.98,0,0,closed
1774896961529,2026-03-30T20:56:01+02:00,cdt2,idt2a,0,0.348792,17.5277,21.2045,0.95,10,0.98,0,0,closed
1774896964546,2026-03-30T20:56:04+02:00,cdt2,idt2a,0,0.341455,17.2928,21.1633,0.95,10,0.98,0,0,closed
1774896968543,2026-03-30T20:56:08+02:00,cdt2,idt2a,0,0.348993,17.4534,21.1655,0.95,10,0.98,0,0,closed
1774896972540,2026-03-30T20:56:12+02:00,cdt2,idt2a,0,0.343207,17.5038,21.1828,0.95,1,0.98,0,0,closed
1774896976539,2026-03-30T20:56:16+02:00,cdt2,idt2a,0,0.341743,17.3853,21.1692,0.95,1,0.98,0,0,closed
1774896980538,2026-03-30T20:56:20+02:00,cdt2,idt2a,0,0.347214,17.1159,21.1738,0.95,10,0.98,0,0,closed
1774896984536,2026-03-30T20:56:24+02:00,cdt2,idt2a,0,0.342497,17.0912,21.1631,0.95,10,0.98,0,0,closed
1774896988536,2026-03-30T20:56:28+02:00,cdt2,idt2a,0,0.345058,16.9974,21.117,0.95,1,0.98,0,0,closed
1774896992563,2026-03-30T20:56:32+02:00,cdt2,idt2a,0,0.345374,17.1228,21.0961,0.95,10,0.98,0,0,closed
1774896995598,2026-03-30T20:56:35+02:00,cdt2,idt2a,0,0.347584,16.9279,21.0939,0.95,10,0.98,0,0,closed
1774896999595,2026-03-30T20:56:39+02:00,cdt2,idt2a,0,0.34307,16.8713,21.1057,0.95,10,0.98,0,0,closed
1774897003599,2026-03-30T20:56:43+02:00,cdt2,idt2a,0,0.3523,17.1282,21.1078,0.95,10,0.98,0,0,closed
1774897007570,2026-03-30T20:56:47+02:00,cdt2,idt2a,0,0.361766,16.9807,21.106,0.95,10,0.98,0,0,closed
1774897011595,2026-03-30T20:56:51+02:00,cdt2,idt2a,0,0.371768,17.1638,21.0928,0.95,10,0.98,0,0,closed
1774897015600,2026-03-30T20:56:55+02:00,cdt2,idt2a,0,0.373731,17.3652,21.053,0.95,10,0.98,0,0,closed
1774897019600,2026-03-30T20:56:59+02:00,cdt2,idt2a,0,0.376943,17.2711,21.0517,0.95,10,0.98,0,0,closed
1774897023595,2026-03-30T20:57:03+02:00,cdt2,idt2a,0,0.392422,17.3436,21.0474,0.95,1,0.98,0,0,closed
1774897026590,2026-03-30T20:57:06+02:00,cdt2,idt2a,0,0.404912,17.5082,21.0651,0.95,10,0.98,0,0,closed
1774897030600,2026-03-30T20:57:10+02:00,cdt2,idt2a,0,0.408122,17.4175,21.0696,0.95,10,0.98,0,0,closed
1774897034604,2026-03-30T20:57:14+02:00,cdt2,idt2a,0,0.396161,17.4181,21.1021,0.95,10,0.98,0,0,closed
1774897038611,2026-03-30T20:57:18+02:00,cdt2,idt2a,0,0.382591,17.4655,21.0951,0.95,1,0.98,0,0,closed
1774897042587,2026-03-30T20:57:22+02:00,cdt2,idt2a,0,0.385943,17.3034,21.1015,0.95,1,0.98,0,0,closed
1774897046604,2026-03-30T20:57:26+02:00,cdt2,idt2a,0,0.405975,17.206,21.1449,0.95,10,0.98,0,0,closed
1774897050600,2026-03-30T20:57:30+02:00,cdt2,idt2a,0,0.417495,17.3138,21.1618,0.95,1,0.98,0,0,closed
1774897054605,2026-03-30T20:57:34+02:00,cdt2,idt2a,0,0.410192,17.4821,21.1564,0.95,1,0.98,0,0,closed
1774897057620,2026-03-30T20:57:37+02:00,cdt2,idt2a,0,0.410337,17.6293,21.1215,0.95,1,0.98,0,0,closed
1774897061624,2026-03-30T20:57:41+02:00,cdt2,idt2a,0,0.408613,17.7477,21.0997,0.95,10,0.98,0,0,closed
1774897065611,2026-03-30T20:57:45+02:00,cdt2,idt2a,0,0.407932,18.0842,21.1099,0.95,10,0.98,0,0,closed
1774897069636,2026-03-30T20:57:49+02:00,cdt2,idt2a,0,0.416655,17.9992,21.0761,0.95,10,0.98,0,0,closed
1774897073624,2026-03-30T20:57:53+02:00,cdt2,idt2a,0,0.436269,18.0815,21.0639,0.95,10,0.98,0,0,closed
1774897077611,2026-03-30T20:57:57+02:00,cdt2,idt2a,0,0.433439,17.9086,21.0728,0.95,10,0.98,0,0,closed
1774897081608,2026-03-30T20:58:01+02:00,cdt2,idt2a,0,0.433492,17.947,21.0696,0.95,10,0.98,0,0,closed
1774897085617,2026-03-30T20:58:05+02:00,cdt2,idt2a,0,0.432614,18.2752,21.0702,0.95,10,0.98,0,0,closed
1774897088645,2026-03-30T20:58:08+02:00,cdt2,idt2a,0,0.426103,18.0628,21.0648,0.95,10,0.98,0,0,closed
1774897092633,2026-03-30T20:58:12+02:00,cdt2,idt2a,0,0.419675,18.1942,21.0571,0.95,10,0.98,0,0,closed
1774897096632,2026-03-30T20:58:16+02:00,cdt2,idt2a,0,0.420662,18.5402,21.0395,0.95,10,0.98,0,0,closed
1774897100643,2026-03-30T20:58:20+02:00,cdt2,idt2a,0,0.425721,18.5869,21.0192,0.95,10,0.98,0,0,closed
1774897104643,2026-03-30T20:58:24+02:00,cdt2,idt2a,0,0.427115,18.3175,21.0068,0.95,1,0.98,0,0,closed
1774897108640,2026-03-30T20:58:28+02:00,cdt2,idt2a,0,0.43454,18.5479,20.9961,0.95,1,0.98,0,0,closed
1774897112638,2026-03-30T20:58:32+02:00,cdt2,idt2a,0,0.4333,18.9005,20.9849,0.95,10,0.98,0,0,closed
1774897116636,2026-03-30T20:58:36+02:00,cdt2,idt2a,0,0.448884,18.916,20.9617,0.95,1,0.98,0,0,closed
1774897119728,2026-03-30T20:58:39+02:00,cdt2,idt2a,0,0.46306,18.9749,20.9553,0.95,10,0.98,0,0,closed
1774897123699,2026-03-30T20:58:43+02:00,cdt2,idt2a,0,0.45928,19.1742,20.9549,0.95,10,0.98,0,0,closed
1774897127714,2026-03-30T20:58:47+02:00,cdt2,idt2a,0,0.47422,18.9016,21.0176,0.95,10,0.98,0,0,closed
1774897131693,2026-03-30T20:58:51+02:00,cdt2,idt2a,0,0.477886,18.8095,21.0012,0.95,10,0.98,0,0,closed
1774897135707,2026-03-30T20:58:55+02:00,cdt2,idt2a,0,0.482289,18.7277,21.0222,0.95,10,0.98,0,0,closed
1774897139706,2026-03-30T20:58:59+02:00,cdt2,idt2a,0,0.466402,18.851,20.9965,0.95,1,0.98,0,0,closed
1774897143721,2026-03-30T20:59:03+02:00,cdt2,idt2a,0,0.466336,18.7861,21.0025,0.95,10,0.98,0,0,closed
1774897147695,2026-03-30T20:59:07+02:00,cdt2,idt2a,0,0.469336,19.0583,21.0159,0.95,10,0.98,0,0,closed
1774897150720,2026-03-30T20:59:10+02:00,cdt2,idt2a,0,0.447261,19.3861,21.0135,0.95,1,0.98,0,0,closed
1774897154725,2026-03-30T20:59:14+02:00,cdt2,idt2a,0,0.445051,19.3884,20.9954,0.95,1,0.98,0,0,closed
1774897158723,2026-03-30T20:59:18+02:00,cdt2,idt2a,0,0.444885,19.6033,20.9833,0.95,10,0.98,0,0,closed
1774897162720,2026-03-30T20:59:22+02:00,cdt2,idt2a,0,0.452509,19.5631,20.9736,0.95,1,0.98,0,0,closed
1774897166735,2026-03-30T20:59:26+02:00,cdt2,idt2a,0,0.459823,19.5156,20.9921,0.95,10,0.98,0,0,closed
1774897170732,2026-03-30T20:59:30+02:00,cdt2,idt2a,0,0.452625,19.7306,20.9897,0.95,1,0.98,0,0,closed
1774897174736,2026-03-30T20:59:34+02:00,cdt2,idt2a,0,0.445959,19.6362,21.0061,0.95,10,0.98,0,0,closed
1774897178736,2026-03-30T20:59:38+02:00,cdt2,idt2a,0,0.458322,19.6807,21.0142,0.95,10,0.98,0,0,closed
1774897181742,2026-03-30T20:59:41+02:00,cdt2,idt2a,0,0.454103,19.7442,21.024,0.95,10,0.98,0,0,closed
1774897185749,2026-03-30T20:59:45+02:00,cdt2,idt2a,0,0.433624,20.074,21.0364,0.95,1,0.98,0,0,closed
1774897189754,2026-03-30T20:59:49+02:00,cdt2,idt2a,0,0.438798,20.181,21.0354,0.95,1,0.98,0,0,closed
1774897193752,2026-03-30T20:59:53+02:00,cdt2,idt2a,0,0.435709,20.1546,21.0584,0.95,1,0.98,0,0,closed
1774897197772,2026-03-30T20:59:57+02:00,cdt2,idt2a,0,0.444082,20.3836,21.0134,0.95,1,0.98,0,0,closed
1774897201769,2026-03-30T21:00:01+02:00,cdt2,idt2a,0,0.452148,20.5818,21.0074,0.95,10,0.98,0,0,closed
1774897205758,2026-03-30T21:00:05+02:00,cdt2,idt2a,0,0.447194,20.4839,20.9946,0.95,10,0.98,0,0,closed
1774897209755,2026-03-30T21:00:09+02:00,cdt2,idt2a,0,0.459805,20.4207,20.9687,0.95,1,0.98,0,0,closed
1774897212779,2026-03-30T21:00:12+02:00,cdt2,idt2a,0,0.463268,20.2726,20.9878,0.95,1,0.98,0,0,closed
1774897216781,2026-03-30T21:00:16+02:00,cdt2,idt2a,0,0.467239,20.4474,20.9576,0.95,10,0.98,0,0,closed
1774897220777,2026-03-30T21:00:20+02:00,cdt2,idt2a,0,0.455125,20.4425,20.9766,0.95,10,0.98,0,0,closed
1774897224780,2026-03-30T21:00:24+02:00,cdt2,idt2a,0,0.447564,20.54,20.9832,0.95,10,0.98,0,0,closed
1774897228790,2026-03-30T21:00:28+02:00,cdt2,idt2a,0,0.459843,20.7136,20.9804,0.95,10,0.98,0,0,closed
1774897232793,2026-03-30T21:00:32+02:00,cdt2,idt2a,0,0.468088,20.6478,20.99,0.95,1,0.98,0,0,closed
1774897236795,2026-03-30T21:00:36+02:00,cdt2,idt2a,0,0.472025,20.8663,20.9891,0.95,10,0.98,0,0,closed
1774897240796,2026-03-30T21:00:40+02:00,cdt2,idt2a,0,0.473244,20.8267,21.0139,0.95,10,0.98,0,0,closed
1774897243793,2026-03-30T21:00:43+02:00,cdt2,idt2a,0,0.482135,20.911,20.9538,0.95,1,0.98,0,0,closed
1774897247797,2026-03-30T21:00:47+02:00,cdt2,idt2a,0,0.494688,20.9361,20.9539,0.95,1,0.98,0,0,closed
1774897251794,2026-03-30T21:00:51+02:00,cdt2,idt2a,0,0.491687,21.0004,20.9762,0.95,10,0.98,0,0,closed
1774897255814,2026-03-30T21:00:55+02:00,cdt2,idt2a,0,0.481567,21.2577,20.9612,0.95,10,0.98,0,0,closed
1774897259813,2026-03-30T21:00:59+02:00,cdt2,idt2a,0,0.487686,21.5123,20.9278,0.95,1,0.98,0,0,closed
1774897263811,2026-03-30T21:01:03+02:00,cdt2,idt2a,0,0.482698,21.3039,20.9348,0.95,1,0.98,0,0,closed
1774897267810,2026-03-30T21:01:07+02:00,cdt2,idt2a,0,0.470126,21.4002,20.9315,0.95,10,0.98,0,0,closed
1774897271806,2026-03-30T21:01:11+02:00,cdt2,idt2a,0,0.452164,21.2365,20.8993,0.95,1,0.98,0,0,closed
1774897274944,2026-03-30T21:01:14+02:00,cdt2,idt2a,0,0.453855,21.2233,20.9168,0.95,1,0.98,0,0,closed
1774897278941,2026-03-30T21:01:18+02:00,cdt2,idt2a,0,0.456984,20.8964,20.9132,0.95,10,0.98,0,0,closed
1774897282942,2026-03-30T21:01:22+02:00,cdt2,idt2a,0,0.470219,20.6064,20.9011,0.95,10,0.98,0,0,closed
1774897286943,2026-03-30T21:01:26+02:00,cdt2,idt2a,0,0.476427,20.4701,20.8964,0.95,1,0.98,0,0,closed
1774897290956,2026-03-30T21:01:30+02:00,cdt2,idt2a,0,0.476919,20.4226,20.8806,0.95,10,0.98,0,0,closed
1774897294965,2026-03-30T21:01:34+02:00,cdt2,idt2a,0,0.476111,20.4046,20.8864,0.95,10,0.98,0,0,closed
1774897298950,2026-03-30T21:01:38+02:00,cdt2,idt2a,0,0.483587,20.4013,20.865,0.95,1,0.98,0,0,closed
1774897302945,2026-03-30T21:01:42+02:00,cdt2,idt2a,0,0.477842,20.9141,20.8487,0.95,10,0.98,0,0,closed
1774897306943,2026-03-30T21:01:46+02:00,cdt2,idt2a,0,0.490282,21.069,20.8357,0.95,10,0.98,0,0,closed
1774897310044,2026-03-30T21:01:50+02:00,cdt2,idt2a,0,0.491025,20.9043,20.8135,0.95,10,0.98,0,0,closed
1774897314047,2026-03-30T21:01:54+02:00,cdt2,idt2a,0,0.504943,21.1947,20.8592,0.95,10,0.98,0,0,closed
1774897318049,2026-03-30T21:01:58+02:00,cdt2,idt2a,0,0.516984,21.0081,20.8973,0.95,1,0.98,0,0,closed
1774897322047,2026-03-30T21:02:02+02:00,cdt2,idt2a,0,0.522081,20.9356,20.8739,0.95,1,0.98,0,0,closed
1774897326067,2026-03-30T21:02:06+02:00,cdt2,idt2a,0,0.516174,21.1762,20.883,0.95,1,0.98,0,0,closed
1774897330056,2026-03-30T21:02:10+02:00,cdt2,idt2a,0,0.516039,21.3506,20.9062,0.95,1,0.98,0,0,closed
1774897334044,2026-03-30T21:02:14+02:00,cdt2,idt2a,0,0.521821,21.5848,20.9376,0.95,1,0.98,0,0,closed
1774897338043,2026-03-30T21:02:18+02:00,cdt2,idt2a,0,0.527448,21.9238,20.9214,0.95,10,0.98,0,0,closed
1774897341144,2026-03-30T21:02:21+02:00,cdt2,idt2a,0,0.533328,21.836,20.9109,0.95,10,0.98,0,0,closed
1774897345137,2026-03-30T21:02:25+02:00,cdt2,idt2a,0,0.529519,21.9907,20.9183,0.95,10,0.98,0,0,closed
1774897349137,2026-03-30T21:02:29+02:00,cdt2,idt2a,0,0.52817,22.12,20.9254,0.95,10,0.98,0,0,closed
1774897353133,2026-03-30T21:02:33+02:00,cdt2,idt2a,0,0.528717,22.6405,20.9555,0.95,10,0.98,0,0,closed
1774897357135,2026-03-30T21:02:37+02:00,cdt2,idt2a,0,0.526423,22.5394,20.9598,0.95,1,0.98,0,0,closed
1774897361139,2026-03-30T21:02:41+02:00,cdt2,idt2a,0,0.535428,22.958,20.9806,0.95,10,0.98,0,0,closed
1774897365137,2026-03-30T21:02:45+02:00,cdt2,idt2a,0,0.535113,23.0028,21.0263,0.95,10,0.98,0,0,closed
1774897369136,2026-03-30T21:02:49+02:00,cdt2,idt2a,0,0.539306,22.9126,21.023,0.95,1,0.98,0,0,closed
1774897372302,2026-03-30T21:02:52+02:00,cdt2,idt2a,0,0.544017,23.4091,21.0185,0.95,1,0.98,0,0,closed
1774897376308,2026-03-30T21:02:56+02:00,cdt2,idt2a,0,0.558244,23.1499,21.0417,0.95,10,0.98,0,0,closed
1774897380307,2026-03-30T21:03:00+02:00,cdt2,idt2a,0,0.568555,22.8404,21.0402,0.95,10,0.98,0,0,closed
1774897384309,2026-03-30T21:03:04+02:00,cdt2,idt2a,0,0.571332,22.9136,20.9856,0.95,10,0.98,0,0,closed
1774897388306,2026-03-30T21:03:08+02:00,cdt2,idt2a,0,0.572791,22.8379,20.977,0.95,10,0.98,0,0,closed
1774897392300,2026-03-30T21:03:12+02:00,cdt2,idt2a,0,0.575113,22.7785,20.9801,0.95,10,0.98,0,0,closed
1774897396288,2026-03-30T21:03:16+02:00,cdt2,idt2a,0,0.572395,22.8727,20.9967,0.95,10,0.98,0,0,closed
1774897400284,2026-03-30T21:03:20+02:00,cdt2,idt2a,0,0.571348,22.8168,21.0147,0.95,10,0.98,0,0,closed
1774897403447,2026-03-30T21:03:23+02:00,cdt2,idt2a,0,0.573214,22.929,21.0035,0.95,10,0.98,0,0,closed
1774897407453,2026-03-30T21:03:27+02:00,cdt2,idt2a,0,0.587339,22.8125,20.9926,0.95,10,0.98,0,0,closed
1774897411450,2026-03-30T21:03:31+02:00,cdt2,idt2a,0,0.591245,22.9712,21.0103,0.95,1,0.98,0,0,closed
1774897415455,2026-03-30T21:03:35+02:00,cdt2,idt2a,0,0.599444,22.8038,20.9847,0.95,10,0.98,0,0,closed
1774897419470,2026-03-30T21:03:39+02:00,cdt2,idt2a,0,0.600265,22.7467,20.9773,0.95,1,0.98,0,0,closed
1774897423459,2026-03-30T21:03:43+02:00,cdt2,idt2a,0,0.597257,22.6318,20.9746,0.95,10,0.98,0,0,closed
1774897427454,2026-03-30T21:03:47+02:00,cdt2,idt2a,0,0.597826,22.6178,20.9932,0.95,10,0.98,0,0,closed
1774897431452,2026-03-30T21:03:51+02:00,cdt2,idt2a,0,0.60095,23.2585,20.9771,0.95,1,0.98,0,0,closed
1774897434603,2026-03-30T21:03:54+02:00,cdt2,idt2a,0,0.604125,23.1763,20.9821,0.95,10,0.98,0,0,closed
1774897438612,2026-03-30T21:03:58+02:00,cdt2,idt2a,0,0.597059,23.2052,21.0076,0.95,1,0.98,0,0,closed
1774897442611,2026-03-30T21:04:02+02:00,cdt2,idt2a,0,0.606722,23.4569,21.0351,0.95,10,0.98,0,0,closed
1774897446610,2026-03-30T21:04:06+02:00,cdt2,idt2a,0,0.596813,23.6203,21.0551,0.95,10,0.98,0,0,closed
1774897450608,2026-03-30T21:04:10+02:00,cdt2,idt2a,0,0.592984,23.6731,21.0649,0.95,10,0.98,0,0,closed
1774897454607,2026-03-30T21:04:14+02:00,cdt2,idt2a,0,0.579662,23.6638,21.0492,0.95,10,0.98,0,0,closed
1774897458626,2026-03-30T21:04:18+02:00,cdt2,idt2a,0,0.579138,23.5407,21.0341,0.95,10,0.98,0,0,closed
1774897462626,2026-03-30T21:04:22+02:00,cdt2,idt2a,0,0.569862,23.7412,21.0245,0.95,10,0.98,0,0,closed
1774897465762,2026-03-30T21:04:25+02:00,cdt2,idt2a,0,0.570062,23.6099,21.0173,0.95,10,0.98,0,0,closed
1774897469768,2026-03-30T21:04:29+02:00,cdt2,idt2a,0,0.578728,23.6456,20.9995,0.95,10,0.98,0,0,closed
1774897473775,2026-03-30T21:04:33+02:00,cdt2,idt2a,0,0.589707,23.5755,20.9667,0.95,10,0.98,0,0,closed
1774897477768,2026-03-30T21:04:37+02:00,cdt2,idt2a,0,0.614361,23.5606,20.941,0.95,10,0.98,0,0,closed
1774897481797,2026-03-30T21:04:41+02:00,cdt2,idt2a,0,0.617943,23.6729,20.9215,0.95,1,0.98,0,0,closed
1774897485792,2026-03-30T21:04:45+02:00,cdt2,idt2a,0,0.62013,23.5791,20.9448,0.95,10,0.98,0,0,closed
1774897489780,2026-03-30T21:04:49+02:00,cdt2,idt2a,0,0.622041,23.3745,20.9554,0.95,10,0.98,0,0,closed
1774897493768,2026-03-30T21:04:53+02:00,cdt2,idt2a,0,0.622616,23.2644,20.9254,0.95,10,0.98,0,0,closed
1774897496952,2026-03-30T21:04:56+02:00,cdt2,idt2a,0,0.611361,23.1777,20.949,0.95,10,0.98,0,0,closed
1774897500951,2026-03-30T21:05:00+02:00,cdt2,idt2a,0,0.617614,23.012,21.0009,0.95,1,0.98,0,0,closed
1774897504954,2026-03-30T21:05:04+02:00,cdt2,idt2a,0,0.61714,23.2393,21.0222,0.95,10,0.98,0,0,closed
1774897508964,2026-03-30T21:05:08+02:00,cdt2,idt2a,0,0.629346,23.3262,21.0271,0.95,1,0.98,0,0,closed
1774897512953,2026-03-30T21:05:12+02:00,cdt2,idt2a,0,0.621972,23.6339,21.0453,0.95,1,0.98,0,0,closed
1774897516978,2026-03-30T21:05:16+02:00,cdt2,idt2a,0,0.617577,23.5864,21.0505,0.95,10,0.98,0,0,closed
1774897520960,2026-03-30T21:05:20+02:00,cdt2,idt2a,0,0.627051,23.6436,21.0529,0.95,1,0.98,0,0,closed
1774897524955,2026-03-30T21:05:24+02:00,cdt2,idt2a,0,0.633176,23.6982,21.0633,0.95,10,0.98,0,0,closed
1774897528178,2026-03-30T21:05:28+02:00,cdt2,idt2a,0,0.632941,23.8371,21.053,0.95,1,0.98,0,0,closed
1774897532179,2026-03-30T21:05:32+02:00,cdt2,idt2a,0,0.636709,24.2187,21.0559,0.95,10,0.98,0,0,closed
1774897536179,2026-03-30T21:05:36+02:00,cdt2,idt2a,0,0.638817,24.1075,21.0385,0.95,2,0.98,0,0,closed
1774897540180,2026-03-30T21:05:40+02:00,cdt2,idt2a,0,0.638497,24.4257,20.997,0.95,10,0.98,0,0,closed
1774897544178,2026-03-30T21:05:44+02:00,cdt2,idt2a,0,0.632866,24.4405,20.9706,0.95,1,0.98,0,0,closed
1774897548177,2026-03-30T21:05:48+02:00,cdt2,idt2a,0,0.636705,24.7395,20.9722,0.95,1,0.98,0,0,closed
1774897552177,2026-03-30T21:05:52+02:00,cdt2,idt2a,0,0.636737,24.9382,20.9466,0.95,10,0.98,0,0,closed
1774897556169,2026-03-30T21:05:56+02:00,cdt2,idt2a,0,0.636126,25.2363,20.9491,0.95,10,0.98,0,0,closed
1774897559367,2026-03-30T21:05:59+02:00,cdt2,idt2a,0,0.627997,25.2034,20.9424,0.95,1,0.98,0,0,closed
1774897563366,2026-03-30T21:06:03+02:00,cdt2,idt2a,0,0.630378,25.398,20.942,0.95,6,0.98,0,0,closed
1774897567360,2026-03-30T21:06:07+02:00,cdt2,idt2a,0,0.6319,25.633,20.9636,0.95,1,0.98,0,0,closed
1774897571364,2026-03-30T21:06:11+02:00,cdt2,idt2a,0,0.639694,25.6865,20.961,0.95,10,0.98,0,0,closed
1774897575365,2026-03-30T21:06:15+02:00,cdt2,idt2a,0,0.638898,25.4628,20.9426,0.95,10,0.98,0,0,closed
1774897579368,2026-03-30T21:06:19+02:00,cdt2,idt2a,0,0.644263,25.5816,20.9675,0.95,10,0.98,0,0,closed
1774897583364,2026-03-30T21:06:23+02:00,cdt2,idt2a,0,0.648262,25.8693,20.9703,0.95,1,0.98,0,0,closed
1774897587364,2026-03-30T21:06:27+02:00,cdt2,idt2a,0,0.650286,25.6868,20.9911,0.95,1,0.98,0,0,closed
1774897590517,2026-03-30T21:06:30+02:00,cdt2,idt2a,0,0.654936,25.5138,20.9743,0.95,10,0.98,0,0,closed
1774897594515,2026-03-30T21:06:34+02:00,cdt2,idt2a,0,0.658308,25.7059,20.9448,0.95,10,0.98,0,0,closed
1774897598516,2026-03-30T21:06:38+02:00,cdt2,idt2a,0,0.667149,25.5535,20.9573,0.95,10,0.98,0,0,closed
1774897602509,2026-03-30T21:06:42+02:00,cdt2,idt2a,0,0.660286,25.7081,20.9497,0.95,10,0.98,0,0,closed
1774897606507,2026-03-30T21:06:46+02:00,cdt2,idt2a,0,0.667585,25.6494,20.9898,0.95,10,0.98,0,0,closed
1774897610508,2026-03-30T21:06:50+02:00,cdt2,idt2a,0,0.667952,25.5622,20.9702,0.95,10,0.98,0,0,closed
1774897614507,2026-03-30T21:06:54+02:00,cdt2,idt2a,0,0.674578,25.2979,20.9791,0.95,10,0.98,0,0,closed
1774897618507,2026-03-30T21:06:58+02:00,cdt2,idt2a,0,0.654405,24.9439,20.9696,0.95,1,0.98,0,0,closed
1774897621671,2026-03-30T21:07:01+02:00,cdt2,idt2a,0,0.650319,24.9355,20.9768,0.95,1,0.98,0,0,closed
1774897625685,2026-03-30T21:07:05+02:00,cdt2,idt2a,0,0.65565,25.0831,20.9822,0.95,10,0.98,0,0,closed
1774897629682,2026-03-30T21:07:09+02:00,cdt2,idt2a,0,0.653351,25.0565,20.9852,0.95,10,0.98,0,0,closed
1774897633676,2026-03-30T21:07:13+02:00,cdt2,idt2a,0,0.653594,25.0148,20.9912,0.95,1,0.98,0,0,closed
1774897637674,2026-03-30T21:07:17+02:00,cdt2,idt2a,0,0.655287,24.8453,21.0003,0.95,1,0.98,0,0,closed
1774897641676,2026-03-30T21:07:21+02:00,cdt2,idt2a,0,0.671451,24.6697,20.9802,0.95,10,0.98,0,0,closed
1774897645677,2026-03-30T21:07:25+02:00,cdt2,idt2a,0,0.664146,24.9449,20.9744,0.95,10,0.98,0,0,closed
1774897649726,2026-03-30T21:07:29+02:00,cdt2,idt2a,0,0.671034,24.9476,20.9815,0.95,10,0.98,0,0,closed
1774897652845,2026-03-30T21:07:32+02:00,cdt2,idt2a,0,0.668934,24.6948,20.9844,0.95,10,0.98,0,0,closed
1774897656839,2026-03-30T21:07:36+02:00,cdt2,idt2a,0,0.660008,24.628,20.9722,0.95,1,0.98,0,0,closed
1774897660837,2026-03-30T21:07:40+02:00,cdt2,idt2a,0,0.665969,24.8884,20.9869,0.95,1,0.98,0,0,closed
1774897664840,2026-03-30T21:07:44+02:00,cdt2,idt2a,0,0.674178,24.7837,20.9698,0.95,1,0.98,0,0,closed
1774897668838,2026-03-30T21:07:48+02:00,cdt2,idt2a,0,0.665014,24.9564,20.948,0.95,1,0.98,0,0,closed
1774897672838,2026-03-30T21:07:52+02:00,cdt2,idt2a,0,0.669624,25.0945,20.9513,0.95,10,0.98,0,0,closed
1774897676844,2026-03-30T21:07:56+02:00,cdt2,idt2a,0,0.679311,24.8619,20.9284,0.95,10,0.98,0,0,closed
1774897680880,2026-03-30T21:08:00+02:00,cdt2,idt2a,0,0.678531,25.0049,20.9233,0.95,10,0.98,0,0,closed
1774897684017,2026-03-30T21:08:04+02:00,cdt2,idt2a,0,0.686787,24.9848,20.9408,0.95,1,0.98,0,0,closed
1774897688012,2026-03-30T21:08:08+02:00,cdt2,idt2a,0,0.691252,24.4936,20.9329,0.95,10,0.98,0,0,closed
1774897692031,2026-03-30T21:08:12+02:00,cdt2,idt2a,0,0.705328,24.1357,20.9311,0.95,10,0.98,0,0,closed
1774897696045,2026-03-30T21:08:16+02:00,cdt2,idt2a,0,0.709331,24.3175,20.9134,0.95,10,0.98,0,0,closed
1774897700024,2026-03-30T21:08:20+02:00,cdt2,idt2a,0,0.707924,24.4839,20.8973,0.95,10,0.98,0,0,closed
1774897704017,2026-03-30T21:08:24+02:00,cdt2,idt2a,0,0.713515,24.7486,20.9403,0.95,10,0.98,0,0,closed
1774897708012,2026-03-30T21:08:28+02:00,cdt2,idt2a,0,0.708258,24.5885,20.9662,0.95,10,0.98,0,0,closed
1774897712020,2026-03-30T21:08:32+02:00,cdt2,idt2a,0,0.716065,24.5197,20.9748,0.95,10,0.98,0,0,closed
1774897715194,2026-03-30T21:08:35+02:00,cdt2,idt2a,0,0.72336,24.7399,20.9803,0.95,1,0.98,0,0,closed
1774897719194,2026-03-30T21:08:39+02:00,cdt2,idt2a,0,0.724805,24.6962,20.9813,0.95,10,0.98,0,0,closed
1774897723183,2026-03-30T21:08:43+02:00,cdt2,idt2a,0,0.722861,24.8763,20.9791,0.95,10,0.98,0,0,closed
1774897727181,2026-03-30T21:08:47+02:00,cdt2,idt2a,0,0.721144,25.0129,21.0053,0.95,1,0.98,0,0,closed
1774897731182,2026-03-30T21:08:51+02:00,cdt2,idt2a,0,0.724054,24.9763,21.0058,0.95,10,0.98,0,0,closed
1774897735182,2026-03-30T21:08:55+02:00,cdt2,idt2a,0,0.741841,24.88,21.033,0.95,10,0.98,0,0,closed
1774897739183,2026-03-30T21:08:59+02:00,cdt2,idt2a,0,0.748496,24.6547,21.0598,0.95,10,0.98,0,0,closed
1774897743183,2026-03-30T21:09:03+02:00,cdt2,idt2a,0,0.747693,24.8728,21.0658,0.95,10,0.98,0,0,closed
1774897746355,2026-03-30T21:09:06+02:00,cdt2,idt2a,0,0.738036,25.1025,21.0415,0.95,1,0.98,0,0,closed
1774897750357,2026-03-30T21:09:10+02:00,cdt2,idt2a,0,0.738123,25.2597,21.053,0.95,10,0.98,0,0,closed
1774897754358,2026-03-30T21:09:14+02:00,cdt2,idt2a,0,0.736867,25.6595,21.0133,0.95,10,0.98,0,0,closed
1774897758374,2026-03-30T21:09:18+02:00,cdt2,idt2a,0,0.725186,25.7984,21.0052,0.95,10,0.98,0,0,closed
1774897762363,2026-03-30T21:09:22+02:00,cdt2,idt2a,0,0.732091,25.6967,21.0095,0.95,1,0.98,0,0,closed
1774897766369,2026-03-30T21:09:26+02:00,cdt2,idt2a,0,0.732348,25.6127,20.9959,0.95,10,0.98,0,0,closed
1774897770367,2026-03-30T21:09:30+02:00,cdt2,idt2a,0,0.730252,26.0571,21.0185,0.95,10,0.98,0,0,closed
1774897774364,2026-03-30T21:09:34+02:00,cdt2,idt2a,0,0.728996,25.9239,21.0124,0.95,10,0.98,0,0,closed
1774897777536,2026-03-30T21:09:37+02:00,cdt2,idt2a,0,0.725861,25.5484,20.9966,0.95,10,0.98,0,0,closed
1774897781532,2026-03-30T21:09:41+02:00,cdt2,idt2a,0,0.742959,25.9408,20.9593,0.95,10,0.98,0,0,closed
1774897785534,2026-03-30T21:09:45+02:00,cdt2,idt2a,0,0.732296,26.0585,20.9443,0.95,1,0.98,0,0,closed
1774897789530,2026-03-30T21:09:49+02:00,cdt2,idt2a,0,0.736413,26.1338,20.9422,0.95,10,0.98,0,0,closed
1774897793547,2026-03-30T21:09:53+02:00,cdt2,idt2a,0,0.738576,26.3285,20.9616,0.95,1,0.98,0,0,closed
1774897797537,2026-03-30T21:09:57+02:00,cdt2,idt2a,0,0.735723,26.5389,20.9437,0.95,10,0.98,0,0,closed
1774897801545,2026-03-30T21:10:01+02:00,cdt2,idt2a,0,0.736029,26.5415,20.927,0.95,1,0.98,0,0,closed
1774897805541,2026-03-30T21:10:05+02:00,cdt2,idt2a,0,0.73142,26.9167,20.9548,0.95,1,0.98,0,0,closed
1774897809539,2026-03-30T21:10:09+02:00,cdt2,idt2a,0,0.729545,26.6716,20.9443,0.95,10,0.98,0,0,closed
1774897812709,2026-03-30T21:10:12+02:00,cdt2,idt2a,0,0.731114,26.2782,20.935,0.95,1,0.98,0,0,closed
1774897816713,2026-03-30T21:10:16+02:00,cdt2,idt2a,0,0.742883,26.1557,20.9086,0.95,10,0.98,0,0,closed
1774897820712,2026-03-30T21:10:20+02:00,cdt2,idt2a,0,0.750679,26.185,20.9212,0.95,1,0.98,0,0,closed
1774897824711,2026-03-30T21:10:24+02:00,cdt2,idt2a,0,0.747617,26.3373,20.9664,0.95,10,0.98,0,0,closed
1774897828709,2026-03-30T21:10:28+02:00,cdt2,idt2a,0,0.737446,26.4909,20.9822,0.95,1,0.98,0,0,closed
1774897832709,2026-03-30T21:10:32+02:00,cdt2,idt2a,0,0.735554,26.8278,20.9649,0.95,1,0.98,0,0,closed
1774897836706,2026-03-30T21:10:36+02:00,cdt2,idt2a,0,0.73388,26.863,20.9529,0.95,10,0.98,0,0,closed
1774897840725,2026-03-30T21:10:40+02:00,cdt2,idt2a,0,0.724549,26.6322,20.9849,0.95,10,0.98,0,0,closed
1774897843907,2026-03-30T21:10:43+02:00,cdt2,idt2a,0,0.717831,26.7328,20.9956,0.95,10,0.98,0,0,closed
1774897847905,2026-03-30T21:10:47+02:00,cdt2,idt2a,0,0.715481,27.027,20.9783,0.95,10,0.98,0,0,closed
1774897851883,2026-03-30T21:10:51+02:00,cdt2,idt2a,0,0.699973,27.1364,20.9582,0.95,1,0.98,0,0,closed
1774897855884,2026-03-30T21:10:55+02:00,cdt2,idt2a,0,0.699788,26.9757,20.9364,0.95,1,0.98,0,0,closed
1774897859898,2026-03-30T21:10:59+02:00,cdt2,idt2a,0,0.698253,26.7429,20.9517,0.95,10,0.98,0,0,closed
1774897863888,2026-03-30T21:11:03+02:00,cdt2,idt2a,0,0.72198,26.6937,20.9441,0.95,10,0.98,0,0,closed
1774897867882,2026-03-30T21:11:07+02:00,cdt2,idt2a,0,0.734611,26.7682,20.9689,0.95,10,0.98,0,0,closed
1774897871878,2026-03-30T21:11:11+02:00,cdt2,idt2a,0,0.748163,27.098,20.9849,0.95,1,0.98,0,0,closed
1774897875069,2026-03-30T21:11:15+02:00,cdt2,idt2a,0,0.747048,27.2508,20.9637,0.95,1,0.98,0,0,closed
1774897879068,2026-03-30T21:11:19+02:00,cdt2,idt2a,0,0.741694,27.3583,20.9967,0.95,1,0.98,0,0,closed
1774897883070,2026-03-30T21:11:23+02:00,cdt2,idt2a,0,0.733836,27.4167,20.9946,0.95,10,0.98,0,0,closed
1774897887072,2026-03-30T21:11:27+02:00,cdt2,idt2a,0,0.7457,27.0578,20.9897,0.95,10,0.98,0,0,closed
1774897891072,2026-03-30T21:11:31+02:00,cdt2,idt2a,0,0.751745,27.1624,21.0029,0.95,10,0.98,0,0,closed
1774897895071,2026-03-30T21:11:35+02:00,cdt2,idt2a,0,0.757928,27.5126,20.998,0.95,10,0.98,0,0,closed
1774897899061,2026-03-30T21:11:39+02:00,cdt2,idt2a,0,0.76139,27.6763,20.9735,0.95,1,0.98,0,0,closed
1774897903067,2026-03-30T21:11:43+02:00,cdt2,idt2a,0,0.768444,27.7717,20.9575,0.95,1,0.98,0,0,closed
1774897906262,2026-03-30T21:11:46+02:00,cdt2,idt2a,0,0.76883,27.9409,20.9691,0.95,10,0.98,0,0,closed
1774897910257,2026-03-30T21:11:50+02:00,cdt2,idt2a,0,0.775349,28.2787,20.9308,0.95,1,0.98,0,0,closed
1774897914288,2026-03-30T21:11:54+02:00,cdt2,idt2a,0,0.78164,28.137,20.9321,0.95,1,0.98,0,0,closed
1774897918276,2026-03-30T21:11:58+02:00,cdt2,idt2a,0,0.777723,28.182,20.9412,0.95,1,0.98,0,0,closed
1774897922247,2026-03-30T21:12:02+02:00,cdt2,idt2a,0,0.774627,28.3243,20.9129,0.95,10,0.98,0,0,closed
1774897926267,2026-03-30T21:12:06+02:00,cdt2,idt2a,0,0.760556,28.4464,20.8748,0.95,10,0.98,0,0,closed
1774897930258,2026-03-30T21:12:10+02:00,cdt2,idt2a,0,0.768022,28.5135,20.8457,0.95,1,0.98,0,0,closed
1774897934264,2026-03-30T21:12:14+02:00,cdt2,idt2a,0,0.770215,28.3582,20.8245,0.95,10,0.98,0,0,closed
1774897937470,2026-03-30T21:12:17+02:00,cdt2,idt2a,0,0.779442,28.5737,20.8504,0.95,1,0.98,0,0,closed
1774897941480,2026-03-30T21:12:21+02:00,cdt2,idt2a,0,0.791867,28.4682,20.8492,0.95,10,0.98,0,0,closed
1774897945464,2026-03-30T21:12:25+02:00,cdt2,idt2a,0,0.806729,28.8513,20.8976,0.95,10,0.98,0,0,closed
1774897949462,2026-03-30T21:12:29+02:00,cdt2,idt2a,0,0.79823,28.5283,20.9313,0.95,1,0.98,0,0,closed
1774897953460,2026-03-30T21:12:33+02:00,cdt2,idt2a,0,0.79929,28.3628,20.9292,0.95,10,0.98,0,0,closed
1774897957459,2026-03-30T21:12:37+02:00,cdt2,idt2a,0,0.792004,28.7329,20.9215,0.95,10,0.98,0,0,closed
1774897961454,2026-03-30T21:12:41+02:00,cdt2,idt2a,0,0.803411,28.9123,20.9155,0.95,1,0.98,0,0,closed
1774897965456,2026-03-30T21:12:45+02:00,cdt2,idt2a,0,0.79494,29.0797,20.9102,0.95,1,0.98,0,0,closed
1774897968739,2026-03-30T21:12:48+02:00,cdt2,idt2a,0,0.802294,29.2328,20.8676,0.95,1,0.98,0,0,closed
1774897972725,2026-03-30T21:12:52+02:00,cdt2,idt2a,0,0.813728,29.0143,20.8528,0.95,1,0.98,0,0,closed
1774897976741,2026-03-30T21:12:56+02:00,cdt2,idt2a,0,0.816767,29.2409,20.8516,0.95,10,0.98,0,0,closed
1774897980715,2026-03-30T21:13:00+02:00,cdt2,idt2a,0,0.807471,28.8772,20.826,0.95,10,0.98,0,0,closed
1774897984715,2026-03-30T21:13:04+02:00,cdt2,idt2a,0,0.814738,28.5873,20.8205,0.95,10,0.98,0,0,closed
1774897988712,2026-03-30T21:13:08+02:00,cdt2,idt2a,0,0.819705,28.575,20.8273,0.95,10,0.98,0,0,closed
1774897992711,2026-03-30T21:13:12+02:00,cdt2,idt2a,0,0.833714,28.5627,20.8161,0.95,10,0.98,0,0,closed
1774897996715,2026-03-30T21:13:16+02:00,cdt2,idt2a,0,0.827803,28.3744,20.8418,0.95,10,0.98,0,0,closed
1774897999909,2026-03-30T21:13:19+02:00,cdt2,idt2a,0,0.833833,28.5446,20.8051,0.95,10,0.98,0,0,closed
1774898003915,2026-03-30T21:13:23+02:00,cdt2,idt2a,0,0.834144,28.6423,20.7951,0.95,10,0.98,0,0,closed
1774898007928,2026-03-30T21:13:27+02:00,cdt2,idt2a,0,0.834952,28.38,20.8075,0.95,1,0.98,0,0,closed
1774898011938,2026-03-30T21:13:31+02:00,cdt2,idt2a,0,0.829025,28.6715,20.79,0.95,10,0.98,0,0,closed
1774898015932,2026-03-30T21:13:35+02:00,cdt2,idt2a,0,0.819573,29.2581,20.8204,0.95,10,0.98,0,0,closed
1774898019930,2026-03-30T21:13:39+02:00,cdt2,idt2a,0,0.82913,29.1628,20.837,0.95,10,0.98,0,0,closed
1774898023938,2026-03-30T21:13:43+02:00,cdt2,idt2a,0,0.82126,29.3487,20.8823,0.95,1,0.98,0,0,closed
1774898027911,2026-03-30T21:13:47+02:00,cdt2,idt2a,0,0.825892,30.055,20.8734,0.95,10,0.98,0,0,closed
1774898031009,2026-03-30T21:13:51+02:00,cdt2,idt2a,0,0.823081,30.1687,20.8821,0.95,10,0.98,0,0,closed
1774898035026,2026-03-30T21:13:55+02:00,cdt2,idt2a,0,0.829598,30.5748,20.886,0.95,1,0.98,0,0,closed
1774898039031,2026-03-30T21:13:59+02:00,cdt2,idt2a,0,0.820973,30.3265,20.8844,0.95,10,0.98,0,0,closed
1774898043003,2026-03-30T21:14:03+02:00,cdt2,idt2a,0,0.806093,30.5238,20.885,0.95,10,0.98,0,0,closed
1774898047004,2026-03-30T21:14:07+02:00,cdt2,idt2a,0,0.815703,30.7284,20.8756,0.95,10,0.98,0,0,closed
1774898051006,2026-03-30T21:14:11+02:00,cdt2,idt2a,0,0.805566,30.9789,20.8923,0.95,10,0.98,0,0,closed
1774898055006,2026-03-30T21:14:15+02:00,cdt2,idt2a,0,0.810313,30.8198,20.8652,0.95,1,0.98,0,0,closed
1774898059004,2026-03-30T21:14:19+02:00,cdt2,idt2a,0,0.820507,30.6578,20.8525,0.95,10,0.98,0,0,closed
1774898062128,2026-03-30T21:14:22+02:00,cdt2,idt2a,0,0.82377,30.7514,20.8655,0.95,1,0.98,0,0,closed
1774898066125,2026-03-30T21:14:26+02:00,cdt2,idt2a,0,0.830154,30.658,20.8645,0.95,1,0.98,0,0,closed
1774898070125,2026-03-30T21:14:30+02:00,cdt2,idt2a,0,0.820079,30.5829,20.8213,0.95,1,0.98,0,0,closed
1774898074144,2026-03-30T21:14:34+02:00,cdt2,idt2a,0,0.836072,30.8046,20.8298,0.95,1,0.98,0,0,closed
1774898078125,2026-03-30T21:14:38+02:00,cdt2,idt2a,0,0.830946,30.6951,20.8344,0.95,10,0.98,0,0,closed
1774898082124,2026-03-30T21:14:42+02:00,cdt2,idt2a,0,0.842386,30.678,20.8279,0.95,1,0.98,0,0,closed
1774898086142,2026-03-30T21:14:46+02:00,cdt2,idt2a,0,0.851616,30.636,20.854,0.95,1,0.98,0,0,closed
1774898090140,2026-03-30T21:14:50+02:00,cdt2,idt2a,0,0.852062,30.7968,20.874,0.95,1,0.98,0,0,closed
1774898093421,2026-03-30T21:14:53+02:00,cdt2,idt2a,0,0.84789,30.8066,20.8836,0.95,10,0.98,0,0,closed
1774898097471,2026-03-30T21:14:57+02:00,cdt2,idt2a,0,0.844787,30.5111,20.8815,0.95,10,0.98,0,0,closed
1774898101471,2026-03-30T21:15:01+02:00,cdt2,idt2a,0,0.841279,30.9542,20.8791,0.95,10,0.98,0,0,closed
1774898105409,2026-03-30T21:15:05+02:00,cdt2,idt2a,0,0.847511,31.2018,20.8837,0.95,1,0.98,0,0,closed
1774898109424,2026-03-30T21:15:09+02:00,cdt2,idt2a,0,0.842354,31.2859,20.8781,0.95,10,0.98,0,0,closed
1774898113423,2026-03-30T21:15:13+02:00,cdt2,idt2a,0,0.84158,31.3589,20.8687,0.95,10,0.98,0,0,closed
1774898117420,2026-03-30T21:15:17+02:00,cdt2,idt2a,0,0.836129,31.3734,20.8861,0.95,10,0.98,0,0,closed
1774898121410,2026-03-30T21:15:21+02:00,cdt2,idt2a,0,0.861176,31.5219,20.9043,0.95,10,0.98,0,0,closed
1774898124594,2026-03-30T21:15:24+02:00,cdt2,idt2a,0,0.856998,31.7979,20.8979,0.95,10,0.98,0,0,closed
1774898128595,2026-03-30T21:15:28+02:00,cdt2,idt2a,0,0.852157,31.9293,20.9335,0.95,10,0.98,0,0,closed
1774898132594,2026-03-30T21:15:32+02:00,cdt2,idt2a,0,0.86451,32.093,20.8956,0.95,1,0.98,0,0,closed
1774898136594,2026-03-30T21:15:36+02:00,cdt2,idt2a,0,0.872189,31.8944,20.9093,0.95,1,0.98,0,0,closed
1774898140594,2026-03-30T21:15:40+02:00,cdt2,idt2a,0,0.879722,31.9634,20.936,0.95,10,0.98,0,0,closed
1774898144594,2026-03-30T21:15:44+02:00,cdt2,idt2a,0,0.891411,31.8125,20.9374,0.95,10,0.98,0,0,closed
1774898148593,2026-03-30T21:15:48+02:00,cdt2,idt2a,0,0.892526,31.9871,20.9352,0.95,1,0.98,0,0,closed
1774898152595,2026-03-30T21:15:52+02:00,cdt2,idt2a,0,0.897587,32.1819,20.8953,0.95,10,0.98,0,0,closed
1774898155791,2026-03-30T21:15:55+02:00,cdt2,idt2a,0,0.894464,31.8345,20.9442,0.95,1,0.98,0,0,closed
1774898159791,2026-03-30T21:15:59+02:00,cdt2,idt2a,0,0.884064,31.8407,20.9411,0.95,10,0.98,0,0,closed
1774898163790,2026-03-30T21:16:03+02:00,cdt2,idt2a,0,0.88224,31.9279,20.9257,0.95,10,0.98,0,0,closed
1774898167792,2026-03-30T21:16:07+02:00,cdt2,idt2a,0,0.884394,31.8378,20.94,0.95,1,0.98,0,0,closed
1774898171808,2026-03-30T21:16:11+02:00,cdt2,idt2a,0,0.87665,31.9124,20.9346,0.95,1,0.98,0,0,closed
1774898175802,2026-03-30T21:16:15+02:00,cdt2,idt2a,0,0.868446,31.8744,20.943,0.95,10,0.98,0,0,closed
1774898179815,2026-03-30T21:16:19+02:00,cdt2,idt2a,0,0.866104,32.0901,20.9233,0.95,1,0.98,0,0,closed
1774898183789,2026-03-30T21:16:23+02:00,cdt2,idt2a,0,0.865162,32.1656,20.9356,0.95,10,0.98,0,0,closed
1774898187007,2026-03-30T21:16:27+02:00,cdt2,idt2a,0,0.864504,32.2274,20.9439,0.95,10,0.98,0,0,closed
1774898190995,2026-03-30T21:16:30+02:00,cdt2,idt2a,0,0.882923,32.596,20.8991,0.95,10,0.98,0,0,closed
1774898194997,2026-03-30T21:16:34+02:00,cdt2,idt2a,0,0.887859,32.844,20.9533,0.95,10,0.98,0,0,closed
1774898198996,2026-03-30T21:16:38+02:00,cdt2,idt2a,0,0.890693,32.9336,20.9678,0.95,10,0.98,0,0,closed
1774898202995,2026-03-30T21:16:42+02:00,cdt2,idt2a,0,0.909089,33.1489,20.9716,0.95,10,0.98,0,0,closed
1774898206998,2026-03-30T21:16:46+02:00,cdt2,idt2a,0,0.905847,33.3108,20.9504,0.95,1,0.98,0,0,closed
1774898210998,2026-03-30T21:16:50+02:00,cdt2,idt2a,0,0.910373,33.2684,20.955,0.95,10,0.98,0,0,closed
1774898215000,2026-03-30T21:16:55+02:00,cdt2,idt2a,0,0.907054,33.7439,20.9753,0.95,10,0.98,0,0,closed
1774898218276,2026-03-30T21:16:58+02:00,cdt2,idt2a,0,0.905584,33.5477,20.9832,0.95,10,0.98,0,0,closed
1774898222265,2026-03-30T21:17:02+02:00,cdt2,idt2a,0,0.903242,33.6894,20.9816,0.95,10,0.98,0,0,closed
1774898226261,2026-03-30T21:17:06+02:00,cdt2,idt2a,0,0.921452,33.9865,20.9879,0.95,10,0.98,0,0,closed
1774898230277,2026-03-30T21:17:10+02:00,cdt2,idt2a,0,0.924829,34.0276,20.9672,0.95,1,0.98,0,0,closed
1774898234269,2026-03-30T21:17:14+02:00,cdt2,idt2a,0,0.921775,33.8193,20.9781,0.95,1,0.98,0,0,closed
1774898238282,2026-03-30T21:17:18+02:00,cdt2,idt2a,0,0.912864,33.9983,21.0213,0.95,10,0.98,0,0,closed
1774898242275,2026-03-30T21:17:22+02:00,cdt2,idt2a,0,0.916782,34.1836,20.9908,0.95,1,0.98,0,0,closed
1774898246267,2026-03-30T21:17:26+02:00,cdt2,idt2a,0,0.935867,34.1907,20.9951,0.95,10,0.98,0,0,closed
1774898249473,2026-03-30T21:17:29+02:00,cdt2,idt2a,0,0.932145,33.9277,21.0047,0.95,1,0.98,0,0,closed
1774898253472,2026-03-30T21:17:33+02:00,cdt2,idt2a,0,0.934177,34.0118,21.0003,0.95,1,0.98,0,0,closed
1774898257477,2026-03-30T21:17:37+02:00,cdt2,idt2a,0,0.931485,34.103,21.0139,0.95,1,0.98,0,0,closed
1774898261474,2026-03-30T21:17:41+02:00,cdt2,idt2a,0,0.927606,34.2714,21.0408,0.95,10,0.98,0,0,closed
1774898265477,2026-03-30T21:17:45+02:00,cdt2,idt2a,0,0.931813,34.3653,21.033,0.95,10,0.98,0,0,closed
1774898269472,2026-03-30T21:17:49+02:00,cdt2,idt2a,0,0.928005,34.2108,21.024,0.95,1,0.98,0,0,closed
1774898273471,2026-03-30T21:17:53+02:00,cdt2,idt2a,0,0.930668,34.2362,21.0083,0.95,10,0.98,0,0,closed
1774898277471,2026-03-30T21:17:57+02:00,cdt2,idt2a,0,0.922538,34.5552,21.0249,0.95,1,0.98,0,0,closed
1774898280697,2026-03-30T21:18:00+02:00,cdt2,idt2a,0,0.928031,34.5111,21.0511,0.95,10,0.98,0,0,closed
1774898284698,2026-03-30T21:18:04+02:00,cdt2,idt2a,0,0.926283,34.4596,21.0339,0.95,1,0.98,0,0,closed
1774898288692,2026-03-30T21:18:08+02:00,cdt2,idt2a,0,0.930348,34.8366,21.0088,0.95,1,0.98,0,0,closed
1774898292694,2026-03-30T21:18:12+02:00,cdt2,idt2a,0,0.93647,34.8604,21.0049,0.95,10,0.98,0,0,closed
1774898296693,2026-03-30T21:18:16+02:00,cdt2,idt2a,0,0.945088,34.9438,20.9754,0.95,1,0.98,0,0,closed
1774898300695,2026-03-30T21:18:20+02:00,cdt2,idt2a,0,0.944106,35.0806,20.9905,0.95,1,0.98,0,0,closed
1774898304693,2026-03-30T21:18:24+02:00,cdt2,idt2a,0,0.956552,34.9544,20.9968,0.95,10,0.98,0,0,closed
1774898308696,2026-03-30T21:18:28+02:00,cdt2,idt2a,0,0.966607,34.522,20.9746,0.95,10,0.98,0,0,closed
1774898312694,2026-03-30T21:18:32+02:00,cdt2,idt2a,0,0.959772,34.4634,20.9662,0.95,10,0.98,0,0,closed
1774898315905,2026-03-30T21:18:35+02:00,cdt2,idt2a,0,0.95446,34.2935,20.9413,0.95,10,0.98,0,0,closed
1774898319904,2026-03-30T21:18:39+02:00,cdt2,idt2a,0,0.950319,34.4286,20.942,0.95,10,0.98,0,0,closed
1774898323899,2026-03-30T21:18:43+02:00,cdt2,idt2a,0,0.941035,34.2449,20.9594,0.95,1,0.98,0,0,closed
1774898327900,2026-03-30T21:18:47+02:00,cdt2,idt2a,0,0.943216,34.5092,20.9406,0.95,1,0.98,0,0,closed
1774898331902,2026-03-30T21:18:51+02:00,cdt2,idt2a,0,0.926958,34.474,20.9414,0.95,10,0.98,0,0,closed
1774898335899,2026-03-30T21:18:55+02:00,cdt2,idt2a,0,0.928994,34.368,20.9252,0.95,10,0.98,0,0,closed
1774898339922,2026-03-30T21:18:59+02:00,cdt2,idt2a,0,0.940931,34.2464,20.9315,0.95,1,0.98,0,0,closed
1774898343898,2026-03-30T21:19:03+02:00,cdt2,idt2a,0,0.95133,34.6748,20.9107,0.95,1,0.98,0,0,closed
1774898347110,2026-03-30T21:19:07+02:00,cdt2,idt2a,0,0.955016,34.4901,20.9096,0.95,1,0.98,0,0,closed
1774898351111,2026-03-30T21:19:11+02:00,cdt2,idt2a,0,0.946379,34.5587,20.906,0.95,1,0.98,0,0,closed
1774898355114,2026-03-30T21:19:15+02:00,cdt2,idt2a,0,0.953903,34.3427,20.9123,0.95,1,0.98,0,0,closed
1774898359114,2026-03-30T21:19:19+02:00,cdt2,idt2a,0,0.950627,34.3555,20.9098,0.95,1,0.98,0,0,closed
1774898363108,2026-03-30T21:19:23+02:00,cdt2,idt2a,0,0.956472,34.5186,20.926,0.95,10,0.98,0,0,closed
1774898367109,2026-03-30T21:19:27+02:00,cdt2,idt2a,0,0.97312,34.4035,20.9481,0.95,10,0.98,0,0,closed
1774898371114,2026-03-30T21:19:31+02:00,cdt2,idt2a,0,0.97657,34.1068,20.9523,0.95,10,0.98,0,0,closed
1774898375124,2026-03-30T21:19:35+02:00,cdt2,idt2a,0,0.981523,33.956,20.9332,0.95,10,0.98,0,0,closed
1774898378315,2026-03-30T21:19:38+02:00,cdt2,idt2a,0,0.966193,34.4318,20.9489,0.95,10,0.98,0,0,closed
1774898382315,2026-03-30T21:19:42+02:00,cdt2,idt2a,0,0.975698,34.3858,20.966,0.95,1,0.98,0,0,closed
1774898386315,2026-03-30T21:19:46+02:00,cdt2,idt2a,0,0.980659,34.4941,20.9677,0.95,10,0.98,0,0,closed
1774898390334,2026-03-30T21:19:50+02:00,cdt2,idt2a,0,0.973351,34.5357,21.0099,0.95,10,0.98,0,0,closed
1774898394334,2026-03-30T21:19:54+02:00,cdt2,idt2a,0,0.986679,34.3499,20.9961,0.95,10,0.98,0,0,closed
1774898398333,2026-03-30T21:19:58+02:00,cdt2,idt2a,0,0.997264,34.6195,21.0129,0.95,10,0.98,0,0,closed
1774898402326,2026-03-30T21:20:02+02:00,cdt2,idt2a,0,0.997513,34.2708,21.0206,0.95,10,0.98,0,0,closed
1774898406330,2026-03-30T21:20:06+02:00,cdt2,idt2a,0,1.0077,34.2441,21.0375,0.95,1,0.98,0,0,closed
1774898409517,2026-03-30T21:20:09+02:00,cdt2,idt2a,0,1.00838,34.0403,21.014,0.95,10,0.98,0,0,closed
1774898413517,2026-03-30T21:20:13+02:00,cdt2,idt2a,0,1.01823,34.0889,21.03,0.95,10,0.98,0,0,closed
1774898417532,2026-03-30T21:20:17+02:00,cdt2,idt2a,0,1.01873,34.3361,21.0028,0.95,10,0.98,0,0,closed
1774898421528,2026-03-30T21:20:21+02:00,cdt2,idt2a,0,1.01501,34.0165,21.0224,0.95,10,0.98,0,0,closed
1774898425538,2026-03-30T21:20:25+02:00,cdt2,idt2a,0,1.03072,34.0678,20.9885,0.95,10,0.98,0,0,closed
1774898429540,2026-03-30T21:20:29+02:00,cdt2,idt2a,0,1.03431,34.1742,20.9908,0.95,1,0.98,0,0,closed
1774898433519,2026-03-30T21:20:33+02:00,cdt2,idt2a,0,1.03762,33.945,20.9644,0.95,10,0.98,0,0,closed
1774898437525,2026-03-30T21:20:37+02:00,cdt2,idt2a,0,1.01293,33.471,20.961,0.95,10,0.98,0,0,closed
1774898440790,2026-03-30T21:20:40+02:00,cdt2,idt2a,0,1.01849,33.3186,20.9677,0.95,1,0.98,0,0,closed
1774898444795,2026-03-30T21:20:44+02:00,cdt2,idt2a,0,1.02044,33.084,20.9849,0.95,10,0.98,0,0,closed
1774898448800,2026-03-30T21:20:48+02:00,cdt2,idt2a,0,1.02327,32.942,20.9614,0.95,10,0.98,0,0,closed
1774898452801,2026-03-30T21:20:52+02:00,cdt2,idt2a,0,1.03696,32.9031,20.9617,0.95,1,0.98,0,0,closed
1774898456798,2026-03-30T21:20:56+02:00,cdt2,idt2a,0,1.04377,32.8687,20.979,0.95,10,0.98,0,0,closed
1774898460790,2026-03-30T21:21:00+02:00,cdt2,idt2a,0,1.03559,33.4172,20.9965,0.95,10,0.98,0,0,closed
1774898464792,2026-03-30T21:21:04+02:00,cdt2,idt2a,0,1.03231,33.3928,21.0273,0.95,1,0.98,0,0,closed
1774898468798,2026-03-30T21:21:08+02:00,cdt2,idt2a,0,1.04087,33.5116,21.0157,0.95,10,0.98,0,0,closed
1774898472031,2026-03-30T21:21:12+02:00,cdt2,idt2a,0,1.06633,33.4114,21.0577,0.95,10,0.98,0,0,closed
1774898476032,2026-03-30T21:21:16+02:00,cdt2,idt2a,0,1.07865,33.3098,21.0378,0.95,1,0.98,0,0,closed
1774898480028,2026-03-30T21:21:20+02:00,cdt2,idt2a,0,1.0836,33.6517,21.0455,0.95,10,0.98,0,0,closed
1774898484041,2026-03-30T21:21:24+02:00,cdt2,idt2a,0,1.08661,33.9502,21.0607,0.95,10,0.98,0,0,closed
1774898488052,2026-03-30T21:21:28+02:00,cdt2,idt2a,0,1.08819,34.1112,21.0379,0.95,1,0.98,0,0,closed
1774898492050,2026-03-30T21:21:32+02:00,cdt2,idt2a,0,1.09166,34.3245,21.0181,0.95,10,0.98,0,0,closed
1774898496036,2026-03-30T21:21:36+02:00,cdt2,idt2a,0,1.08278,34.3811,21.0018,0.95,10,0.98,0,0,closed
1774898500031,2026-03-30T21:21:40+02:00,cdt2,idt2a,0,1.08536,34.4364,20.9836,0.95,1,0.98,0,0,closed
1774898503292,2026-03-30T21:21:43+02:00,cdt2,idt2a,0,1.07882,34.6636,20.9808,0.95,10,0.98,0,0,closed
1774898507275,2026-03-30T21:21:47+02:00,cdt2,idt2a,0,1.08614,34.7142,20.9751,0.95,10,0.98,0,0,closed
1774898511297,2026-03-30T21:21:51+02:00,cdt2,idt2a,0,1.08148,34.7138,20.9888,0.95,1,0.98,0,0,closed
1774898515269,2026-03-30T21:21:55+02:00,cdt2,idt2a,0,1.08077,35.0065,21.0002,0.95,10,0.98,0,0,closed
1774898519317,2026-03-30T21:21:59+02:00,cdt2,idt2a,0,1.09017,35.363,20.986,0.95,1,0.98,0,0,closed
1774898523290,2026-03-30T21:22:03+02:00,cdt2,idt2a,0,1.09032,35.7847,20.9793,0.95,10,0.98,0,0,closed
1774898527260,2026-03-30T21:22:07+02:00,cdt2,idt2a,0,1.09518,35.5677,20.9491,0.95,10,0.98,0,0,closed
1774898531283,2026-03-30T21:22:11+02:00,cdt2,idt2a,0,1.08726,35.2718,20.9529,0.95,1,0.98,0,0,closed
1774898534542,2026-03-30T21:22:14+02:00,cdt2,idt2a,0,1.09204,35.1248,20.9714,0.95,10,0.98,0,0,closed
1774898538525,2026-03-30T21:22:18+02:00,cdt2,idt2a,0,1.08864,35.0603,20.9565,0.95,10,0.98,0,0,closed
1774898542486,2026-03-30T21:22:22+02:00,cdt2,idt2a,0,1.10306,35.2713,20.952,0.95,10,0.98,0,0,closed
1774898546482,2026-03-30T21:22:26+02:00,cdt2,idt2a,0,1.10534,35.1407,20.957,0.95,10,0.98,0,0,closed
1774898550480,2026-03-30T21:22:30+02:00,cdt2,idt2a,0,1.11847,35.0719,20.9817,0.95,10,0.98,0,0,closed
1774898554518,2026-03-30T21:22:34+02:00,cdt2,idt2a,0,1.12656,35.1394,20.994,0.95,1,0.98,0,0,closed
1774898558510,2026-03-30T21:22:38+02:00,cdt2,idt2a,0,1.11722,34.9484,21.0086,0.95,10,0.98,0,0,closed
1774898562482,2026-03-30T21:22:42+02:00,cdt2,idt2a,0,1.13057,34.8545,21.0258,0.95,10,0.98,0,0,closed
1774898565723,2026-03-30T21:22:45+02:00,cdt2,idt2a,0,1.1312,34.8658,21.0263,0.95,1,0.98,0,0,closed
1774898569703,2026-03-30T21:22:49+02:00,cdt2,idt2a,0,1.13602,34.9559,21.0484,0.95,10,0.98,0,0,closed
1774898573701,2026-03-30T21:22:53+02:00,cdt2,idt2a,0,1.14877,35.2666,21.0287,0.95,1,0.98,0,0,closed
1774898577702,2026-03-30T21:22:57+02:00,cdt2,idt2a,0,1.13461,35.3056,21.0697,0.95,1,0.98,0,0,closed
1774898581708,2026-03-30T21:23:01+02:00,cdt2,idt2a,0,1.12931,35.1556,21.0642,0.95,10,0.98,0,0,closed
1774898585703,2026-03-30T21:23:05+02:00,cdt2,idt2a,0,1.12741,34.908,21.0877,0.95,10,0.98,0,0,closed
1774898589726,2026-03-30T21:23:09+02:00,cdt2,idt2a,0,1.13734,35.3303,21.1016,0.95,1,0.98,0,0,closed
1774898593752,2026-03-30T21:23:13+02:00,cdt2,idt2a,0,1.13672,35.5007,21.0954,0.95,10,0.98,0,0,closed
1774898596946,2026-03-30T21:23:16+02:00,cdt2,idt2a,0,1.14799,35.5362,21.0894,0.95,10,0.98,0,0,closed
1774898600946,2026-03-30T21:23:20+02:00,cdt2,idt2a,0,1.14983,35.3099,21.0688,0.95,1,0.98,0,0,closed
1774898604946,2026-03-30T21:23:24+02:00,cdt2,idt2a,0,1.15212,35.6245,21.0941,0.95,1,0.98,0,0,closed
1774898608946,2026-03-30T21:23:28+02:00,cdt2,idt2a,0,1.15533,35.5964,21.0803,0.95,10,0.98,0,0,closed
1774898612931,2026-03-30T21:23:32+02:00,cdt2,idt2a,0,1.16964,35.8387,21.0866,0.95,10,0.98,0,0,closed
1774898616936,2026-03-30T21:23:36+02:00,cdt2,idt2a,0,1.16189,36.0573,21.1017,0.95,10,0.98,0,0,closed
1774898620932,2026-03-30T21:23:40+02:00,cdt2,idt2a,0,1.16959,35.8549,21.1215,0.95,10,0.98,0,0,closed
1774898624931,2026-03-30T21:23:44+02:00,cdt2,idt2a,0,1.16834,35.7147,21.0801,0.95,10,0.98,0,0,closed
1774898628155,2026-03-30T21:23:48+02:00,cdt2,idt2a,0,1.17724,35.7968,21.1136,0.95,1,0.98,0,0,closed
1774898632154,2026-03-30T21:23:52+02:00,cdt2,idt2a,0,1.17936,35.5868,21.082,0.95,1,0.98,0,0,closed
1774898636154,2026-03-30T21:23:56+02:00,cdt2,idt2a,0,1.19205,35.5045,21.059,0.95,1,0.98,0,0,closed
1774898640153,2026-03-30T21:24:00+02:00,cdt2,idt2a,0,1.1992,35.3361,21.0605,0.95,1,0.98,0,0,closed
1774898644150,2026-03-30T21:24:04+02:00,cdt2,idt2a,0,1.19454,35.5449,21.0443,0.95,10,0.98,0,0,closed
1774898648150,2026-03-30T21:24:08+02:00,cdt2,idt2a,0,1.22088,35.8085,21.0302,0.95,10,0.98,0,0,closed
1774898652146,2026-03-30T21:24:12+02:00,cdt2,idt2a,0,1.22912,36.1817,21.0603,0.95,10,0.98,0,0,closed
1774898656172,2026-03-30T21:24:16+02:00,cdt2,idt2a,0,1.22251,36.3035,21.0763,0.95,10,0.98,0,0,closed
1774898659386,2026-03-30T21:24:19+02:00,cdt2,idt2a,0,1.2325,36.674,21.0795,0.95,1,0.98,0,0,closed
1774898663376,2026-03-30T21:24:23+02:00,cdt2,idt2a,0,1.23228,36.6607,21.0761,0.95,10,0.98,0,0,closed
1774898667388,2026-03-30T21:24:27+02:00,cdt2,idt2a,0,1.24201,36.8591,21.0611,0.95,10,0.98,0,0,closed
1774898671392,2026-03-30T21:24:31+02:00,cdt2,idt2a,0,1.24367,36.8042,21.0822,0.95,1,0.98,0,0,closed
1774898675395,2026-03-30T21:24:35+02:00,cdt2,idt2a,0,1.24104,36.9351,21.0841,0.95,1,0.98,0,0,closed
1774898679383,2026-03-30T21:24:39+02:00,cdt2,idt2a,0,1.24232,36.9606,21.0867,0.95,10,0.98,0,0,closed
1774898683433,2026-03-30T21:24:43+02:00,cdt2,idt2a,0,1.25073,37.2487,21.0881,0.95,10,0.98,0,0,closed
1774898687433,2026-03-30T21:24:47+02:00,cdt2,idt2a,0,1.2576,37.128,21.079,0.95,10,0.98,0,0,closed
1774898690654,2026-03-30T21:24:50+02:00,cdt2,idt2a,0,1.27253,37.0571,21.0574,0.95,1,0.98,0,0,closed
1774898694655,2026-03-30T21:24:54+02:00,cdt2,idt2a,0,1.27517,36.97,21.0731,0.95,10,0.98,0,0,closed
1774898698609,2026-03-30T21:24:58+02:00,cdt2,idt2a,0,1.28083,37.175,21.1026,0.95,1,0.98,0,0,closed
1774898702612,2026-03-30T21:25:02+02:00,cdt2,idt2a,0,1.28892,37.2219,21.1015,0.95,10,0.98,0,0,closed
1774898706614,2026-03-30T21:25:06+02:00,cdt2,idt2a,0,1.28847,37.0418,21.0716,0.95,1,0.98,0,0,closed
1774898710611,2026-03-30T21:25:10+02:00,cdt2,idt2a,0,1.29205,36.9911,21.069,0.95,1,0.98,0,0,closed
1774898714609,2026-03-30T21:25:14+02:00,cdt2,idt2a,0,1.30187,36.803,21.0649,0.95,10,0.98,0,0,closed
1774898718606,2026-03-30T21:25:18+02:00,cdt2,idt2a,0,1.30262,37.1231,21.0934,0.95,1,0.98,0,0,closed
1774898721842,2026-03-30T21:25:21+02:00,cdt2,idt2a,0,1.29999,37.2436,21.0685,0.95,10,0.98,0,0,closed
1774898725843,2026-03-30T21:25:25+02:00,cdt2,idt2a,0,1.30694,37.2671,21.0752,0.95,1,0.98,0,0,closed
1774898729839,2026-03-30T21:25:29+02:00,cdt2,idt2a,0,1.30126,37.1941,21.0444,0.95,10,0.98,0,0,closed
1774898733836,2026-03-30T21:25:33+02:00,cdt2,idt2a,0,1.30225,37.0946,21.0457,0.95,1,0.98,0,0,closed
1774898737848,2026-03-30T21:25:37+02:00,cdt2,idt2a,0,1.31175,37.4102,21.0417,0.95,1,0.98,0,0,closed
1774898741848,2026-03-30T21:25:41+02:00,cdt2,idt2a,0,1.3003,37.4356,21.0435,0.95,1,0.98,0,0,closed
1774898745847,2026-03-30T21:25:45+02:00,cdt2,idt2a,0,1.29965,37.3705,21.0547,0.95,1,0.98,0,0,closed
1774898749850,2026-03-30T21:25:49+02:00,cdt2,idt2a,0,1.29765,37.2078,21.0236,0.95,1,0.98,0,0,closed
1774898753110,2026-03-30T21:25:53+02:00,cdt2,idt2a,0,1.29392,36.9604,21.0316,0.95,1,0.98,0,0,closed
1774898757104,2026-03-30T21:25:57+02:00,cdt2,idt2a,0,1.29363,37.0818,21.0199,0.95,1,0.98,0,0,closed
1774898761106,2026-03-30T21:26:01+02:00,cdt2,idt2a,0,1.29416,37.3337,21.0065,0.95,1,0.98,0,0,closed
1774898765105,2026-03-30T21:26:05+02:00,cdt2,idt2a,0,1.29615,37.488,20.9897,0.95,1,0.98,0,0,closed
1774898769101,2026-03-30T21:26:09+02:00,cdt2,idt2a,0,1.29015,37.7744,20.9717,0.95,1,0.98,0,0,closed
1774898773105,2026-03-30T21:26:13+02:00,cdt2,idt2a,0,1.29394,37.8793,20.9825,0.95,1,0.98,0,0,closed
